tipo_dia_fino,PUlocationID,0,1,2,3,4,5,6,7,8,9,10,11,12,13,14,15,16,17,18,19,20,21,22,23,24,25,26,27,28,29,30,31,32,33,34,35,36,37,38,39,40,41,42,43,44,45,46,47,48,49,50,51,52,53,54,55,56,57,58,59,60,61,62,63,64,65,66,67,68,69,70,71,72,73,74,75,76,77,78,79,80,81,82,83,84,85,86,87,88,89,90,91,92,93,94,95
DOMINGO,4.0,0.0,1.0,0.0,1.0,1.0,1.25,1.0,0.0,1.0,1.0,0.0,0.0,2.0,0.0,0.0,0.0,0.0,0.0,0.0,0.0,0.0,1.0,0.0,0.0,0.0,1.0,1.0,0.0,1.5,0.0,1.0,0.0,0.0,1.0,1.0,1.0,1.0,1.5,1.2857142857142858,1.3333333333333333,1.0,1.0,1.0,1.0,1.0,1.0,1.0,0.0,1.0,1.0,1.5,1.25,1.0,1.5,0.0,1.0,1.0,1.5,1.0,1.0,1.0,1.0,0.0,1.0,1.0,0.0,1.0,1.0,1.0,1.0,1.25,0.0,1.3333333333333333,1.0,1.0,1.0,1.3333333333333333,1.0,1.0,1.0,1.0,1.0,1.0,1.0,0.0,1.0,1.0,1.0,1.0,0.0,0.0,0.0,1.0,0.0,0.0,0.0
DOMINGO,12.0,0.0,0.0,0.0,0.0,0.0,0.0,0.0,0.0,0.0,0.0,0.0,0.0,0.0,0.0,0.0,0.0,0.0,0.0,0.0,0.0,0.0,0.0,0.0,0.0,0.0,0.0,0.0,0.0,0.0,0.0,0.0,0.0,0.0,0.0,0.0,0.0,0.0,0.0,0.0,0.0,0.0,1.0,0.0,0.0,0.0,0.0,0.0,0.0,0.0,0.0,0.0,0.0,0.0,0.0,0.0,0.0,0.0,1.0,0.0,1.0,0.0,0.0,1.0,1.0,0.0,0.0,0.0,0.0,0.0,0.0,0.0,0.0,0.0,0.0,0.0,0.0,0.0,0.0,0.0,1.0,0.0,0.0,0.0,0.0,0.0,0.0,0.0,0.0,0.0,0.0,0.0,0.0,0.0,0.0,0.0,0.0
DOMINGO,13.0,0.0,0.0,0.0,0.0,0.0,1.0,0.0,0.0,0.0,0.0,0.0,0.0,0.0,0.0,0.0,0.0,0.0,0.0,0.0,0.0,0.0,0.0,0.0,1.0,1.0,1.0,0.0,1.0,0.0,1.0,0.0,1.0,1.0,1.0,1.0,2.0,1.0,1.0,1.5,1.5,1.0,1.0,1.0,1.0,1.0,1.0,1.25,1.0,1.6,1.0,1.0,2.0,1.0,1.0,1.3333333333333333,0.0,1.0,1.0,1.0,1.0,1.0,1.0,1.25,2.0,1.25,1.0,1.0,1.0,1.0,1.0,1.0,1.0,1.0,1.0,1.0,2.0,1.0,1.0,1.25,1.0,1.0,1.0,1.0,1.0,1.0,1.0,1.0,1.0,1.0,0.0,1.0,0.0,0.0,0.0,0.0,0.0
DOMINGO,24.0,0.0,0.0,0.0,0.0,1.0,0.0,1.0,0.0,0.0,0.0,0.0,0.0,0.0,0.0,0.0,0.0,0.0,1.0,0.0,0.0,0.0,1.0,0.0,0.0,0.0,0.0,0.0,0.0,0.0,1.0,0.0,1.0,1.0,1.0,0.0,1.0,1.0,1.0,1.0,1.0,1.0,0.0,1.3333333333333333,0.0,1.0,0.0,0.0,1.0,1.0,1.0,1.2,1.0,0.0,0.0,1.0,0.0,0.0,0.0,0.0,1.0,0.0,1.0,1.0,1.0,0.0,0.0,0.0,1.0,1.0,0.0,0.0,0.0,1.0,0.0,0.0,0.0,1.0,1.0,0.0,1.0,0.0,0.0,2.0,0.0,0.0,0.0,1.0,1.0,0.0,0.0,0.0,1.0,1.0,1.0,0.0,0.0
DOMINGO,41.0,1.0,1.0,1.0,1.5,0.0,0.0,2.0,0.0,0.0,0.0,0.0,0.0,0.0,0.0,1.0,0.0,0.0,0.0,0.0,0.0,1.0,0.0,1.0,1.0,0.0,0.0,1.0,1.0,1.0,1.0,0.0,0.0,1.0,1.0,1.0,1.2,1.0,1.25,1.3333333333333333,1.8571428571428572,1.25,1.5,1.2,1.0,1.0,1.2,1.8333333333333333,2.0,1.1666666666666667,1.2857142857142858,1.5,1.5,1.1666666666666667,1.2857142857142858,2.0,1.6,1.0,1.25,1.6666666666666667,1.0,1.75,1.25,1.2,1.0,1.25,1.0,1.0,1.5,1.0,1.25,1.0,1.25,1.0,1.0,1.0,1.25,1.2,1.0,1.0,1.0,2.0,0.0,1.0,0.0,1.0,1.0,0.0,1.0,0.0,0.0,0.0,1.0,0.0,0.0,0.0,0.0
DOMINGO,42.0,1.0,1.0,1.0,1.0,0.0,0.0,1.0,0.0,0.0,0.0,0.0,0.0,1.0,1.0,0.0,0.0,1.0,0.0,0.0,1.0,1.0,0.0,1.0,1.0,0.0,0.0,0.0,1.5,2.0,1.0,0.0,0.0,1.0,1.0,1.3333333333333333,1.2,1.8333333333333333,2.2,2.2222222222222223,1.8571428571428572,1.8888888888888888,2.0,2.2,1.2,1.3333333333333333,1.25,1.0,1.375,2.625,1.8333333333333333,2.5,1.5714285714285714,1.5,1.25,1.6666666666666667,1.6666666666666667,1.4,1.0,1.0,1.3333333333333333,1.3333333333333333,1.5,1.3333333333333333,1.3333333333333333,1.0,1.0,1.0,1.0,1.5,1.6666666666666667,1.0,1.0,1.3333333333333333,1.3333333333333333,1.3333333333333333,1.5,1.0,1.0,1.5,1.0,1.0,1.0,1.0,1.0,1.0,1.0,1.5,1.3333333333333333,0.0,1.0,1.5,1.0,0.0,0.0,0.0,1.0
DOMINGO,43.0,1.0,0.0,0.0,0.0,0.0,0.0,0.0,1.0,0.0,0.0,0.0,0.0,0.0,0.0,1.0,0.0,0.0,1.0,0.0,0.0,0.0,0.0,0.0,0.0,0.0,0.0,0.0,0.0,0.0,0.0,0.0,0.0,1.0,0.0,0.0,1.0,0.0,0.0,0.0,0.0,1.0,0.0,1.0,0.0,0.0,0.0,1.0,1.0,0.0,0.0,0.0,1.0,1.0,1.0,1.0,1.0,2.0,1.0,1.0,1.0,0.0,1.0,1.0,1.0,1.0,1.0,1.0,1.0,1.0,1.5,1.0,1.0,1.5,0.0,0.0,1.25,0.0,1.0,0.0,1.0,1.0,0.0,1.0,1.0,0.0,0.0,1.0,1.0,0.0,0.0,0.0,0.0,0.0,0.0,0.0,0.0
DOMINGO,45.0,0.0,0.0,0.0,1.0,0.0,0.0,0.0,1.0,0.0,0.0,1.0,0.0,0.0,0.0,0.0,0.0,0.0,0.0,0.0,0.0,0.0,0.0,0.0,0.0,1.0,1.0,0.0,0.0,0.0,0.0,0.0,0.0,0.0,1.0,0.0,0.0,1.0,0.0,1.0,1.0,1.3333333333333333,1.0,0.0,1.0,1.0,1.0,1.0,1.0,1.0,1.0,0.0,0.0,1.0,1.25,1.0,1.1666666666666667,1.2,1.0,0.0,1.0,0.0,0.0,1.0,1.0,1.5,1.0,1.5,1.0,1.0,1.0,1.0,1.0,1.0,1.0,1.0,0.0,1.0,0.0,0.0,1.0,0.0,0.0,1.0,1.3333333333333333,0.0,1.0,1.0,0.0,1.0,0.0,0.0,0.0,0.0,0.0,0.0,1.0
DOMINGO,48.0,1.0,1.0,1.5,0.0,1.0,1.0,2.0,1.0,1.0,1.0,1.0,1.0,1.0,1.0,1.0,0.0,0.0,0.0,0.0,0.0,1.0,0.0,0.0,0.0,1.0,1.0,1.0,1.0,1.0,0.0,0.0,1.0,1.0,1.3333333333333333,1.0,1.0,1.0,1.3333333333333333,1.5,1.0,1.0,1.6,1.0,1.3333333333333333,1.0,1.0,1.0,1.0,1.4,1.0,1.0,1.0,1.5,1.0,1.0,1.0,1.25,0.0,1.0,0.0,1.4,1.25,1.0,1.5,1.25,1.0,1.6666666666666667,1.0,1.0,1.25,1.4,1.5,1.2,1.25,1.0,1.5,1.0,1.75,1.25,1.3333333333333333,1.5,0.0,1.0,1.0,2.0,1.25,1.5,1.0,1.2,1.0,1.0,1.0,0.0,0.0,1.0,0.0
DOMINGO,50.0,1.0,1.0,1.0,1.0,1.0,1.3333333333333333,0.0,1.0,0.0,1.0,1.0,0.0,0.0,0.0,1.0,1.0,1.0,0.0,1.0,0.0,0.0,0.0,0.0,0.0,0.0,1.0,1.0,1.0,0.0,1.0,2.0,0.0,2.0,1.0,1.4,1.6666666666666667,1.375,1.6,1.5,1.0,1.25,1.0,1.4,1.0,1.0,1.25,1.2,1.0,1.0,1.25,1.0,2.5,1.3333333333333333,1.0,1.0,1.5,1.2,1.0,1.0,1.25,1.0,1.25,1.0,1.0,1.5,1.0,1.0,1.0,1.0,1.0,1.25,1.25,1.0,1.0,1.2,1.0,1.0,1.5,1.0,1.1666666666666667,1.3333333333333333,1.0,1.0,1.0,1.0,1.0,1.0,1.0,1.0,1.0,0.0,0.0,0.0,0.0,0.0,0.0
DOMINGO,68.0,1.0,1.0,0.0,1.0,1.0,1.0,1.0,1.0,1.0,0.0,1.0,1.0,0.0,1.0,0.0,0.0,0.0,0.0,0.0,0.0,0.0,1.0,0.0,1.0,0.0,0.0,1.0,0.0,0.0,1.0,1.0,0.0,1.0,0.0,0.0,1.0,1.0,2.25,1.0,1.3333333333333333,1.25,1.2,1.0,2.0,1.0,1.0,1.5,1.25,1.3333333333333333,1.5,1.2,1.0,1.0,1.25,1.0,1.2,2.6666666666666665,1.0,1.0,1.0,1.5,2.0,1.0,1.5,1.5,2.0,1.4,1.3333333333333333,1.4,1.75,1.1666666666666667,1.2,2.0,1.6666666666666667,1.0,1.0,1.6666666666666667,1.0,1.5,1.5,1.0,1.5,1.0,1.0,2.0,1.0,1.0,1.0,2.0,1.0,0.0,1.0,1.5,1.0,0.0,1.0
DOMINGO,74.0,1.0,1.0,0.0,1.0,1.0,0.0,1.0,0.0,1.0,0.0,1.0,0.0,1.0,0.0,0.0,0.0,0.0,0.0,1.0,1.0,1.0,0.0,1.0,0.0,1.0,0.0,1.0,1.0,1.0,0.0,1.0,1.3333333333333333,1.0,1.0,1.0,1.3333333333333333,1.5555555555555556,1.6,1.7142857142857142,1.6,1.5,1.3333333333333333,1.3333333333333333,1.0,1.0,2.0,1.5,1.625,1.5,1.5,1.0,1.6,1.4,1.0,1.0,1.2,1.2,1.0,1.5,1.25,1.25,2.0,1.0,1.0,2.0,1.3333333333333333,1.0,2.0,1.75,1.0,1.5,1.5,2.0,1.0,1.2,1.5,1.3333333333333333,1.0,1.2,1.0,1.0,1.3333333333333333,1.0,1.0,1.0,1.25,1.0,1.0,0.0,1.0,1.0,1.0,1.0,1.0,1.0,0.0
DOMINGO,75.0,0.0,1.0,0.0,1.0,0.0,1.3333333333333333,0.0,0.0,0.0,0.0,0.0,0.0,0.0,0.0,0.0,0.0,1.0,0.0,0.0,1.0,1.0,1.0,1.0,1.0,1.0,1.0,1.0,1.3333333333333333,1.0,1.0,1.0,1.0,1.0,1.0,1.3333333333333333,1.25,2.1666666666666665,1.4,1.75,1.7142857142857142,1.3333333333333333,1.1666666666666667,1.2,1.25,1.1666666666666667,1.0,1.25,1.0,1.0,1.0,1.5,1.0,1.25,1.5,1.3333333333333333,1.25,1.5,1.6666666666666667,1.0,1.0,1.0,1.0,1.0,1.4,1.25,1.0,1.3333333333333333,1.1666666666666667,1.0,1.0,1.75,1.3333333333333333,2.0,1.5,1.0,1.0,1.2,1.0,1.0,1.5,1.0,1.0,1.0,0.0,1.0,1.0,0.0,0.0,2.0,1.0,0.0,0.0,1.0,0.0,0.0,0.0
DOMINGO,79.0,1.3333333333333333,1.5,1.5,1.25,1.2,2.25,1.2857142857142858,1.2,1.5,1.0,1.0,1.3333333333333333,1.0,1.0,1.0,0.0,0.0,1.0,1.0,0.0,0.0,0.0,1.0,1.0,1.0,0.0,1.0,1.0,1.0,1.0,1.0,1.0,1.0,1.0,0.0,1.0,1.0,2.0,1.0,2.0,1.0,2.0,1.0,1.0,1.5,1.6666666666666667,1.0,1.3333333333333333,1.2,2.2,1.0,1.3333333333333333,1.0,2.0,1.0,1.5,2.0,1.8,1.0,1.6666666666666667,1.25,1.0,1.0,2.0,1.0,1.5,1.8,1.0,1.2,1.5,1.4,1.0,1.0,1.3333333333333333,1.2,1.3333333333333333,1.6,2.0,1.0,1.5,1.3333333333333333,1.25,1.0,1.5,1.3333333333333333,1.0,1.5,1.0,1.0,1.0,1.0,2.0,1.5,0.0,1.0,1.0
DOMINGO,87.0,0.0,1.0,1.0,1.0,1.0,0.0,0.0,1.0,1.0,0.0,0.0,0.0,1.0,0.0,0.0,0.0,1.0,0.0,1.0,0.0,0.0,1.0,1.0,0.0,0.0,0.0,0.0,0.0,0.0,1.0,1.0,0.0,1.0,1.0,1.0,1.0,0.0,1.0,1.0,1.0,1.0,1.0,1.0,1.0,1.0,1.25,1.0,1.5,1.0,1.0,1.0,1.25,1.5,1.0,2.0,1.0,1.0,1.0,1.3333333333333333,1.0,1.0,1.0,0.0,1.5,2.0,1.0,1.0,1.3333333333333333,1.0,1.5,1.0,1.0,1.0,1.1666666666666667,1.4,1.0,1.0,1.3333333333333333,1.6,1.0,1.4,1.0,0.0,1.0,1.5,1.0,1.0,1.0,1.0,1.0,0.0,1.0,1.0,0.0,1.0,0.0
DOMINGO,88.0,1.0,1.0,1.0,1.0,1.0,0.0,0.0,0.0,2.0,0.0,0.0,0.0,1.0,0.0,0.0,0.0,0.0,0.0,0.0,0.0,0.0,0.0,0.0,0.0,0.0,0.0,0.0,0.0,0.0,0.0,0.0,0.0,1.0,1.0,1.0,1.0,0.0,1.0,0.0,0.0,1.0,1.0,0.0,1.0,1.0,0.0,2.0,2.0,1.0,1.0,1.0,1.0,0.0,1.0,1.0,0.0,1.0,1.0,0.0,2.0,1.0,0.0,0.0,0.0,1.0,1.0,1.0,1.0,1.2,1.5,1.0,1.0,1.0,1.0,2.0,1.0,0.0,1.0,1.3333333333333333,1.0,1.0,1.0,0.0,1.0,1.0,1.0,0.0,1.0,1.0,0.0,0.0,0.0,0.0,0.0,0.0,0.0
DOMINGO,90.0,1.0,1.0,1.0,1.0,0.0,0.0,0.0,1.0,0.0,0.0,0.0,1.0,0.0,0.0,1.0,0.0,1.0,0.0,0.0,0.0,1.0,1.0,0.0,0.0,0.0,1.0,0.0,0.0,0.0,0.0,0.0,0.0,2.0,1.0,1.0,1.0,0.0,1.6666666666666667,2.0,1.0,1.0,1.0,1.0,1.0,1.0,1.0,1.0,1.0,1.0,1.5,0.0,1.0,1.0,1.0,1.0,1.5,1.0,0.0,1.0,0.0,1.0,1.0,1.5,1.3333333333333333,1.0,1.5,1.0,1.0,1.0,1.3333333333333333,1.0,1.0,1.0,1.0,1.0,1.0,1.0,1.0,1.3333333333333333,1.0,2.3333333333333335,1.75,1.0,1.0,0.0,1.0,1.0,1.0,1.0,0.0,1.0,0.0,1.0,0.0,1.0,0.0
DOMINGO,100.0,0.0,1.0,1.0,1.0,1.0,0.0,0.0,0.0,0.0,0.0,0.0,1.0,0.0,0.0,0.0,0.0,0.0,0.0,0.0,0.0,0.0,0.0,0.0,0.0,0.0,0.0,0.0,0.0,1.0,0.0,1.0,0.0,0.0,2.0,0.0,0.0,0.0,0.0,1.0,1.0,1.0,1.0,1.0,1.0,1.0,1.3333333333333333,0.0,0.0,1.0,1.0,2.0,1.0,1.0,1.0,2.0,1.0,1.5,1.0,0.0,0.0,1.0,2.0,1.0,1.0,0.0,1.0,1.0,2.0,1.0,1.0,1.0,1.0,1.0,0.0,1.5,1.5,1.0,1.0,0.0,1.0,1.0,1.0,1.0,0.0,1.0,1.0,1.0,1.0,1.0,0.0,0.0,1.0,1.0,0.0,1.0,0.0
DOMINGO,107.0,1.0,1.0,1.0,0.0,1.0,0.0,0.0,0.0,0.0,1.0,0.0,0.0,0.0,0.0,0.0,0.0,0.0,0.0,0.0,0.0,0.0,0.0,0.0,0.0,0.0,0.0,0.0,0.0,1.0,1.0,1.0,0.0,1.0,0.0,1.0,1.0,1.0,2.0,1.0,1.5,1.0,2.0,1.0,0.0,1.0,0.0,1.0,1.0,0.0,1.0,1.0,1.0,1.0,1.5,1.0,1.0,0.0,1.0,1.0,1.0,1.0,1.0,1.0,0.0,2.0,0.0,1.5,1.0,1.0,1.0,1.0,1.0,1.0,1.0,1.3333333333333333,1.3333333333333333,1.0,1.0,1.25,1.0,1.3333333333333333,1.3333333333333333,1.0,0.0,1.0,1.0,0.0,1.5,2.0,0.0,1.0,1.0,0.0,1.0,0.0,0.0
DOMINGO,113.0,1.5,1.5,1.0,1.0,1.0,1.0,1.0,0.0,0.0,1.0,0.0,0.0,0.0,0.0,0.0,0.0,0.0,1.0,0.0,0.0,0.0,0.0,0.0,0.0,0.0,1.0,0.0,1.0,0.0,0.0,0.0,0.0,1.0,0.0,1.0,0.0,1.0,1.0,1.0,0.0,0.0,1.5,1.0,0.0,1.0,0.0,1.0,1.25,1.0,1.0,1.0,1.0,1.0,1.0,0.0,1.0,1.0,0.0,1.5,1.0,1.0,1.5,1.0,1.0,2.0,0.0,1.5,1.0,1.0,2.0,1.5,1.0,1.0,0.0,1.0,1.0,1.0,1.0,1.0,1.0,1.0,1.0,1.0,1.0,1.0,1.5,2.0,1.0,1.0,0.0,0.0,0.0,1.0,0.0,1.0,1.0
DOMINGO,114.0,1.6666666666666667,1.25,1.0,1.0,1.0,1.0,1.0,1.0,2.0,1.0,0.0,1.0,0.0,0.0,1.0,0.0,0.0,0.0,0.0,0.0,1.0,0.0,0.0,1.0,0.0,0.0,0.0,0.0,0.0,0.0,1.0,1.0,0.0,1.0,1.0,0.0,0.0,1.0,0.0,0.0,0.0,1.0,1.0,1.0,1.0,0.0,1.0,2.0,1.0,2.0,1.0,1.0,0.0,1.0,1.0,1.0,1.0,1.0,1.0,0.0,1.0,1.0,1.0,1.0,1.6666666666666667,1.0,1.1666666666666667,0.0,1.0,2.0,1.0,1.0,1.0,0.0,1.0,1.6666666666666667,0.0,1.0,1.0,1.5,1.5,1.0,1.0,1.0,1.0,1.3333333333333333,1.25,0.0,1.5,1.0,1.0,2.0,1.0,0.0,1.0,0.0
DOMINGO,116.0,0.0,1.0,1.0,0.0,1.0,1.0,1.0,1.0,1.0,0.0,0.0,0.0,0.0,0.0,0.0,0.0,0.0,0.0,0.0,0.0,0.0,0.0,0.0,0.0,1.0,0.0,0.0,0.0,1.0,0.0,2.0,0.0,1.0,1.0,1.0,1.5,1.0,1.0,1.1666666666666667,1.5,1.0,1.25,1.2,1.0,1.0,1.0,1.0,1.0,1.0,1.5714285714285714,1.6666666666666667,1.0,1.75,1.3333333333333333,1.0,1.75,1.0,1.25,1.0,1.0,1.5,1.0,1.0,1.0,1.0,1.0,1.0,1.0,1.0,1.0,1.0,0.0,1.0,1.0,1.0,0.0,0.0,0.0,1.0,1.0,1.0,0.0,0.0,1.0,0.0,0.0,1.0,0.0,2.0,0.0,1.0,0.0,1.0,0.0,1.0,0.0
DOMINGO,120.0,0.0,0.0,0.0,0.0,0.0,0.0,0.0,0.0,0.0,0.0,0.0,0.0,0.0,0.0,0.0,0.0,0.0,0.0,0.0,0.0,0.0,0.0,0.0,0.0,0.0,0.0,0.0,0.0,0.0,1.0,0.0,0.0,0.0,0.0,0.0,0.0,0.0,0.0,0.0,0.0,1.0,1.0,0.0,0.0,0.0,0.0,0.0,0.0,0.0,0.0,0.0,0.0,0.0,0.0,0.0,0.0,0.0,0.0,0.0,0.0,0.0,0.0,0.0,0.0,0.0,0.0,0.0,0.0,0.0,0.0,0.0,0.0,0.0,0.0,0.0,0.0,0.0,0.0,0.0,0.0,0.0,0.0,0.0,0.0,0.0,0.0,0.0,0.0,0.0,0.0,0.0,0.0,0.0,0.0,0.0,0.0
DOMINGO,125.0,0.0,1.0,2.0,1.0,0.0,0.0,0.0,1.0,0.0,1.5,0.0,1.0,1.0,0.0,1.0,0.0,0.0,0.0,0.0,0.0,0.0,0.0,0.0,0.0,0.0,0.0,1.0,1.0,0.0,0.0,0.0,0.0,1.0,0.0,1.0,0.0,1.0,1.0,1.0,0.0,0.0,2.0,1.0,1.0,0.0,1.0,1.0,0.0,0.0,1.0,1.0,0.0,0.0,0.0,1.0,0.0,0.0,1.0,1.0,1.0,1.0,1.0,0.0,1.0,0.0,1.0,0.0,1.0,1.0,1.0,1.0,1.0,2.0,1.0,1.0,1.0,1.0,1.0,1.0,1.0,1.0,0.0,1.0,0.0,1.0,1.0,1.0,1.0,0.0,1.0,0.0,1.0,1.0,0.0,0.0,0.0
DOMINGO,127.0,0.0,0.0,0.0,0.0,0.0,0.0,0.0,0.0,0.0,0.0,1.0,1.0,1.0,0.0,0.0,0.0,0.0,0.0,0.0,1.0,0.0,0.0,1.0,0.0,1.0,0.0,0.0,1.0,0.0,0.0,1.0,0.0,1.0,1.0,1.0,1.0,1.0,1.0,0.0,1.0,1.0,1.0,1.0,1.0,1.0,0.0,1.0,1.0,1.0,1.0,1.0,1.0,1.0,1.0,1.0,1.0,0.0,0.0,1.0,1.0,0.0,0.0,0.0,1.0,0.0,0.0,1.0,0.0,1.0,1.0,0.0,1.0,1.0,1.0,0.0,0.0,0.0,1.0,1.0,0.0,1.0,0.0,1.0,1.0,1.0,1.0,0.0,1.0,0.0,0.0,0.0,0.0,0.0,0.0,0.0,0.0
DOMINGO,128.0,0.0,0.0,0.0,0.0,0.0,0.0,0.0,0.0,0.0,0.0,0.0,0.0,0.0,0.0,0.0,0.0,0.0,0.0,0.0,0.0,0.0,0.0,0.0,0.0,0.0,0.0,0.0,0.0,0.0,0.0,0.0,0.0,0.0,0.0,0.0,0.0,0.0,0.0,0.0,0.0,0.0,0.0,0.0,0.0,0.0,0.0,0.0,0.0,0.0,0.0,0.0,0.0,0.0,0.0,1.0,0.0,0.0,1.0,0.0,0.0,0.0,0.0,0.0,0.0,1.0,0.0,0.0,1.0,0.0,0.0,0.0,0.0,0.0,0.0,0.0,0.0,1.0,1.0,0.0,0.0,0.0,0.0,0.0,0.0,0.0,0.0,0.0,0.0,0.0,0.0,0.0,0.0,0.0,0.0,0.0,0.0
DOMINGO,137.0,0.0,1.0,0.0,0.0,0.0,1.0,0.0,0.0,0.0,0.0,1.0,0.0,0.0,0.0,0.0,0.0,0.0,1.0,0.0,1.0,0.0,0.0,0.0,0.0,0.0,0.0,0.0,0.0,1.0,1.0,1.0,1.0,2.0,1.0,1.0,1.0,1.0,1.5,1.0,1.0,1.0,1.0,0.0,1.0,1.6666666666666667,1.0,1.0,1.1666666666666667,1.4,1.25,0.0,1.0,1.0,1.0,1.0,1.3333333333333333,1.0,1.0,1.0,1.0,1.0,1.0,0.0,1.0,1.0,1.0,1.0,1.0,1.0,1.0,1.0,1.0,1.0,1.0,1.0,1.0,1.25,1.0,0.0,1.0,1.0,1.3333333333333333,1.3333333333333333,1.0,1.0,0.0,1.0,0.0,1.0,1.0,1.0,1.0,1.0,0.0,0.0,0.0
DOMINGO,140.0,1.0,0.0,0.0,1.0,1.0,0.0,0.0,1.0,0.0,0.0,0.0,0.0,0.0,0.0,0.0,0.0,0.0,0.0,0.0,0.0,0.0,0.0,1.0,0.0,1.3333333333333333,1.0,0.0,0.0,0.0,1.0,1.0,1.0,0.0,1.0,0.0,1.0,1.0,1.6666666666666667,2.0,1.0,1.0,1.0,1.0,0.0,1.0,1.0,1.0,1.0,1.0,1.0,1.0,2.0,1.0,1.3333333333333333,1.0,2.0,1.0,1.0,1.0,1.2,0.0,1.0,1.25,1.5,1.0,1.0,1.0,1.0,1.0,1.4,1.0,1.25,1.2,1.0,1.0,1.5,1.0,1.0,1.0,0.0,1.0,0.0,1.0,1.0,1.0,1.0,0.0,1.0,0.0,1.0,1.0,1.0,1.0,0.0,1.0,0.0
DOMINGO,141.0,0.0,0.0,1.0,0.0,0.0,0.0,0.0,1.0,0.0,0.0,0.0,0.0,0.0,0.0,0.0,1.0,0.0,0.0,1.0,0.0,0.0,0.0,1.0,1.0,1.0,0.0,0.0,0.0,0.0,0.0,1.0,0.0,0.0,1.0,1.75,1.0,1.25,1.0,1.0,1.3333333333333333,1.0,1.0,1.6666666666666667,1.5,1.3333333333333333,1.0,1.0,1.25,1.0,1.0,1.0,1.0,1.0,1.25,1.3333333333333333,1.0,1.0,1.0,1.2,1.0,1.3333333333333333,1.0,1.3333333333333333,1.5,1.0,1.0,1.0,1.0,1.0,1.0,1.0,1.0,1.6666666666666667,0.0,1.4,1.0,1.0,1.0,1.0,1.5,1.3333333333333333,1.0,1.0,1.3333333333333333,1.0,1.5,1.0,1.0,1.0,0.0,1.0,0.0,1.0,1.0,0.0,1.0
DOMINGO,142.0,1.0,1.0,1.0,1.0,0.0,0.0,1.0,0.0,0.0,0.0,0.0,0.0,0.0,0.0,0.0,0.0,0.0,0.0,0.0,0.0,0.0,1.0,0.0,0.0,1.0,1.0,1.0,0.0,0.0,1.0,1.0,0.0,1.0,1.0,1.0,0.0,1.0,0.0,1.0,1.5,1.0,1.0,1.0,1.0,1.25,0.0,1.0,0.0,1.0,1.0,1.0,1.2,1.0,1.0,1.0,1.0,0.0,1.5,0.0,1.0,1.5,0.0,1.0,1.0,1.0,1.25,1.0,1.0,1.3333333333333333,1.0,1.5,1.4,1.0,1.0,1.0,1.3333333333333333,1.5,1.0,1.0,1.0,1.0,1.0,1.0,1.0,1.0,1.0,0.0,1.0,1.0,1.0,1.0,1.0,0.0,1.0,0.0,0.0
DOMINGO,143.0,1.0,0.0,0.0,0.0,0.0,0.0,0.0,0.0,0.0,1.0,0.0,0.0,0.0,0.0,0.0,1.0,0.0,0.0,0.0,0.0,0.0,1.0,0.0,0.0,1.0,0.0,1.0,0.0,0.0,0.0,1.3333333333333333,1.0,1.0,1.0,1.0,1.0,1.0,1.5,1.0,1.5,1.5,1.0,1.0,1.0,1.0,1.5,1.0,1.0,1.3333333333333333,1.25,1.0,1.5,1.0,1.3333333333333333,2.0,1.0,1.0,1.0,1.0,1.0,1.0,1.0,1.2,1.0,1.0,1.0,1.0,1.0,1.1428571428571428,1.0,1.25,1.0,1.0,1.0,1.5,1.0,0.0,1.0,0.0,1.0,1.0,0.0,1.0,1.0,1.0,0.0,1.0,1.0,1.0,1.0,1.0,1.0,0.0,0.0,0.0,0.0
DOMINGO,144.0,1.0,1.0,1.2,1.0,1.3333333333333333,1.0,1.0,1.0,1.0,1.0,1.0,0.0,0.0,1.0,1.0,1.0,1.0,0.0,1.0,0.0,0.0,1.0,0.0,0.0,0.0,0.0,1.0,0.0,0.0,0.0,1.0,0.0,1.0,1.0,1.0,0.0,1.0,0.0,1.0,0.0,2.0,1.0,1.0,0.0,1.3333333333333333,1.0,1.0,1.0,1.5,1.5,0.0,2.0,1.0,1.2,1.25,1.6666666666666667,1.0,1.0,1.5,1.3333333333333333,1.0,1.0,1.6666666666666667,1.0,1.2,1.0,1.0,1.25,1.0,1.0,1.3333333333333333,1.0,1.0,1.0,1.6666666666666667,1.0,1.3333333333333333,1.25,1.25,1.0,1.0,1.0,1.0,1.6666666666666667,1.0,1.2,0.0,1.3333333333333333,1.0,1.3333333333333333,1.0,1.0,1.0,0.0,1.0,0.0
DOMINGO,148.0,1.5714285714285714,1.0,1.0,1.2,1.25,1.0,1.0,1.1428571428571428,1.6,2.0,1.0,2.0,1.6666666666666667,1.3333333333333333,1.0,1.0,0.0,0.0,0.0,1.0,0.0,1.0,0.0,0.0,1.0,1.0,0.0,0.0,0.0,1.0,1.0,1.0,0.0,1.0,0.0,1.0,1.0,1.0,1.0,1.0,2.0,1.0,1.0,1.0,1.1666666666666667,1.0,1.0,1.0,1.5,1.0,2.0,1.0,1.0,1.0,1.0,1.0,1.3333333333333333,2.0,1.0,1.0,1.0,1.4,1.0,1.0,1.0,1.0,1.2,1.0,1.0,1.0,1.0,1.0,1.0,1.5,1.0,1.5,1.5,1.2,1.0,2.0,1.3333333333333333,1.3333333333333333,1.0,1.0,1.2,1.0,1.0,1.0,1.0,1.0,1.0,0.0,1.0,1.0,1.0,1.0
DOMINGO,151.0,0.0,0.0,0.0,1.0,0.0,0.0,0.0,1.0,0.0,0.0,0.0,0.0,1.0,0.0,0.0,1.0,0.0,0.0,0.0,0.0,0.0,1.0,1.0,0.0,0.0,0.0,0.0,1.0,0.0,1.0,0.0,0.0,0.0,1.0,1.0,1.0,0.0,1.25,1.25,1.6,1.0,1.0,1.0,1.5,0.0,1.0,1.0,1.3333333333333333,1.0,1.0,1.0,1.0,1.0,1.0,1.0,1.0,1.5,1.0,0.0,0.0,0.0,1.4,0.0,1.0,1.0,1.0,1.0,1.0,1.0,1.0,1.5,1.25,1.5,1.0,1.0,0.0,1.5,0.0,0.0,0.0,1.0,1.0,1.0,1.0,0.0,0.0,1.0,0.0,0.0,0.0,0.0,1.0,0.0,1.0,0.0,0.0
DOMINGO,152.0,1.0,0.0,0.0,0.0,0.0,0.0,0.0,0.0,0.0,0.0,0.0,0.0,0.0,0.0,0.0,0.0,0.0,0.0,0.0,0.0,0.0,0.0,0.0,1.0,0.0,1.0,0.0,0.0,0.0,1.0,1.0,0.0,1.0,1.5,0.0,1.0,1.0,1.0,1.0,1.0,1.0,0.0,1.0,1.0,0.0,1.0,1.0,1.0,1.0,0.0,1.0,1.0,1.0,0.0,0.0,0.0,1.5,1.0,0.0,1.0,0.0,1.0,0.0,1.0,1.0,1.0,0.0,0.0,1.0,2.0,1.0,0.0,1.0,1.0,1.0,0.0,0.0,0.0,1.0,1.0,0.0,1.0,0.0,0.0,0.0,1.0,0.0,0.0,0.0,1.0,0.0,0.0,0.0,0.0,0.0,0.0
DOMINGO,153.0,0.0,0.0,0.0,0.0,0.0,0.0,0.0,0.0,0.0,0.0,0.0,0.0,0.0,0.0,0.0,0.0,0.0,0.0,0.0,0.0,0.0,0.0,0.0,0.0,0.0,0.0,0.0,0.0,0.0,0.0,0.0,0.0,0.0,0.0,0.0,1.0,1.0,0.0,0.0,0.0,0.0,0.0,0.0,0.0,0.0,0.0,1.0,0.0,0.0,1.0,0.0,1.0,1.0,1.0,0.0,1.0,0.0,1.0,1.0,0.0,1.0,0.0,0.0,0.0,0.0,0.0,0.0,0.0,0.0,1.0,0.0,1.0,1.0,0.0,0.0,0.0,0.0,1.0,0.0,0.0,0.0,0.0,0.0,0.0,0.0,0.0,1.0,0.0,0.0,0.0,0.0,0.0,0.0,0.0,0.0,0.0
DOMINGO,158.0,1.3333333333333333,1.0,1.0,1.0,1.0,1.0,1.5,2.0,1.0,1.0,0.0,1.0,0.0,0.0,0.0,0.0,0.0,0.0,0.0,0.0,0.0,0.0,0.0,0.0,1.0,1.0,0.0,0.0,0.0,0.0,1.0,1.0,0.0,1.0,1.0,1.0,1.0,1.0,0.0,1.0,0.0,0.0,1.0,1.0,2.0,1.0,1.0,0.0,1.2,0.0,1.0,1.0,1.0,1.0,1.0,1.0,1.0,1.0,1.0,0.0,0.0,1.0,1.0,1.1666666666666667,1.0,1.0,1.0,1.0,1.0,1.0,1.0,1.0,1.0,1.0,1.5,1.0,1.0,2.0,1.0,1.0,1.0,1.0,1.75,1.3333333333333333,1.0,1.0,1.0,1.0,1.0,1.0,0.0,2.0,0.0,0.0,0.0,0.0
DOMINGO,161.0,1.0,2.0,0.0,1.0,1.0,1.0,2.0,1.5,0.0,1.0,0.0,0.0,1.0,0.0,0.0,0.0,0.0,0.0,0.0,0.0,0.0,0.0,0.0,0.0,0.0,1.0,0.0,0.0,0.0,1.0,0.0,1.0,0.0,1.0,1.0,1.0,1.0,1.5,1.0,1.0,1.0,1.0,1.0,2.0,1.5,0.0,0.0,0.0,1.6666666666666667,1.0,1.0,1.25,1.0,1.5,1.0,0.0,1.0,1.5,1.6666666666666667,1.0,1.0,1.0,1.0,1.1666666666666667,1.0,1.0,1.0,1.0,1.3333333333333333,1.5,1.2,1.2,0.0,1.3333333333333333,1.4,1.0,1.2,1.0,1.0,1.0,1.0,1.0,0.0,1.0,1.0,1.0,1.0,1.0,1.0,0.0,1.0,0.0,0.0,1.0,0.0,2.0
DOMINGO,162.0,1.0,0.0,0.0,1.0,1.0,0.0,0.0,0.0,0.0,0.0,0.0,0.0,0.0,1.0,0.0,0.0,0.0,0.0,0.0,0.0,0.0,0.0,0.0,0.0,0.0,0.0,1.0,0.0,1.0,1.0,0.0,0.0,1.0,1.0,0.0,0.0,0.0,1.3333333333333333,0.0,0.0,1.0,1.0,1.5,1.2857142857142858,1.0,1.0,1.0,1.0,0.0,1.0,1.0,1.0,0.0,1.3333333333333333,1.0,1.0,1.0,1.25,1.25,1.5,1.0,1.0,1.3333333333333333,1.0,1.0,1.0,1.0,1.0,1.0,1.0,1.3333333333333333,1.1666666666666667,1.5,1.3333333333333333,1.0,1.0,1.5,1.0,2.0,1.0,1.5,1.0,1.0,1.0,1.0,0.0,0.0,1.0,1.0,1.0,1.0,0.0,1.0,0.0,0.0,1.0
DOMINGO,163.0,1.0,0.0,0.0,1.0,1.0,0.0,0.0,0.0,0.0,0.0,0.0,0.0,0.0,0.0,0.0,1.0,0.0,0.0,3.0,0.0,0.0,0.0,0.0,1.0,1.0,1.0,0.0,0.0,0.0,0.0,1.0,1.0,1.0,1.0,1.0,1.0,1.0,0.0,0.0,1.0,1.0,0.0,1.5,1.0,1.0,1.0,1.4,1.0,1.0,0.0,1.3333333333333333,1.0,1.0,1.3333333333333333,2.0,0.0,1.0,1.0,1.0,1.0,1.0,1.0,1.0,1.0,1.0,2.0,1.0,0.0,1.0,1.5,1.0,1.3333333333333333,1.0,1.3333333333333333,1.5,1.0,1.0,0.0,1.3333333333333333,1.0,0.0,1.0,1.0,1.0,1.0,1.0,1.0,2.0,1.0,1.0,0.0,0.0,0.0,1.0,0.0,1.0
DOMINGO,164.0,1.0,1.0,1.0,1.5,1.0,1.0,1.0,1.0,0.0,0.0,1.0,0.0,0.0,0.0,0.0,1.0,1.0,0.0,0.0,1.0,0.0,0.0,0.0,0.0,0.0,0.0,0.0,0.0,0.0,0.0,1.0,0.0,0.0,0.0,1.5,1.0,0.0,1.0,0.0,1.0,1.0,1.0,1.2,1.0,0.0,1.0,2.0,1.5,1.2,1.0,1.1666666666666667,1.25,1.0,1.5,1.25,1.5,1.0,1.0,1.5,1.2,0.0,2.0,1.0,1.25,2.0,1.0,1.3333333333333333,1.5,1.5,1.25,1.6,1.2,1.25,1.5,1.6666666666666667,1.0,1.0,1.0,1.0,1.5,1.5,1.3333333333333333,1.0,1.3333333333333333,1.0,1.0,1.0,0.0,1.0,2.0,0.0,0.0,0.0,1.0,1.0,0.0
DOMINGO,166.0,1.0,0.0,1.0,0.0,0.0,1.0,0.0,0.0,0.0,0.0,0.0,0.0,0.0,0.0,1.0,0.0,0.0,0.0,0.0,0.0,0.0,0.0,0.0,0.0,0.0,1.0,0.0,1.0,0.0,0.0,0.0,0.0,1.0,1.0,1.0,1.5,1.0,2.0,1.6,1.75,1.3333333333333333,1.25,1.0,2.0,0.0,1.0,1.6666666666666667,1.0,1.0,1.0,1.0,1.0,0.0,1.0,1.5,1.0,1.2,1.0,1.0,1.0,1.3333333333333333,1.0,1.0,1.0,1.0,1.0,0.0,1.0,1.25,1.0,1.0,2.0,1.0,2.0,1.5,0.0,0.0,0.0,1.0,1.0,0.0,1.0,0.0,1.0,1.0,1.0,1.0,1.0,1.0,0.0,0.0,0.0,0.0,1.0,0.0,0.0
DOMINGO,170.0,0.0,1.0,0.0,1.0,0.0,0.0,1.0,0.0,1.0,0.0,0.0,0.0,0.0,0.0,0.0,0.0,0.0,0.0,0.0,0.0,0.0,1.0,0.0,1.0,0.0,0.0,1.0,0.0,0.0,1.0,0.0,1.0,1.0,1.0,0.0,1.0,1.0,0.0,1.0,1.4,1.25,1.0,1.0,1.3333333333333333,1.0,1.0,1.0,1.0,1.25,1.0,1.0,1.6666666666666667,1.6666666666666667,1.0,1.0,2.0,1.0,1.5,1.0,1.0,1.0,1.0,1.5,1.25,1.0,1.0,1.0,1.25,1.0,1.5,1.0,1.2,1.0,1.25,1.0,1.0,1.0,1.0,1.2,1.25,0.0,2.0,1.0,1.0,1.0,1.0,1.0,0.0,1.3333333333333333,1.0,0.0,0.0,1.0,0.0,0.0,0.0
DOMINGO,186.0,0.0,1.0,2.0,1.0,1.0,0.0,0.0,0.0,0.0,1.0,1.0,1.0,0.0,0.0,0.0,0.0,0.0,0.0,0.0,0.0,0.0,0.0,0.0,0.0,0.0,0.0,1.0,0.0,1.0,2.0,1.0,0.0,0.0,1.0,0.0,0.0,1.0,1.0,1.0,1.0,1.0,1.0,0.0,1.0,1.0,1.0,1.0,1.0,1.25,1.0,2.0,1.0,1.0,2.0,1.0,1.0,1.0,1.0,0.0,1.0,1.5,1.0,1.0,1.0,1.3333333333333333,1.0,1.0,1.0,1.5,1.0,1.0,1.0,1.25,1.0,1.0,2.0,1.0,1.0,1.0,1.3333333333333333,1.0,1.0,1.0,1.0,1.0,1.0,1.5,1.3333333333333333,2.0,1.0,0.0,0.0,0.0,1.0,0.0,1.0
DOMINGO,194.0,0.0,0.0,0.0,0.0,0.0,0.0,0.0,0.0,0.0,0.0,0.0,0.0,0.0,0.0,0.0,0.0,0.0,0.0,0.0,0.0,0.0,0.0,0.0,0.0,0.0,0.0,0.0,0.0,0.0,1.0,0.0,0.0,0.0,0.0,0.0,0.0,0.0,1.0,0.0,1.0,0.0,0.0,0.0,1.0,0.0,0.0,0.0,0.0,0.0,0.0,0.0,0.0,0.0,0.0,0.0,0.0,0.0,1.0,1.0,0.0,0.0,1.0,1.0,0.0,0.0,1.0,0.0,0.0,0.0,0.0,1.0,0.0,0.0,1.0,0.0,0.0,1.0,1.0,0.0,0.0,0.0,0.0,0.0,0.0,0.0,0.0,0.0,0.0,0.0,0.0,0.0,0.0,0.0,0.0,0.0,0.0
DOMINGO,202.0,0.0,1.0,0.0,0.0,0.0,0.0,0.0,1.0,0.0,0.0,0.0,0.0,0.0,0.0,0.0,0.0,0.0,0.0,0.0,0.0,0.0,0.0,0.0,0.0,0.0,0.0,0.0,0.0,1.0,0.0,0.0,1.0,0.0,1.0,0.0,0.0,0.0,1.0,1.0,0.0,1.0,1.0,0.0,0.0,0.0,1.0,1.0,1.0,0.0,1.0,1.0,0.0,0.0,1.0,0.0,0.0,0.0,0.0,0.0,0.0,0.0,1.0,1.0,1.0,0.0,1.0,0.0,1.0,0.0,1.0,0.0,0.0,0.0,0.0,0.0,0.0,0.0,0.0,1.0,0.0,0.0,1.0,0.0,0.0,0.0,0.0,1.0,1.0,0.0,0.0,0.0,0.0,0.0,0.0,1.0,0.0
DOMINGO,209.0,1.0,1.0,1.0,0.0,1.0,0.0,0.0,0.0,0.0,0.0,1.0,0.0,1.0,0.0,0.0,0.0,0.0,0.0,0.0,0.0,0.0,0.0,0.0,0.0,0.0,0.0,0.0,0.0,0.0,0.0,1.0,0.0,1.0,0.0,1.0,1.0,1.0,0.0,0.0,1.0,1.0,0.0,0.0,0.0,1.0,0.0,1.0,1.0,1.0,1.0,1.0,1.0,1.0,0.0,0.0,0.0,0.0,0.0,1.0,0.0,1.5,0.0,1.0,1.0,1.0,1.0,1.0,1.0,0.0,1.0,1.0,0.0,1.0,1.0,0.0,0.0,0.0,1.0,1.0,1.0,0.0,1.0,1.0,1.0,1.0,0.0,0.0,1.0,1.0,1.0,1.0,1.0,0.0,0.0,0.0,1.0
DOMINGO,211.0,1.0,1.0,1.6666666666666667,1.25,0.0,0.0,1.0,0.0,0.0,1.0,0.0,0.0,0.0,0.0,1.0,0.0,0.0,0.0,0.0,0.0,0.0,0.0,1.0,0.0,0.0,0.0,0.0,0.0,0.0,0.0,0.0,0.0,0.0,0.0,1.0,1.0,1.0,1.0,1.0,1.0,0.0,0.0,1.0,1.0,1.0,1.0,0.0,1.0,1.0,1.0,1.0,1.0,1.0,1.3333333333333333,2.0,1.0,1.0,1.0,2.0,1.0,1.0,1.0,1.0,2.0,1.6,1.25,1.3333333333333333,1.0,1.0,1.75,1.3333333333333333,1.3333333333333333,1.0,1.3333333333333333,1.0,1.0,1.0,1.0,1.0,1.0,1.0,1.0,1.0,1.5,0.0,1.0,0.0,1.0,1.0,1.0,1.0,1.0,0.0,0.0,1.0,1.0
DOMINGO,224.0,0.0,0.0,0.0,1.0,0.0,0.0,0.0,0.0,0.0,1.0,0.0,0.0,0.0,0.0,0.0,0.0,0.0,0.0,0.0,0.0,0.0,0.0,0.0,1.0,0.0,0.0,1.0,0.0,0.0,0.0,1.0,0.0,1.0,2.0,1.0,0.0,1.25,1.0,1.0,1.0,0.0,1.0,1.5,1.3333333333333333,1.0,1.3333333333333333,1.5,1.0,1.0,0.0,1.0,1.0,0.0,1.0,1.0,1.0,1.0,0.0,0.0,1.0,0.0,0.0,0.0,0.0,0.0,1.0,1.0,0.0,1.0,0.0,0.0,0.0,0.0,0.0,0.0,1.0,1.0,1.0,0.0,0.0,1.0,0.0,0.0,0.0,1.0,0.0,1.0,0.0,1.0,0.0,0.0,1.0,0.0,1.0,0.0,0.0
DOMINGO,229.0,0.0,1.0,0.0,1.0,1.0,0.0,0.0,1.0,0.0,1.0,0.0,1.0,0.0,0.0,0.0,0.0,0.0,0.0,0.0,0.0,0.0,1.0,1.0,0.0,0.0,0.0,0.0,0.0,0.0,0.0,0.0,1.0,0.0,1.0,1.0,0.0,0.0,1.0,1.0,1.0,1.0,1.2,0.0,1.0,1.5,1.0,1.0,1.5,1.0,1.0,1.2,1.4,1.0,1.25,1.3333333333333333,1.0,1.3333333333333333,0.0,1.6666666666666667,1.0,1.2,1.25,1.0,1.0,1.0,1.0,1.0,1.3333333333333333,1.4,1.0,1.0,1.4,1.0,1.0,1.5,1.0,1.0,1.5,1.0,1.0,1.25,1.0,1.0,1.3333333333333333,1.0,1.5,1.0,1.0,1.5,1.0,0.0,0.0,1.3333333333333333,0.0,1.0,1.0
DOMINGO,230.0,1.5,1.0,1.0,1.0,0.0,0.0,1.0,0.0,1.0,0.0,1.0,1.0,1.0,1.0,0.0,0.0,0.0,1.0,0.0,1.0,0.0,0.0,1.0,0.0,1.0,1.0,0.0,0.0,1.0,0.0,0.0,0.0,1.0,1.0,1.0,2.0,1.3333333333333333,1.3333333333333333,1.0,1.0,1.0,2.0,2.0,1.0,1.0,0.0,1.0,1.0,1.0,1.5,1.2,1.0,1.0,1.3333333333333333,1.75,1.0,1.0,1.0,1.0,1.0,1.0,1.0,1.0,1.6666666666666667,1.5,1.4,1.6666666666666667,1.3333333333333333,1.3333333333333333,1.0,1.7142857142857142,1.5714285714285714,1.3333333333333333,1.25,2.0,1.0,1.5,1.4,1.0,1.0,1.0,1.0,1.0,1.25,1.0,1.0,1.0,1.3333333333333333,1.4285714285714286,1.0,1.0,1.0,1.0,1.3333333333333333,1.5,1.0
DOMINGO,231.0,1.5,1.0,1.0,1.5,1.0,1.0,0.0,1.0,1.0,1.0,0.0,0.0,0.0,1.0,1.0,0.0,0.0,0.0,0.0,0.0,0.0,0.0,0.0,1.0,0.0,0.0,1.0,0.0,0.0,1.0,1.0,0.0,2.0,1.0,1.0,0.0,1.0,1.0,1.0,1.0,1.0,1.0,1.0,1.0,1.0,1.5,1.0,1.0,1.5,1.0,1.25,1.75,1.0,1.3333333333333333,1.6666666666666667,1.0,1.0,1.0,1.6666666666666667,1.0,1.4,1.25,1.5,1.75,2.0,1.0,1.0,1.0,1.2,1.2,1.0,1.5555555555555556,1.0,1.6,1.0,2.0,1.0,1.0,1.0,1.0,1.2,1.5,1.0,1.3333333333333333,1.0,0.0,1.0,1.0,1.2,1.0,0.0,1.0,1.0,1.0,0.0,0.0
DOMINGO,232.0,1.0,1.0,1.0,0.0,1.0,1.0,1.0,0.0,0.0,0.0,0.0,1.0,0.0,0.0,0.0,1.0,1.0,1.0,0.0,0.0,0.0,0.0,1.0,1.0,1.0,1.0,1.0,1.0,2.0,1.0,1.5,1.0,2.0,1.5,1.0,1.0,1.5,1.2857142857142858,1.5,1.1666666666666667,1.25,1.4,1.8333333333333333,1.6,1.0,1.1666666666666667,1.0,1.0,1.3333333333333333,1.0,1.0,1.75,1.2,1.0,1.2,1.25,1.0,1.3333333333333333,1.0,1.25,1.0,1.0,1.5,1.0,1.0,1.0,1.1666666666666667,1.0,1.3333333333333333,1.0,1.0,1.0,1.0,1.0,1.5,0.0,1.0,0.0,0.0,1.0,1.0,1.0,1.0,1.0,1.0,1.0,1.0,1.0,1.0,1.0,0.0,0.0,0.0,0.0,0.0,0.0
DOMINGO,233.0,0.0,0.0,0.0,0.0,0.0,0.0,1.0,0.0,0.0,0.0,0.0,0.0,0.0,0.0,0.0,0.0,0.0,0.0,1.0,0.0,0.0,0.0,0.0,0.0,0.0,1.0,1.0,1.0,0.0,1.0,1.0,1.0,1.0,1.0,1.0,1.0,1.6666666666666667,1.25,1.0,1.0,1.0,1.0,1.5,1.0,1.0,1.25,1.0,1.0,1.0,1.0,1.0,1.6666666666666667,1.6,1.0,1.3333333333333333,1.0,1.0,1.1666666666666667,1.0,1.0,1.0,1.0,1.0,1.0,1.0,1.5,1.0,1.2,1.0,1.5,1.0,1.0,1.0,1.0,1.0,1.0,1.3333333333333333,2.0,1.0,1.0,1.0,1.0,1.0,1.0,1.0,0.0,1.5,0.0,0.0,1.0,0.0,1.0,1.0,0.0,1.0,0.0
DOMINGO,234.0,1.0,1.0,1.0,1.0,1.0,1.0,1.0,1.0,1.0,1.0,0.0,0.0,0.0,0.0,1.0,0.0,0.0,1.0,0.0,0.0,0.0,0.0,0.0,0.0,0.0,0.0,0.0,0.0,0.0,0.0,1.0,0.0,0.0,0.0,0.0,0.0,1.0,1.0,1.0,1.0,1.0,1.0,1.0,1.0,1.0,1.25,1.5,1.0,1.0,1.25,1.0,1.0,1.4285714285714286,1.0,1.5,1.25,1.0,1.0,1.3333333333333333,1.5,1.3333333333333333,1.5,1.0,1.5,1.0,1.0,1.25,1.0,1.2,1.0,1.0,1.5,1.0,1.2857142857142858,1.0,1.0,1.0,1.2857142857142858,1.2,1.0,1.0,1.0,1.0,1.0,1.0,1.0,1.6666666666666667,1.0,1.3333333333333333,2.0,1.0,0.0,1.0,0.0,1.0,0.0
DOMINGO,236.0,1.0,0.0,0.0,0.0,0.0,0.0,0.0,0.0,1.0,1.0,1.0,0.0,0.0,0.0,0.0,0.0,0.0,0.0,0.0,0.0,0.0,1.0,0.0,1.0,1.0,0.0,0.0,0.0,0.0,1.0,0.0,1.0,0.0,1.0,1.0,0.0,1.0,0.0,1.0,1.0,1.0,0.0,1.2,1.0,1.0,1.0,1.4,1.0,1.5,1.0,1.25,1.5,1.0,1.0,1.25,1.0,2.0,1.5,1.3333333333333333,1.0,1.25,1.25,1.0,0.0,1.3333333333333333,1.2,1.0,2.0,1.0,1.0,1.0,1.0,1.3333333333333333,1.75,1.3333333333333333,1.5,1.0,1.0,1.0,1.0,1.0,2.0,1.0,1.0,1.25,1.0,1.0,1.0,0.0,0.0,1.0,1.0,0.0,0.0,1.0,0.0
DOMINGO,237.0,1.3333333333333333,1.0,0.0,1.0,0.0,0.0,0.0,0.0,0.0,0.0,1.0,0.0,0.0,0.0,0.0,0.0,0.0,0.0,0.0,0.0,0.0,1.0,0.0,0.0,0.0,0.0,0.0,0.0,0.0,1.0,0.0,0.0,1.0,1.0,1.0,0.0,1.0,1.0,0.0,0.0,1.0,1.0,1.0,0.0,1.8,1.0,1.0,1.0,1.0,2.0,1.0,1.0,1.0,1.0,0.0,0.0,1.0,1.3333333333333333,1.3333333333333333,1.0,1.0,1.5714285714285714,1.0,1.1666666666666667,1.25,1.3333333333333333,1.1666666666666667,2.0,1.0,1.0,1.0,1.5,1.0,1.0,1.5,0.0,1.25,1.2,1.5,1.0,1.0,1.0,1.0,1.0,1.0,1.0,1.0,1.0,1.0,1.0,0.0,0.0,0.0,0.0,0.0,0.0
DOMINGO,238.0,0.0,0.0,1.0,1.0,1.0,1.0,0.0,0.0,0.0,0.0,0.0,0.0,1.0,0.0,0.0,0.0,0.0,0.0,0.0,0.0,0.0,0.0,0.0,0.0,0.0,0.0,1.0,1.0,0.0,0.0,0.0,1.0,1.0,1.0,1.0,1.0,1.0,1.0,1.0,1.0,1.2,1.0,2.0,1.0,1.0,1.0,1.2,0.0,2.0,1.25,1.25,1.0,1.25,1.0,1.6666666666666667,1.5,1.2,1.0,1.0,1.0,1.0,1.0,1.3333333333333333,1.0,1.0,1.3333333333333333,1.0,1.0,1.25,1.0,1.0,1.0,1.0,1.0,1.0,1.0,1.0,1.5,1.0,1.0,1.0,1.5,0.0,1.0,1.0,1.0,0.0,1.0,1.5,1.0,1.0,0.0,1.5,0.0,0.0,1.0
DOMINGO,239.0,1.0,1.0,0.0,0.0,0.0,1.0,1.0,1.0,0.0,1.0,0.0,0.0,0.0,1.0,1.0,0.0,0.0,0.0,0.0,1.0,0.0,0.0,0.0,0.0,1.0,1.0,1.0,0.0,0.0,0.0,1.0,1.0,0.0,1.0,1.0,1.0,1.0,0.0,1.0,0.0,1.0,1.0,0.0,1.5,1.6666666666666667,0.0,1.0,1.0,1.0,1.0,1.0,1.3333333333333333,1.5,1.5,0.0,1.3333333333333333,1.3333333333333333,1.0,1.0,1.4,1.0,1.0,1.0,1.0,1.4,1.3333333333333333,1.0,2.0,1.6666666666666667,1.0,1.6666666666666667,1.3333333333333333,1.0,1.0,1.0,0.0,1.5,1.5,1.0,1.0,1.5,1.0,1.0,1.0,1.0,1.0,1.0,1.5,1.0,1.3333333333333333,0.0,1.0,0.0,0.0,0.0,0.0
DOMINGO,243.0,1.0,0.0,1.0,1.0,0.0,0.0,0.0,0.0,0.0,0.0,0.0,0.0,0.0,0.0,0.0,0.0,0.0,1.0,1.0,0.0,0.0,0.0,0.0,0.0,1.0,0.0,1.0,1.0,0.0,1.0,0.0,1.0,0.0,1.0,1.0,0.0,0.0,1.0,1.0,2.0,1.0,0.0,1.0,1.25,1.2,0.0,2.0,1.0,1.0,1.0,0.0,1.0,1.6666666666666667,1.0,1.0,0.0,1.0,1.0,0.0,1.0,1.0,1.0,0.0,1.0,1.0,1.0,1.0,0.0,0.0,0.0,1.5,1.0,0.0,0.0,1.0,1.0,0.0,1.0,1.0,1.0,1.0,1.0,0.0,1.0,0.0,0.0,1.0,0.0,1.0,0.0,1.0,0.0,1.0,1.0,1.0,0.0
DOMINGO,244.0,1.0,0.0,0.0,0.0,0.0,0.0,0.0,0.0,1.0,0.0,0.0,0.0,0.0,0.0,0.0,0.0,0.0,0.0,0.0,0.0,0.0,1.0,0.0,0.0,0.0,0.0,1.0,0.0,1.0,1.0,1.0,1.5,1.0,1.0,1.25,1.25,1.0,1.4,1.0,2.25,1.3333333333333333,1.0,1.6,1.0,1.0,1.0,1.0,1.0,1.0,1.0,1.6666666666666667,1.0,1.0,0.0,1.0,1.25,1.0,1.0,0.0,1.0,1.0,1.0,1.0,2.0,1.0,1.0,1.0,1.0,1.0,2.0,1.0,1.0,1.3333333333333333,1.0,1.25,1.0,1.0,1.0,1.0,1.0,1.0,1.0,1.0,0.0,0.0,0.0,1.0,1.0,1.0,1.0,1.0,0.0,1.0,0.0,0.0,1.0
DOMINGO,246.0,1.0,1.0,1.0,1.0,0.0,0.0,1.0,1.0,1.0,1.0,0.0,0.0,1.0,1.0,1.0,0.0,0.0,0.0,0.0,0.0,0.0,0.0,0.0,0.0,0.0,1.0,0.0,1.0,1.0,1.0,1.0,1.0,2.0,1.0,1.25,1.0,1.5,1.0,1.0,1.25,1.75,1.4,1.0,1.0,1.7142857142857142,1.0,2.0,1.8571428571428572,1.0,1.75,1.0,1.0,1.2857142857142858,1.6,1.0,1.0,2.0,1.6666666666666667,1.0,1.0,1.75,1.2,1.0,1.6666666666666667,1.4,1.0,1.2,1.4,1.75,1.4,1.0,1.1666666666666667,1.0,1.75,1.6666666666666667,1.6,1.2857142857142858,1.0,1.3333333333333333,1.5,1.0,1.2,1.5,1.25,1.3333333333333333,1.0,1.0,1.0,1.0,1.0,0.0,1.0,1.0,0.0,0.0,1.0
DOMINGO,249.0,1.5,1.6,1.4285714285714286,1.2,1.0,1.6666666666666667,1.0,1.0,1.0,1.6666666666666667,0.0,1.0,0.0,1.0,0.0,1.0,0.0,1.0,0.0,0.0,0.0,0.0,0.0,0.0,1.0,0.0,0.0,1.0,1.0,0.0,0.0,1.0,1.0,1.0,0.0,0.0,0.0,0.0,1.0,1.0,1.0,1.0,1.0,1.0,1.0,1.0,0.0,1.0,1.0,1.0,1.25,1.0,1.0,1.0,1.0,1.5,1.0,1.3333333333333333,1.0,1.1666666666666667,1.0,1.2,1.75,1.0,1.25,1.5,1.0,1.0,1.3333333333333333,1.4,1.5,1.0,1.3333333333333333,1.25,1.125,1.0,1.2,1.75,1.0,1.0,1.2,1.25,1.5,1.0,1.2,1.2,1.0,1.5,1.0,1.0,1.0,0.0,1.0,1.5,1.0,1.0
DOMINGO,261.0,2.0,0.0,1.0,1.0,0.0,1.0,0.0,0.0,0.0,0.0,0.0,0.0,0.0,0.0,0.0,0.0,0.0,0.0,0.0,0.0,0.0,0.0,0.0,0.0,0.0,0.0,1.0,1.0,1.0,1.0,1.0,0.0,0.0,0.0,0.0,1.0,0.0,0.0,1.0,0.0,1.0,2.0,1.0,0.0,0.0,1.0,1.0,1.0,1.0,1.0,1.0,1.0,1.0,0.0,1.0,1.0,1.0,0.0,0.0,1.0,1.5,1.0,1.0,1.0,1.0,1.0,1.0,1.0,0.0,1.0,1.5,1.0,1.0,1.0,1.0,1.5,1.0,0.0,1.0,0.0,1.0,1.0,1.0,1.0,1.0,0.0,0.0,1.0,0.0,1.0,1.0,0.0,1.0,1.0,0.0,0.0
DOMINGO,262.0,0.0,1.0,0.0,0.0,0.0,1.0,0.0,0.0,1.0,0.0,1.0,0.0,0.0,0.0,0.0,0.0,0.0,0.0,0.0,1.0,0.0,1.0,1.0,0.0,0.0,1.0,1.0,1.0,0.0,0.0,0.0,0.0,0.0,1.0,0.0,1.0,1.0,1.0,1.5,1.0,2.0,1.6666666666666667,1.0,1.0,1.0,2.0,1.0,1.6,1.0,1.0,1.0,1.0,1.3333333333333333,1.0,1.0,1.0,1.0,1.0,1.0,1.0,3.0,0.0,0.0,0.0,1.0,1.0,1.0,0.0,1.0,0.0,1.0,1.0,1.0,1.0,1.25,1.0,1.0,1.0,1.0,1.0,1.3333333333333333,1.0,1.0,1.0,1.3333333333333333,0.0,0.0,1.0,0.0,1.0,0.0,0.0,1.0,1.0,0.0,0.0
DOMINGO,263.0,1.0,0.0,0.0,1.0,0.0,1.0,0.0,1.0,0.0,0.0,2.0,0.0,0.0,0.0,0.0,0.0,0.0,0.0,0.0,0.0,1.0,1.0,0.0,1.0,0.0,1.0,0.0,0.0,0.0,1.0,1.0,1.0,1.0,1.0,1.25,1.0,1.0,1.0,0.0,1.0,1.0,1.0,1.25,1.3333333333333333,1.0,1.5,1.0,1.0,1.0,1.2,1.0,1.0,0.0,0.0,1.0,1.0,1.0,1.2,1.0,1.0,1.0,0.0,1.0,0.0,1.0,2.5,1.0,1.0,1.0,1.0,1.0,1.5,1.2,1.0,1.0,1.0,1.0,1.0,1.0,1.0,1.0,1.0,1.0,1.0,1.0,0.0,1.0,0.0,1.0,0.0,1.0,1.0,1.0,1.0,1.0,0.0
LUN,4.0,1.0,1.0,0.0,0.0,0.0,0.0,0.0,0.0,0.0,0.0,0.0,1.0,0.0,0.0,0.0,1.0,0.0,0.0,1.0,0.0,1.0,0.0,1.0,1.0,1.0,1.0,1.1666666666666667,1.1818181818181819,1.0,1.0,1.5555555555555556,1.0,1.5,1.0,1.125,1.5,1.3636363636363635,1.5555555555555556,1.4545454545454546,1.2857142857142858,1.4666666666666666,1.2,1.1428571428571428,1.2857142857142858,1.2,1.0,1.0,1.0,1.25,1.2222222222222223,1.3333333333333333,1.3333333333333333,1.5,1.0,1.0,1.0,1.6666666666666667,1.25,1.1428571428571428,1.5,1.6,1.0,1.3333333333333333,1.1666666666666667,1.0,1.3333333333333333,1.0,1.0,1.0,1.0,1.0,1.0,0.0,2.0,1.3333333333333333,1.0,1.3333333333333333,0.0,1.2,1.1666666666666667,1.0,1.0,1.0,1.0,1.0,1.0,1.0,0.0,1.0,1.0,1.0,0.0,0.0,0.0,1.0,0.0
LUN,12.0,0.0,0.0,0.0,0.0,0.0,0.0,0.0,0.0,0.0,0.0,0.0,0.0,0.0,0.0,0.0,0.0,0.0,0.0,0.0,0.0,0.0,0.0,0.0,0.0,0.0,0.0,0.0,0.0,0.0,0.0,0.0,0.0,0.0,0.0,0.0,0.0,0.0,0.0,0.0,0.0,0.0,0.0,0.0,1.0,0.0,0.0,0.0,0.0,0.0,0.0,1.0,0.0,0.0,0.0,0.0,0.0,0.0,0.0,0.0,0.0,0.0,0.0,1.0,1.0,0.0,0.0,1.0,0.0,0.0,1.0,0.0,0.0,0.0,0.0,0.0,0.0,0.0,0.0,0.0,0.0,0.0,0.0,0.0,0.0,0.0,1.0,0.0,0.0,0.0,0.0,0.0,0.0,0.0,0.0,0.0,0.0
LUN,13.0,0.0,0.0,0.0,0.0,0.0,1.0,1.0,1.0,1.0,1.0,0.0,1.0,0.0,0.0,0.0,0.0,0.0,0.0,1.0,1.0,0.0,1.0,1.0,1.0,1.0,1.0,1.0,1.0,1.0,1.1666666666666667,1.2,1.125,1.0,1.6,1.2,1.0,1.0833333333333333,1.2222222222222223,1.2222222222222223,1.1111111111111112,1.5714285714285714,1.3333333333333333,1.0,1.0,1.2,1.0,1.0,1.3333333333333333,1.125,1.0,1.2857142857142858,1.0,1.1666666666666667,1.1,1.2857142857142858,0.0,1.0,1.5,1.0,1.6,1.0,1.6,1.25,1.25,1.0,1.1666666666666667,1.125,1.5,1.0,1.1666666666666667,1.0,1.4,1.1666666666666667,1.875,1.6,1.1428571428571428,1.0,1.25,1.0,1.0,1.0,1.5,1.2857142857142858,1.1666666666666667,1.2222222222222223,1.0,1.5,1.0,0.0,1.0,1.0,1.0,1.0,1.0,0.0,1.0
LUN,24.0,1.0,0.0,1.0,1.0,0.0,0.0,0.0,0.0,1.0,0.0,0.0,0.0,0.0,0.0,0.0,0.0,0.0,0.0,0.0,0.0,1.0,0.0,1.0,0.0,1.0,1.0,1.0,1.0,0.0,0.0,0.0,1.0,1.0,1.0,2.0,1.0,1.0,1.0,1.0,0.0,0.0,0.0,1.0,1.0,1.0,0.0,1.0,1.0,1.0,1.3333333333333333,1.0,1.0,2.0,1.0,1.0,1.0,1.0,0.0,1.0,1.0,1.0,0.0,1.0,1.0,0.0,1.0,1.0,1.0,0.0,0.0,0.0,1.5,1.0,1.0,1.0,0.0,1.0,1.0,1.0,0.0,0.0,0.0,1.0,1.5,1.0,1.5,1.0,0.0,1.0,1.0,0.0,1.0,1.0,0.0,1.0,0.0
LUN,41.0,1.0,1.0,0.0,0.0,0.0,0.0,1.0,1.0,0.0,0.0,0.0,1.0,0.0,0.0,0.0,0.0,0.0,0.0,1.0,1.0,1.0,1.3333333333333333,1.5,1.0,1.0,1.0,1.25,1.25,1.8,1.0,1.5555555555555556,1.75,1.1428571428571428,1.25,2.2,1.4285714285714286,1.5714285714285714,1.125,1.2727272727272727,1.5,1.8,1.5555555555555556,1.5714285714285714,1.2857142857142858,1.25,1.1538461538461537,1.1111111111111112,1.25,1.3636363636363635,1.4166666666666667,1.5,1.2,1.1666666666666667,1.5,1.1666666666666667,1.4285714285714286,1.0,1.1111111111111112,1.2,1.0,1.0,1.3333333333333333,1.0,1.0,1.0,1.0,1.0,1.0,1.3333333333333333,1.5,1.0,1.0,1.0,1.0,1.0,2.0,0.0,1.3333333333333333,1.0,0.0,2.0,1.5,1.0,1.0,1.0,1.0,1.0,0.0,1.0,1.0,1.0,0.0,1.0,0.0,0.0,0.0
LUN,42.0,1.0,0.0,1.0,2.0,0.0,0.0,0.0,0.0,1.0,0.0,0.0,1.0,1.5,0.0,0.0,0.0,0.0,1.75,0.0,1.0,1.2,0.0,1.25,1.1666666666666667,1.0,1.0,1.3333333333333333,1.5,1.5454545454545454,1.5,1.4285714285714286,1.5,1.8571428571428572,2.076923076923077,1.9375,1.6923076923076923,1.7857142857142858,1.8421052631578947,1.5833333333333333,1.6153846153846154,1.7333333333333334,2.0,1.5,1.8,1.5833333333333333,1.2857142857142858,1.7692307692307692,1.8333333333333333,1.5625,1.3333333333333333,1.6363636363636365,2.5,1.1818181818181819,1.5333333333333334,1.3333333333333333,1.5454545454545454,1.25,1.25,1.3,1.2857142857142858,1.8,1.0,1.0,1.1111111111111112,1.25,1.1666666666666667,1.1428571428571428,1.5,1.1818181818181819,1.2857142857142858,1.2222222222222223,1.0,1.0,1.0,1.0,1.1428571428571428,1.6,1.0,1.0,1.0,1.5,1.0,1.0,1.4,1.0,1.0,1.0,0.0,1.0,1.0,1.0,0.0,1.0,0.0,1.0,1.0
LUN,43.0,0.0,0.0,0.0,0.0,0.0,0.0,0.0,0.0,0.0,0.0,0.0,0.0,0.0,0.0,0.0,0.0,0.0,0.0,0.0,0.0,0.0,0.0,0.0,0.0,0.0,1.0,1.0,0.0,1.0,1.0,0.0,1.0,1.0,1.0,0.0,1.0,1.0,0.0,1.0,0.0,1.0,1.0,0.0,0.0,1.5,1.0,1.0,1.0,1.3333333333333333,1.0,1.5,1.0,0.0,1.0,1.0,1.3333333333333333,0.0,1.0,0.0,0.0,1.0,1.0,1.0,1.0,1.0,1.0,1.0,1.0,1.0,1.0,1.0,1.0,1.0,1.0,1.0,1.0,1.0,1.0,1.0,1.0,1.0,0.0,1.0,1.0,0.0,1.0,0.0,1.0,1.0,0.0,0.0,0.0,1.0,0.0,2.0,1.0
LUN,45.0,0.0,0.0,1.0,0.0,0.0,0.0,0.0,0.0,0.0,1.0,0.0,0.0,0.0,0.0,0.0,0.0,0.0,0.0,0.0,0.0,0.0,1.0,1.0,0.0,1.0,1.0,0.0,1.0,1.3333333333333333,1.0,0.0,1.0,1.0,1.0,1.5,1.2,1.0,1.3333333333333333,1.5,1.1666666666666667,1.0,1.0,1.8333333333333333,1.0,1.0,1.0,2.0,1.4,1.0,1.0,1.4444444444444444,1.5,1.375,1.3333333333333333,1.0,1.0,1.0,1.0,1.0,1.4285714285714286,1.0,1.0,1.0,1.4,1.0,1.0,1.0,1.0,1.5,1.0,1.0,1.0,1.0,1.3333333333333333,1.0,1.6666666666666667,1.0,1.25,1.6666666666666667,1.0,1.0,1.0,1.0,1.0,1.3333333333333333,1.0,1.0,1.0,1.0,1.3333333333333333,1.0,1.0,0.0,1.2,0.0,0.0
LUN,48.0,0.0,1.0,1.0,1.0,1.0,1.0,1.0,1.0,0.0,0.0,0.0,1.0,0.0,0.0,0.0,0.0,0.0,0.0,0.0,1.0,0.0,1.0,1.0,1.0,1.5,1.0,1.25,1.0,1.2857142857142858,1.0,1.4,1.125,1.0,1.5555555555555556,1.5,1.5,1.4,1.0714285714285714,1.6923076923076923,1.4285714285714286,1.4285714285714286,1.5,1.0,1.3333333333333333,1.2,1.375,1.1666666666666667,1.5714285714285714,1.0,1.25,1.0,1.25,1.0,1.1666666666666667,1.4,1.0,1.2222222222222223,1.4,1.25,1.0,1.875,1.0,1.125,1.125,1.4285714285714286,1.3333333333333333,1.1666666666666667,1.2,1.0,1.1666666666666667,1.1428571428571428,1.0,1.2,1.0,1.5,1.6666666666666667,1.0,1.4285714285714286,1.2,1.4,1.0,1.2857142857142858,1.25,1.5,1.0833333333333333,1.0,1.2,1.25,1.2222222222222223,1.25,1.0,1.0,1.0,1.5,1.0,0.0
LUN,50.0,1.0,0.0,1.0,0.0,0.0,1.0,0.0,0.0,1.0,0.0,0.0,0.0,0.0,1.0,1.0,0.0,0.0,0.0,1.0,0.0,1.0,1.0,1.0,1.2,1.0,1.0,1.2,1.0,1.0,1.1666666666666667,1.75,1.7777777777777777,1.3333333333333333,1.4285714285714286,1.6875,1.1666666666666667,1.4166666666666667,1.4,1.1111111111111112,1.6666666666666667,1.4,1.3636363636363635,1.4545454545454546,1.2857142857142858,1.2857142857142858,1.3333333333333333,1.1428571428571428,1.1666666666666667,1.4,1.375,1.2857142857142858,1.25,1.3333333333333333,1.2222222222222223,1.0,1.0,1.0,1.0,1.0,1.3333333333333333,1.6,1.0,0.0,1.0,1.2222222222222223,1.3333333333333333,1.0,1.1666666666666667,1.0,1.5,1.25,1.0,1.2,1.0,1.0,1.5,1.0,1.1111111111111112,1.25,1.4285714285714286,1.0,2.0,1.25,1.0,1.0,1.0,1.3333333333333333,1.0,1.0,2.0,1.0,1.0,0.0,0.0,1.0,1.0
LUN,68.0,1.0,1.0,0.0,0.0,1.0,1.0,1.0,0.0,0.0,0.0,1.0,0.0,0.0,1.0,1.0,1.0,1.0,1.0,0.0,0.0,0.0,0.0,1.0,1.0,1.25,1.5,1.0,1.2,1.1666666666666667,1.1428571428571428,1.2222222222222223,1.375,1.5833333333333333,1.4285714285714286,1.375,1.5714285714285714,1.5,1.5555555555555556,1.2307692307692308,1.4444444444444444,1.5625,1.1111111111111112,1.4444444444444444,1.1333333333333333,1.7777777777777777,1.1666666666666667,1.4,1.25,1.625,1.4,1.0,1.0833333333333333,1.6666666666666667,1.1111111111111112,1.3,1.375,1.5555555555555556,1.4,1.2,1.3333333333333333,1.0,1.2,1.4285714285714286,1.4,1.0,1.1111111111111112,1.5,1.3333333333333333,1.2,1.8888888888888888,1.25,1.4166666666666667,1.25,1.5555555555555556,1.2,1.125,1.2,1.0,1.5555555555555556,1.1666666666666667,1.4166666666666667,1.0,1.2,1.0,2.5,1.5555555555555556,1.5714285714285714,1.2222222222222223,1.1428571428571428,1.0,1.0,1.0,3.5,1.0,1.0,1.0
LUN,74.0,0.0,0.0,1.0,1.0,0.0,0.0,0.0,0.0,0.0,0.0,0.0,0.0,0.0,0.0,1.0,1.0,1.0,0.0,0.0,1.0,1.0,1.0,1.0,1.0,1.0,1.2,1.0,1.5714285714285714,1.2857142857142858,1.4285714285714286,1.1428571428571428,1.75,1.25,1.125,1.5384615384615385,1.4285714285714286,1.3076923076923077,1.1111111111111112,1.6153846153846154,2.0,2.272727272727273,1.9166666666666667,1.4285714285714286,1.2,1.5,1.2727272727272727,1.2857142857142858,1.0,1.9375,1.1111111111111112,1.8888888888888888,1.1,1.4285714285714286,1.4444444444444444,1.4545454545454546,1.25,1.3636363636363635,1.1428571428571428,1.3846153846153846,1.5,1.0,1.5,1.0,1.125,1.0,1.3333333333333333,1.0,1.0,1.0,1.0,1.25,1.0,1.125,1.0,1.3333333333333333,1.0,1.0,1.0,1.0,1.0,1.3333333333333333,1.25,1.3333333333333333,1.0,1.0,1.0,1.0,1.0,1.0,1.0,1.0,1.5,1.0,1.0,0.0,1.0
LUN,75.0,0.0,0.0,0.0,1.0,0.0,0.0,0.0,0.0,0.0,0.0,1.0,2.0,0.0,0.0,0.0,0.0,0.0,0.0,1.0,1.0,1.0,1.0,1.5,1.0,1.1538461538461537,1.2,1.6666666666666667,1.3333333333333333,1.3,1.4285714285714286,1.2222222222222223,1.5,1.2727272727272727,1.375,1.8,1.5,1.8333333333333333,1.3636363636363635,1.5,1.6,1.6153846153846154,1.5,1.3846153846153846,1.1666666666666667,1.5833333333333333,1.4,1.5294117647058822,1.6666666666666667,2.0,1.6666666666666667,1.9411764705882353,1.4545454545454546,1.5833333333333333,1.5454545454545454,1.3571428571428572,1.8888888888888888,1.5,1.5,1.5333333333333334,1.25,1.3636363636363635,1.625,1.3333333333333333,1.0769230769230769,1.5454545454545454,1.1111111111111112,1.8181818181818181,2.0,1.7777777777777777,1.25,1.1111111111111112,1.0,1.625,1.2,1.0,1.6666666666666667,1.0,1.6666666666666667,1.2,1.1111111111111112,1.2,1.0,1.1666666666666667,1.0,0.0,1.4,1.125,2.0,1.0,1.6,1.0,1.0,1.0,1.0,1.0,0.0
LUN,79.0,1.0,1.5,1.0,1.0,1.0,1.0,1.0,1.0,0.0,1.0,1.0,0.0,1.0,0.0,0.0,0.0,1.0,0.0,0.0,1.0,1.0,1.0,1.0,1.0,1.0,1.0,1.75,1.0,1.0,1.5,1.0,1.4285714285714286,1.5,1.0833333333333333,1.625,1.6,1.5,1.875,1.2222222222222223,1.0,1.3,1.1428571428571428,1.1428571428571428,1.25,1.1818181818181819,1.1666666666666667,1.3333333333333333,1.1111111111111112,1.4,1.5,1.1428571428571428,1.0,1.0,1.0,1.0,2.3333333333333335,1.1666666666666667,1.0,1.0,1.1666666666666667,1.3333333333333333,1.5,1.1666666666666667,1.1428571428571428,1.2,1.0,1.0,1.2,1.1428571428571428,1.6,1.0,1.1666666666666667,1.5,1.25,1.2857142857142858,1.3333333333333333,1.0,1.6,1.1666666666666667,1.8571428571428572,1.25,1.625,1.25,1.1818181818181819,1.2,1.25,1.4,1.1428571428571428,1.0,1.25,1.1666666666666667,1.0,1.0,1.0,1.0,1.0
LUN,87.0,1.0,0.0,0.0,1.0,0.0,1.0,0.0,1.0,0.0,0.0,0.0,0.0,0.0,0.0,0.0,0.0,1.0,0.0,1.0,0.0,1.0,1.0,0.0,1.0,0.0,1.0,1.0,1.25,0.0,1.0,1.0,1.6,1.4,1.2,1.2857142857142858,1.0,1.3333333333333333,1.0,1.1666666666666667,1.4285714285714286,1.0,1.5,1.5,1.1666666666666667,1.25,1.1428571428571428,1.5714285714285714,1.0,1.0,1.0,1.0,1.0,1.6666666666666667,1.0,1.0,1.0,1.4,1.25,1.25,1.625,1.1111111111111112,1.5714285714285714,1.2,1.0,1.125,1.3333333333333333,1.0,1.2857142857142858,1.0,1.25,1.2857142857142858,1.2,1.4285714285714286,1.0,1.0,1.1666666666666667,1.375,1.2857142857142858,1.2,1.0,1.2857142857142858,1.6,1.0,1.5,1.25,1.6,1.0,1.0,1.125,1.0,1.0,1.0,0.0,1.0,1.0,1.0
LUN,88.0,0.0,0.0,1.0,0.0,0.0,1.0,0.0,0.0,0.0,0.0,0.0,0.0,0.0,0.0,0.0,0.0,0.0,0.0,1.0,0.0,0.0,0.0,0.0,0.0,1.0,1.0,1.0,1.0,0.0,0.0,0.0,1.0,0.0,1.0,1.0,1.0,1.0,1.0,1.0,1.0,1.0,1.2,1.3333333333333333,1.0,1.0,1.0,1.1428571428571428,1.6666666666666667,1.2,1.0,1.25,1.25,1.6,1.0,1.0,1.8,1.0,1.5714285714285714,1.0,1.25,1.0,1.0,2.0,1.0,1.2857142857142858,1.0,1.3333333333333333,1.0,1.0,1.0,1.0,1.0,1.2,1.125,1.25,1.0,1.0,1.0,1.0,2.0,2.7777777777777777,1.6666666666666667,2.111111111111111,1.4545454545454546,1.4,1.375,1.1666666666666667,1.3333333333333333,1.3,1.5,1.4,1.0,1.0,1.0,1.6,1.0
LUN,90.0,1.0,0.0,0.0,0.0,1.0,1.0,0.0,0.0,0.0,0.0,0.0,0.0,1.0,0.0,0.0,0.0,0.0,1.0,1.0,0.0,0.0,0.0,1.0,1.0,1.0,1.0,0.0,1.0,1.5,1.2,1.5,1.0,1.4,1.0,1.0,1.0,1.0,1.3333333333333333,1.25,1.0,1.375,1.0,1.0,1.125,1.25,1.25,1.0,1.2857142857142858,1.0,1.0,1.0,1.5,1.1428571428571428,1.0,1.25,1.0,1.0,1.3333333333333333,1.0,0.0,1.0,1.0,1.0,1.3333333333333333,1.0,1.0,1.0,1.0,1.0,1.0,1.3333333333333333,1.0,1.0,1.2,1.3333333333333333,1.0,1.6666666666666667,1.1666666666666667,1.5,1.0,1.2,1.3333333333333333,1.0,1.25,1.0,1.5,0.0,1.0,1.0,1.0,1.0,1.0,0.0,1.0,0.0,1.0
LUN,100.0,0.0,0.0,0.0,1.0,0.0,2.0,0.0,0.0,0.0,0.0,0.0,0.0,0.0,0.0,0.0,0.0,0.0,0.0,0.0,0.0,0.0,0.0,1.0,1.0,0.0,0.0,1.0,1.0,0.0,1.0,1.0,0.0,1.0,1.1111111111111112,1.0,1.0,1.0,1.0,1.0,1.5,1.5,1.0,1.1428571428571428,1.0,1.0,1.6666666666666667,1.0,1.0,1.0,1.2,1.0,0.0,1.6,1.0,1.0,1.0,1.0,1.0,1.0,1.0,1.0,1.5,1.0,1.3333333333333333,0.0,1.0,1.3333333333333333,1.0,1.3333333333333333,1.0,1.6666666666666667,1.5714285714285714,1.1428571428571428,1.1666666666666667,1.0,1.1666666666666667,1.25,1.3333333333333333,1.0,1.1428571428571428,1.0,1.4,1.0,1.2857142857142858,1.0,1.0,1.0,1.3333333333333333,1.0,1.0,1.0,1.0,1.0,0.0,0.0,0.0
LUN,107.0,1.0,0.0,1.0,1.0,0.0,0.0,0.0,1.0,0.0,0.0,0.0,0.0,0.0,0.0,0.0,0.0,0.0,0.0,0.0,0.0,1.0,1.0,1.0,0.0,1.0,1.0,1.0,1.3333333333333333,1.0,1.5,1.1666666666666667,1.1428571428571428,1.8571428571428572,1.1666666666666667,1.5714285714285714,1.4,1.3333333333333333,1.25,1.6,1.0,1.6666666666666667,1.3333333333333333,1.0,1.2727272727272727,1.0,1.4,1.1428571428571428,1.0,1.1428571428571428,1.4285714285714286,1.1666666666666667,1.4444444444444444,1.2,1.3333333333333333,1.25,1.2,1.3333333333333333,1.25,1.1428571428571428,1.0,1.0,1.0,2.0,1.0,1.0,1.0,1.0,1.0,1.1666666666666667,1.25,1.0,1.0,1.3333333333333333,1.3333333333333333,1.0,1.625,1.4,1.625,1.375,1.0,1.0,1.5,1.0,1.125,1.0,1.0,1.0,1.0,1.0,1.1666666666666667,1.0,0.0,1.0,0.0,1.0,0.0
LUN,113.0,0.0,0.0,0.0,0.0,1.0,1.0,0.0,0.0,0.0,0.0,0.0,0.0,0.0,0.0,1.0,0.0,0.0,0.0,0.0,0.0,0.0,1.0,1.0,1.0,1.0,1.1818181818181819,1.5,1.0,1.1666666666666667,0.0,1.0,1.0,1.1666666666666667,1.3333333333333333,1.2857142857142858,1.0,1.0,1.0,1.0,1.0,1.0,1.0,1.0,1.6666666666666667,1.0,1.1428571428571428,1.25,1.3333333333333333,1.4,1.0,1.25,1.2,1.0,1.25,1.1428571428571428,1.0,1.0,1.5,1.0,1.0,1.4,1.5,1.0,1.0,1.0,1.0,1.0,1.3333333333333333,1.0,1.6666666666666667,1.2,1.6666666666666667,1.5,1.1666666666666667,1.3333333333333333,1.0,1.0,1.5,1.0,1.0,1.1428571428571428,1.0,1.25,1.1428571428571428,1.4285714285714286,1.0,1.0,1.0,2.0,1.0,1.0,0.0,1.0,1.0,1.0,0.0
LUN,114.0,1.0,1.0,1.0,1.0,1.0,0.0,0.0,0.0,1.0,0.0,0.0,0.0,0.0,0.0,0.0,0.0,0.0,0.0,0.0,1.0,1.0,0.0,0.0,0.0,1.0,0.0,0.0,0.0,1.0,1.0,1.0,1.0,1.2,1.0,1.0,1.0,1.0,1.0,1.4,1.0,1.0,2.0,1.3333333333333333,1.3333333333333333,1.0,1.0,1.3333333333333333,1.0,2.0,1.5,1.0,1.0,1.0,1.0,0.0,1.0,1.5,1.4,0.0,1.0,1.0,1.0,1.0,1.0,1.0,1.0,1.0,1.25,1.0,1.0,1.0,1.0,1.1666666666666667,1.3333333333333333,1.0,1.0,1.25,1.2,1.0,1.0,1.0,1.3333333333333333,1.1666666666666667,1.2,1.0,1.0,1.0,1.3333333333333333,1.1666666666666667,1.0,1.0,1.0,1.0,1.5,1.0,1.0
LUN,116.0,0.0,1.0,0.0,0.0,1.0,0.0,0.0,0.0,0.0,0.0,0.0,0.0,1.0,0.0,0.0,0.0,1.0,0.0,0.0,1.0,1.0,1.0,1.0,1.0,0.0,1.0,1.0,2.0,1.1111111111111112,1.1428571428571428,1.0,1.4285714285714286,1.0,1.2222222222222223,1.5384615384615385,1.3,1.125,1.0,1.2,1.25,1.3333333333333333,1.1666666666666667,1.125,1.1666666666666667,1.6666666666666667,1.0,1.0,1.2,1.0,1.0,1.5,1.25,1.4,1.0,1.0,1.6,1.0,1.0,1.5,1.2,1.0,1.0,1.0,1.0,1.0,1.0,1.0,0.0,1.0,1.0,1.0,1.0,1.0,1.0,0.0,1.0,0.0,1.0,0.0,1.0,1.0,1.0,1.0,1.3333333333333333,1.0,1.0,0.0,1.0,1.0,1.0,1.0,1.0,0.0,0.0,1.0,1.0
LUN,120.0,0.0,0.0,0.0,0.0,0.0,0.0,0.0,0.0,0.0,0.0,0.0,0.0,0.0,0.0,0.0,0.0,0.0,0.0,0.0,0.0,0.0,0.0,0.0,0.0,0.0,0.0,0.0,0.0,0.0,0.0,0.0,0.0,0.0,0.0,0.0,0.0,1.0,1.0,0.0,0.0,0.0,0.0,0.0,1.0,0.0,0.0,0.0,0.0,0.0,0.0,0.0,0.0,0.0,0.0,0.0,0.0,0.0,0.0,0.0,0.0,0.0,0.0,0.0,0.0,0.0,0.0,0.0,0.0,0.0,0.0,0.0,0.0,0.0,0.0,0.0,0.0,1.0,1.0,0.0,0.0,0.0,0.0,0.0,0.0,0.0,0.0,0.0,0.0,0.0,0.0,0.0,1.0,0.0,0.0,0.0,0.0
LUN,125.0,0.0,1.0,0.0,1.0,1.0,0.0,0.0,1.0,0.0,0.0,0.0,0.0,1.0,0.0,0.0,0.0,0.0,0.0,0.0,0.0,0.0,0.0,1.0,0.0,1.0,0.0,1.0,1.0,1.0,1.0,1.0,1.0,1.3333333333333333,1.0,0.0,1.25,1.4,1.0,1.0,1.3333333333333333,1.0,1.0,1.0,1.5,1.0,1.0,1.0,1.1428571428571428,1.0,1.0,1.0,1.3333333333333333,1.0,1.0,0.0,1.0,1.0,1.1428571428571428,1.375,1.0,1.0,1.0,1.0,2.0,1.0,2.0,1.0,1.5,1.3333333333333333,1.8,1.2,1.0,1.6666666666666667,1.25,1.1666666666666667,1.0,1.0,0.0,1.0,1.0,1.0,1.0,1.0,1.3333333333333333,1.5,1.0,1.0,0.0,0.0,1.0,1.0,0.0,1.0,0.0,1.0,0.0
LUN,127.0,1.0,0.0,0.0,0.0,0.0,0.0,0.0,0.0,0.0,0.0,0.0,0.0,0.0,1.0,0.0,0.0,0.0,1.0,1.0,1.0,1.0,1.0,1.0,1.0,1.0,1.0,1.0,1.0,1.0,1.0,1.0,1.0,1.25,1.0,1.0,1.0,1.2,2.0,1.0,1.0,1.3333333333333333,1.1666666666666667,1.0,1.0,1.0,0.0,1.0,1.0,1.1428571428571428,0.0,1.0,1.0,1.0,1.0,1.25,1.0,1.0,1.0,0.0,1.0,1.0,0.0,1.0,0.0,0.0,1.0,1.0,1.0,1.0,1.0,0.0,0.0,1.0,1.0,1.0,1.0,0.0,1.0,0.0,0.0,0.0,1.0,1.0,1.0,0.0,0.0,1.0,1.0,0.0,0.0,0.0,0.0,0.0,1.0,1.0,0.0
LUN,128.0,0.0,0.0,0.0,0.0,0.0,0.0,0.0,0.0,0.0,0.0,0.0,0.0,0.0,0.0,0.0,0.0,0.0,0.0,0.0,0.0,0.0,0.0,0.0,0.0,0.0,0.0,0.0,0.0,0.0,0.0,0.0,0.0,0.0,0.0,0.0,0.0,0.0,0.0,0.0,0.0,0.0,0.0,0.0,0.0,0.0,1.0,0.0,0.0,0.0,0.0,0.0,0.0,0.0,0.0,0.0,1.0,0.0,0.0,0.0,0.0,0.0,0.0,0.0,1.0,1.0,0.0,0.0,1.0,0.0,0.0,0.0,0.0,0.0,0.0,0.0,0.0,1.0,0.0,1.0,0.0,0.0,0.0,0.0,0.0,0.0,0.0,0.0,0.0,0.0,0.0,0.0,0.0,0.0,1.0,0.0,0.0
LUN,137.0,1.0,1.0,0.0,0.0,0.0,1.0,0.0,0.0,1.0,0.0,0.0,0.0,0.0,0.0,0.0,0.0,0.0,0.0,0.0,0.0,0.0,0.0,1.0,1.0,0.0,1.0,1.25,1.0,1.0,1.0,1.3846153846153846,1.0,1.2,1.4545454545454546,1.0,1.1428571428571428,1.1818181818181819,1.8571428571428572,1.5454545454545454,1.5555555555555556,1.375,1.1111111111111112,1.2222222222222223,1.1666666666666667,1.5,1.3333333333333333,1.1,1.5,1.7142857142857142,1.5454545454545454,1.1111111111111112,1.2222222222222223,1.0,1.0,1.125,1.4444444444444444,1.2727272727272727,1.6,1.1428571428571428,1.0,1.3333333333333333,1.0,1.1,1.0,1.2,1.4,1.2857142857142858,1.25,1.25,1.2,1.4,1.2857142857142858,1.3333333333333333,1.0,1.0,1.2222222222222223,1.2,1.1666666666666667,1.0,1.0,1.25,1.0,1.0,1.0,1.0,1.0,1.0,1.5,1.1428571428571428,1.5,0.0,1.0,1.0,1.0,0.0,0.0
LUN,140.0,1.0,0.0,0.0,1.0,0.0,1.0,0.0,1.0,0.0,0.0,0.0,1.0,0.0,0.0,0.0,0.0,0.0,0.0,0.0,0.0,1.0,1.0,1.3333333333333333,1.3333333333333333,1.0,1.0,1.0,1.0,1.0,1.2,1.0,1.75,1.1,1.0,1.6,1.3,1.2,1.3333333333333333,1.625,1.2,1.125,1.2222222222222223,1.375,1.3636363636363635,1.2,1.3076923076923077,1.5714285714285714,1.5384615384615385,1.5454545454545454,1.6,1.1111111111111112,1.2727272727272727,1.3076923076923077,1.5555555555555556,1.2222222222222223,1.5,1.4,1.2857142857142858,1.1428571428571428,1.5,1.5,1.3333333333333333,1.1,1.3,1.2222222222222223,1.7,1.1428571428571428,1.4,1.0,1.2857142857142858,1.2222222222222223,1.4444444444444444,1.3,1.25,1.375,1.4285714285714286,1.6666666666666667,1.0,1.2,1.5,0.0,1.0,1.0,1.25,1.0,1.5,1.0,1.0,1.5,1.0,1.0,1.0,1.0,0.0,1.0,0.0
LUN,141.0,0.0,0.0,0.0,0.0,0.0,0.0,0.0,0.0,1.0,1.0,0.0,0.0,0.0,0.0,0.0,1.0,0.0,1.0,1.0,1.0,1.0,1.0,1.0,0.0,1.0,1.0,1.2,1.0,1.1666666666666667,1.0,1.25,1.2222222222222223,1.3636363636363635,1.375,1.3,1.1428571428571428,1.1818181818181819,1.0,1.125,1.0,1.0,1.0,1.1428571428571428,1.4,1.5,1.1428571428571428,1.3,1.1428571428571428,1.3333333333333333,1.875,1.5,1.25,1.0,1.125,1.5,1.0,1.0,1.25,1.1428571428571428,1.0,1.25,1.5,1.5714285714285714,1.5,1.0,1.0,1.125,1.2222222222222223,1.5,1.2,1.0,1.0,1.0,1.1428571428571428,1.4444444444444444,1.25,1.2857142857142858,1.0,1.1666666666666667,1.1666666666666667,1.0,1.2857142857142858,1.0,1.2,1.5,1.0,1.0,1.0,1.0,1.0,0.0,1.0,1.0,0.0,0.0,0.0
LUN,142.0,1.0,0.0,1.0,0.0,0.0,0.0,1.0,0.0,1.0,0.0,0.0,0.0,1.0,0.0,0.0,0.0,0.0,0.0,1.0,0.0,1.0,0.0,1.0,1.0,1.0,1.0,1.0,1.0,1.0,1.0,1.0,1.1666666666666667,1.0,1.2857142857142858,1.125,1.2727272727272727,1.1428571428571428,1.2,1.0,1.4,1.3333333333333333,1.0,1.4,1.0,1.125,1.3333333333333333,1.2,1.2857142857142858,1.6,1.7777777777777777,1.1666666666666667,1.4,1.1111111111111112,1.2,1.0,1.2857142857142858,1.0,1.2857142857142858,1.0,1.375,1.0,1.0,1.0,1.125,1.0,1.1666666666666667,1.0,1.5,1.0,1.0,1.3333333333333333,1.25,1.1428571428571428,1.0,1.3333333333333333,1.3333333333333333,1.4285714285714286,1.4,1.5714285714285714,1.0,1.0,1.0,1.1428571428571428,1.3333333333333333,1.0,1.75,1.3333333333333333,1.6,2.2857142857142856,1.0,1.1428571428571428,1.0,1.0,1.0,1.0,1.0
LUN,143.0,0.0,0.0,1.0,1.0,0.0,0.0,0.0,1.0,0.0,0.0,0.0,0.0,0.0,0.0,0.0,1.0,0.0,0.0,0.0,1.0,1.0,1.0,1.5,1.0,1.125,1.125,1.25,1.1818181818181819,1.25,1.625,1.1,1.2857142857142858,1.7777777777777777,2.0,1.6666666666666667,1.6363636363636365,1.5714285714285714,1.4285714285714286,1.25,1.3333333333333333,1.6153846153846154,1.3333333333333333,1.2857142857142858,1.75,1.25,1.1428571428571428,1.2,1.1666666666666667,1.0,1.375,1.0,1.2,1.1666666666666667,1.5,1.0,1.0,1.2,1.2,1.1666666666666667,1.0,1.0,1.2,1.25,1.0,1.0,1.125,1.2857142857142858,1.0,1.1,1.4,1.8,1.0,1.75,1.4,1.0,1.0,1.3333333333333333,1.25,1.0,1.0,1.5,1.5,1.25,1.25,1.0,0.0,1.0,1.3333333333333333,1.0,0.0,1.0,1.0,1.0,0.0,0.0,0.0
LUN,144.0,0.0,1.0,0.0,0.0,0.0,1.0,0.0,0.0,1.0,0.0,1.0,0.0,0.0,0.0,0.0,0.0,0.0,1.0,0.0,0.0,0.0,0.0,1.0,0.0,0.0,1.0,1.0,1.0,1.0,1.0,1.0,1.0,1.0,1.0,1.2857142857142858,1.3333333333333333,1.5,0.0,1.0,1.25,1.0,1.3333333333333333,1.5,1.4,1.3333333333333333,1.1818181818181819,1.4444444444444444,1.6923076923076923,1.5833333333333333,1.0,1.7142857142857142,1.6666666666666667,1.25,1.6666666666666667,1.3333333333333333,1.1428571428571428,1.0,1.2,1.3333333333333333,1.2857142857142858,1.0,1.5,1.2222222222222223,1.25,1.375,1.0,1.0,1.2,1.0,1.0,1.0,1.1666666666666667,1.0,1.2222222222222223,1.3636363636363635,1.3,1.0,1.1428571428571428,1.0,1.0,1.5,1.0,1.25,1.2,1.25,1.0,1.6666666666666667,1.0,1.0,1.0,1.0,1.0,1.0,1.0,0.0,1.0
LUN,148.0,1.0,1.0,1.0,0.0,0.0,1.0,1.0,1.0,1.0,1.0,1.0,1.0,1.0,0.0,1.0,1.0,0.0,0.0,0.0,1.0,0.0,0.0,1.0,1.0,1.0,1.0,1.0,1.0,1.0,1.125,1.25,1.2727272727272727,1.3,1.125,1.125,1.0833333333333333,1.0,1.2857142857142858,1.0,1.1428571428571428,1.375,1.3,1.0,1.6,1.25,1.0,1.0,1.0,1.0,1.0,1.1818181818181819,1.0,1.0,1.0,1.0,1.0,1.3333333333333333,1.0,1.2,1.0,1.125,1.25,1.1111111111111112,1.0,1.0,1.0,1.2,1.25,1.0,1.0,1.0,2.0,1.0,1.0,1.0,1.4,1.0,1.0,1.125,1.3333333333333333,1.0,1.1666666666666667,1.2,1.2,1.1666666666666667,1.0,1.2,1.125,1.0,1.0,1.0,1.3333333333333333,1.0,1.25,1.0,0.0
LUN,151.0,0.0,0.0,0.0,0.0,1.0,0.0,0.0,1.0,0.0,0.0,1.0,0.0,1.0,1.0,0.0,0.0,1.0,0.0,0.0,1.0,1.0,0.0,1.0,0.0,1.0,1.1428571428571428,0.0,1.0,1.2,1.125,1.0,1.0,1.125,1.0,1.2,1.4,1.25,1.6666666666666667,1.0,1.1111111111111112,1.5,1.0,1.3333333333333333,1.0,1.5,1.0,1.125,1.25,1.125,1.1428571428571428,1.5,1.0,1.25,1.0,1.0,1.25,1.0,1.0,1.0,1.0,1.0,1.0,1.0,1.2,1.5,1.0,1.0,1.0,1.2,1.2,1.0,1.0,1.0,1.0,1.0,1.0,0.0,1.0,1.0,1.0,1.0,1.0,0.0,0.0,1.0,1.0,0.0,1.0,0.0,1.0,1.0,0.0,1.0,1.0,1.0,0.0
LUN,152.0,0.0,0.0,0.0,0.0,0.0,1.0,0.0,0.0,0.0,0.0,0.0,0.0,0.0,0.0,0.0,0.0,0.0,0.0,0.0,0.0,0.0,0.0,1.0,1.0,1.0,1.0,1.0,1.0,1.0,1.0,0.0,1.0,1.0,1.0,1.0,1.125,1.0,1.0,1.0,1.3333333333333333,1.0,1.25,1.0,1.0,1.0,1.0,1.0,1.0,1.0,1.0,1.0,1.0,1.0,1.0,0.0,1.0,2.0,1.0,1.0,1.0,1.0,1.0,1.0,1.0,1.3333333333333333,0.0,0.0,1.25,1.0,1.0,1.0,1.0,1.0,1.0,0.0,1.0,3.0,0.0,1.0,0.0,1.0,1.0,1.0,0.0,1.0,2.0,0.0,1.0,0.0,0.0,0.0,0.0,0.0,0.0,0.0,1.0
LUN,153.0,0.0,0.0,0.0,0.0,0.0,0.0,0.0,0.0,0.0,0.0,0.0,0.0,0.0,0.0,0.0,0.0,0.0,0.0,0.0,0.0,0.0,0.0,0.0,0.0,0.0,1.0,0.0,0.0,1.0,1.0,0.0,1.0,1.0,0.0,0.0,0.0,1.5,1.0,1.0,0.0,0.0,0.0,0.0,0.0,1.0,1.0,1.0,1.0,0.0,0.0,0.0,0.0,0.0,0.0,0.0,1.0,1.0,1.0,1.0,1.0,0.0,1.0,0.0,0.0,0.0,0.0,1.0,0.0,0.0,0.0,0.0,0.0,0.0,0.0,0.0,0.0,1.0,0.0,0.0,1.0,0.0,0.0,0.0,0.0,0.0,0.0,0.0,0.0,0.0,0.0,0.0,0.0,0.0,0.0,0.0,0.0
LUN,158.0,0.0,1.0,0.0,0.0,0.0,0.0,0.0,1.0,1.0,1.0,2.0,1.0,0.0,0.0,0.0,0.0,0.0,0.0,0.0,1.0,0.0,1.0,1.0,1.0,1.1666666666666667,1.0,2.0,1.0,1.0,1.0,1.0,1.0,1.3333333333333333,1.0909090909090908,1.0,1.25,1.0,1.0,1.0,1.1666666666666667,1.6666666666666667,2.0,1.25,1.0,1.0,1.0,1.5,1.0,1.25,1.3333333333333333,1.0,1.5,1.5,1.25,1.0,1.0,1.0,1.3333333333333333,1.5,1.0,1.0,1.5,1.0,1.0,1.0,1.0,1.0,1.0,1.5,1.0,1.0,1.0,1.2,1.2,1.0,1.0,1.3333333333333333,1.1428571428571428,1.0,1.125,1.2,1.1666666666666667,1.0,1.1428571428571428,1.2,1.0,1.5,1.0,1.0,1.0,1.0,1.0,1.0,0.0,1.0,1.0
LUN,161.0,1.0,1.0,1.0,0.0,2.0,1.5,0.0,0.0,0.0,0.0,0.0,0.0,0.0,0.0,0.0,1.0,0.0,0.0,0.0,0.0,1.0,0.0,0.0,1.0,1.0,1.0,0.0,1.0,1.0,1.0,1.0,1.0,1.3333333333333333,1.0,1.0,1.0,1.1666666666666667,1.125,1.25,1.0,1.3333333333333333,1.3333333333333333,1.5,1.4,1.2222222222222223,1.0,1.2222222222222223,1.1111111111111112,1.375,1.4,1.0909090909090908,1.1428571428571428,1.0,1.0,1.625,1.4,1.3076923076923077,1.1666666666666667,1.8571428571428572,2.125,1.4444444444444444,1.125,1.0,1.375,1.4,1.3,1.5555555555555556,1.5555555555555556,1.6666666666666667,1.6666666666666667,1.4615384615384615,1.4375,1.6470588235294117,1.4615384615384615,1.5,1.6923076923076923,2.1333333333333333,1.6428571428571428,1.2857142857142858,1.3076923076923077,2.0,1.7777777777777777,1.0,1.75,1.25,1.1666666666666667,1.1111111111111112,1.125,1.2857142857142858,1.5,1.0,0.0,1.0,1.0,1.0,1.0
LUN,162.0,1.0,0.0,0.0,1.0,1.0,0.0,0.0,0.0,0.0,0.0,0.0,0.0,0.0,0.0,0.0,0.0,1.0,0.0,0.0,0.0,0.0,0.0,1.0,1.0,0.0,1.0,0.0,1.0,1.0,1.5,1.0,1.0,1.4,1.0,1.5,1.0,1.5,1.0,1.5,1.1666666666666667,1.25,1.0,1.3333333333333333,1.3333333333333333,1.2857142857142858,1.0,1.3333333333333333,1.3333333333333333,1.3636363636363635,1.0,1.2,1.1111111111111112,1.3333333333333333,1.2,1.0,1.4444444444444444,1.0,1.1666666666666667,1.5,1.4444444444444444,1.0,1.0,1.4,1.4444444444444444,1.1428571428571428,1.1428571428571428,1.3,1.3333333333333333,1.3636363636363635,1.4166666666666667,1.6,1.7777777777777777,1.6428571428571428,1.4285714285714286,1.4444444444444444,1.0,1.0,1.4444444444444444,1.125,1.1428571428571428,1.1666666666666667,1.25,1.0,1.0,1.25,1.3333333333333333,1.0,1.0,1.0,1.0,1.0,1.0,2.0,1.0,1.0,0.0
LUN,163.0,1.0,1.0,1.0,1.0,0.0,0.0,1.0,0.0,1.0,0.0,1.0,0.0,0.0,0.0,0.0,0.0,0.0,0.0,0.0,0.0,0.0,0.0,0.0,0.0,1.0,1.0,0.0,1.0,1.0,1.0,1.0,1.25,1.0,1.2,1.2,1.0,1.0,1.25,1.0,1.75,1.4,1.1666666666666667,1.1428571428571428,1.3333333333333333,1.0,1.5,1.1428571428571428,1.3333333333333333,1.25,1.0,1.0,1.4,1.4444444444444444,1.7142857142857142,1.25,1.4,1.1,1.2857142857142858,1.0,1.0,1.1428571428571428,1.5,1.2,1.5714285714285714,1.0,1.2857142857142858,1.25,1.2,1.125,1.2857142857142858,1.1818181818181819,1.2727272727272727,1.1428571428571428,1.2857142857142858,1.1666666666666667,1.5555555555555556,2.0,1.1428571428571428,1.0,1.125,1.3333333333333333,1.2857142857142858,1.2857142857142858,1.3333333333333333,2.111111111111111,1.1111111111111112,1.0,1.6666666666666667,2.2,1.1111111111111112,1.5,1.0,1.5,1.0,1.0,1.0
LUN,164.0,1.0,1.0,0.0,0.0,1.0,1.0,1.0,1.0,0.0,0.0,0.0,0.0,0.0,1.0,0.0,0.0,0.0,0.0,0.0,0.0,0.0,0.0,1.0,2.0,1.0,1.0,1.0,0.0,1.0,1.0,0.0,1.0,2.0,1.25,1.3333333333333333,1.1428571428571428,1.1428571428571428,1.3333333333333333,1.5,1.0,1.5,1.3333333333333333,1.1111111111111112,1.1666666666666667,1.25,1.125,1.1428571428571428,1.1666666666666667,1.3333333333333333,1.25,1.25,1.0,1.0,2.0,1.0,1.3333333333333333,1.0,1.0,1.0,1.0,1.0,1.1666666666666667,1.0,1.6666666666666667,1.1666666666666667,1.1428571428571428,1.5,1.4,1.1,1.2222222222222223,1.3333333333333333,1.0,1.2,1.2,1.0,1.125,1.0,1.2857142857142858,1.2,1.4285714285714286,1.2857142857142858,1.3333333333333333,1.4285714285714286,1.0,1.5,1.3333333333333333,1.1,1.0,1.0,1.2,1.0,1.0,1.0,1.0,0.0,0.0
LUN,166.0,0.0,1.0,0.0,0.0,0.0,0.0,0.0,1.0,0.0,0.0,0.0,0.0,1.0,0.0,0.0,1.0,0.0,0.0,0.0,0.0,1.0,1.0,0.0,0.0,0.0,1.0,1.0,1.0,1.0,1.4,1.0,1.25,1.0,1.5,1.5,1.0,1.0,1.375,1.25,2.0,1.0,1.1428571428571428,1.3333333333333333,1.2857142857142858,1.0,1.25,1.1428571428571428,1.0,1.4,1.0,1.5,1.0,1.3333333333333333,1.0,1.0,1.0,1.0,1.25,1.6666666666666667,1.4285714285714286,1.2857142857142858,1.0,1.0,1.0,1.2,1.5,1.3333333333333333,1.0,1.0,1.25,1.2,1.0,1.0,1.0,1.0,1.0,1.0,1.0,1.0,1.0,1.0,1.0,1.1666666666666667,1.0,1.0,1.0,1.0,1.0,1.0,1.0,1.3333333333333333,1.0,1.0,0.0,0.0,0.0
LUN,170.0,0.0,0.0,0.0,0.0,0.0,0.0,0.0,0.0,0.0,0.0,0.0,0.0,0.0,0.0,0.0,0.0,0.0,1.0,0.0,0.0,0.0,0.0,2.0,1.0,1.0,1.0,1.1666666666666667,1.2,1.5,1.0,1.0,1.3,1.5714285714285714,1.625,1.5,1.2727272727272727,1.6428571428571428,1.3,1.2727272727272727,1.25,1.4,1.1,1.3333333333333333,1.7142857142857142,1.25,1.1428571428571428,1.4444444444444444,1.4166666666666667,1.25,1.625,1.5,1.2222222222222223,1.0769230769230769,1.4545454545454546,1.2941176470588236,1.3333333333333333,1.3636363636363635,1.0,1.2727272727272727,1.25,1.25,1.3636363636363635,1.4,1.375,1.3333333333333333,1.7142857142857142,1.6666666666666667,1.8333333333333333,1.2222222222222223,1.3333333333333333,1.8,1.25,1.1538461538461537,1.0909090909090908,1.9,1.3333333333333333,1.5,1.1666666666666667,1.2222222222222223,1.5,1.1428571428571428,1.0,1.2857142857142858,1.375,1.2857142857142858,2.0,1.0,1.0,1.2,1.0,1.0,1.0,1.0,1.0,1.5,1.0
LUN,186.0,0.0,0.0,1.0,0.0,0.0,0.0,0.0,0.0,0.0,1.0,0.0,0.0,0.0,0.0,0.0,0.0,0.0,0.0,0.0,1.0,0.0,0.0,1.0,1.0,0.0,0.0,1.0,1.0,1.0,1.0,1.0,1.25,1.0,1.4,1.3333333333333333,1.0,1.0,1.0,1.3333333333333333,1.2857142857142858,1.0,1.5,1.0,1.0,1.0,1.0,1.3333333333333333,1.0,1.25,1.25,1.0,1.3333333333333333,1.0,1.0,1.0,1.3333333333333333,1.0,1.0,1.0,1.0,1.0,1.25,1.0,1.0,1.3333333333333333,1.0,1.0,1.0,1.0,1.25,1.0,1.0,1.0,1.1428571428571428,1.0,1.5714285714285714,1.4,2.0,1.125,1.0,1.0,1.0,1.3333333333333333,1.0,1.0,1.4,1.0,2.0,1.2,1.6666666666666667,1.3333333333333333,1.0,1.0,1.0,1.0,0.0
LUN,194.0,0.0,0.0,0.0,0.0,0.0,0.0,0.0,0.0,0.0,0.0,0.0,0.0,0.0,0.0,0.0,0.0,0.0,0.0,0.0,0.0,0.0,0.0,0.0,0.0,0.0,0.0,1.0,0.0,0.0,1.0,0.0,0.0,0.0,0.0,1.0,0.0,0.0,0.0,1.0,0.0,0.0,0.0,0.0,0.0,0.0,1.0,0.0,0.0,0.0,1.0,1.0,1.0,0.0,2.0,1.0,0.0,1.0,1.0,0.0,0.0,0.0,1.0,0.0,0.0,1.0,0.0,1.0,1.0,1.0,0.0,0.0,0.0,0.0,0.0,0.0,1.0,1.0,0.0,0.0,0.0,1.0,1.0,0.0,0.0,1.0,0.0,1.0,1.0,0.0,0.0,0.0,0.0,0.0,0.0,0.0,0.0
LUN,202.0,0.0,0.0,1.0,0.0,0.0,0.0,0.0,0.0,0.0,0.0,0.0,0.0,0.0,0.0,0.0,0.0,0.0,0.0,0.0,0.0,0.0,0.0,0.0,1.0,0.0,0.0,1.0,1.0,1.3333333333333333,1.5,1.0,0.0,1.3333333333333333,2.0,1.0,1.0,1.0,1.0,1.0,1.0,1.0,0.0,1.0,0.0,2.0,1.0,1.0,0.0,1.0,1.5,0.0,1.0,0.0,1.0,0.0,1.0,1.0,0.0,0.0,0.0,1.0,0.0,2.0,0.0,1.0,0.0,1.0,1.0,0.0,1.0,1.0,0.0,1.0,0.0,0.0,0.0,0.0,0.0,1.0,0.0,0.0,0.0,0.0,0.0,0.0,0.0,0.0,0.0,0.0,0.0,0.0,1.0,0.0,0.0,1.0,0.0
LUN,209.0,0.0,1.0,0.0,0.0,0.0,1.0,0.0,0.0,0.0,0.0,1.0,0.0,0.0,1.0,1.0,0.0,0.0,0.0,0.0,0.0,0.0,0.0,0.0,1.0,1.0,0.0,1.0,1.0,1.0,0.0,1.0,1.0,0.0,1.0,0.0,1.0,1.25,1.0,1.3333333333333333,1.0,1.0,1.0,1.0,1.0,1.3333333333333333,1.0,1.0,1.0,1.0,1.0,0.0,1.5,0.0,1.0,1.0,1.0,0.0,1.0,0.0,1.0,1.3333333333333333,1.0,1.0,0.0,1.0,2.0,1.0,1.0,1.0,1.0,1.0,1.0,1.3333333333333333,1.3333333333333333,1.0,1.0,1.0,1.0,0.0,1.0,1.0,1.3333333333333333,0.0,1.0,1.0,1.0,1.0,0.0,1.0,1.0,1.0,0.0,1.0,0.0,0.0,0.0
LUN,211.0,0.0,0.0,1.0,0.0,1.0,0.0,0.0,0.0,0.0,0.0,0.0,0.0,0.0,0.0,0.0,0.0,0.0,0.0,0.0,0.0,0.0,0.0,1.0,1.0,1.0,1.0,1.0,1.0,1.25,1.2,1.5,1.3333333333333333,1.0,1.0,1.0,1.0,1.0,1.0,1.0,1.0,1.0,1.0,1.0,1.0,1.0,1.0,1.0,1.0,1.5,1.1666666666666667,1.3333333333333333,1.0,1.0,1.0,1.5,1.0,1.0,1.0,1.0,1.0,1.0,1.0,1.0,1.0,1.0,1.0,1.0,1.0,1.0,1.3333333333333333,1.6,1.3333333333333333,1.0,1.8,1.5454545454545454,1.25,1.75,1.1428571428571428,1.0,1.0,2.0,1.0,1.0,1.0,1.0,1.0,1.0,1.0,1.0,1.0,0.0,1.0,1.0,0.0,1.0,0.0
LUN,224.0,0.0,0.0,0.0,0.0,0.0,0.0,1.0,0.0,0.0,0.0,0.0,0.0,0.0,0.0,0.0,0.0,0.0,0.0,0.0,1.0,0.0,1.0,1.0,1.25,1.0,1.0,1.0,0.0,1.0,1.0,1.0,1.25,1.0,1.3333333333333333,1.125,1.0,1.0,1.0,1.3333333333333333,1.5,1.0,1.0,0.0,1.0,1.0,1.0,1.0,1.0,1.0,1.0,1.0,1.0,1.0,1.25,1.0,1.25,1.0,0.0,1.0,1.0,1.0,1.0,1.0,0.0,1.0,0.0,1.0,1.0,1.0,1.0,1.0,1.0,1.0,1.0,1.0,0.0,1.0,0.0,1.0,1.0,1.0,1.0,0.0,1.0,0.0,0.0,1.0,0.0,0.0,0.0,1.0,1.0,1.0,1.0,0.0,0.0
LUN,229.0,0.0,1.0,0.0,0.0,1.0,0.0,0.0,0.0,1.0,1.0,1.0,0.0,0.0,0.0,0.0,0.0,0.0,0.0,0.0,0.0,1.0,1.0,1.0,1.5,1.0,1.0,1.0,1.1428571428571428,1.4285714285714286,1.4,1.3333333333333333,1.1428571428571428,1.0,1.6,1.6923076923076923,1.5,1.0,1.25,1.4444444444444444,1.5454545454545454,1.0,1.25,1.2857142857142858,1.4,1.1111111111111112,1.0,1.2727272727272727,1.1666666666666667,1.125,1.5,1.2,1.2222222222222223,1.125,1.0,1.6666666666666667,1.0,1.1666666666666667,1.3,1.0,1.0,1.1666666666666667,1.3333333333333333,1.4285714285714286,1.0,1.3333333333333333,1.0,1.1428571428571428,1.1428571428571428,1.2727272727272727,1.0,1.3,1.4,1.25,1.25,1.2,1.1428571428571428,1.0,1.0,1.8333333333333333,1.2222222222222223,1.1111111111111112,1.3333333333333333,1.4,1.0,1.5,1.0,1.0,1.0,1.0,1.0,1.0,1.0,0.0,1.0,0.0,1.0
LUN,230.0,1.0,1.0,0.0,3.0,1.0,1.0,0.0,1.0,1.0,1.0,1.0,1.0,0.0,0.0,0.0,0.0,1.0,0.0,1.0,0.0,0.0,0.0,1.0,1.0,1.0,1.0,1.0,1.0,0.0,1.0,1.5,1.2,1.1666666666666667,1.0,1.0,1.0,1.2857142857142858,1.5,1.2727272727272727,1.6666666666666667,1.5,1.1666666666666667,1.1666666666666667,1.25,1.0,1.3333333333333333,1.2,1.2727272727272727,1.1818181818181819,1.125,1.0,1.375,1.2857142857142858,1.0,1.75,1.1666666666666667,1.75,1.2,1.0,1.0,1.25,1.3333333333333333,1.0,1.2,1.0,1.1666666666666667,1.125,1.0,1.6666666666666667,1.4,1.4,2.0,1.9285714285714286,1.0,1.0,1.875,1.5,1.4545454545454546,2.142857142857143,1.2857142857142858,1.7142857142857142,1.6153846153846154,1.1666666666666667,1.2307692307692308,1.5454545454545454,1.2727272727272727,1.6666666666666667,1.4,1.25,1.2857142857142858,0.0,1.1111111111111112,1.0,2.0,1.5,2.0
LUN,231.0,0.0,1.0,0.0,0.0,1.0,0.0,0.0,0.0,1.0,0.0,0.0,0.0,0.0,0.0,0.0,0.0,0.0,0.0,0.0,1.0,1.0,1.0,1.1666666666666667,0.0,1.0,1.3333333333333333,1.0,1.1666666666666667,1.1818181818181819,1.5,1.1111111111111112,1.75,1.2857142857142858,1.0,1.4285714285714286,1.1428571428571428,1.5714285714285714,1.6428571428571428,1.5555555555555556,1.5714285714285714,1.5,1.875,1.3,1.0833333333333333,2.0833333333333335,1.2857142857142858,1.75,2.2857142857142856,1.4285714285714286,1.4545454545454546,1.3,1.1875,1.4,1.2222222222222223,1.3333333333333333,1.8571428571428572,1.2222222222222223,1.3333333333333333,1.5,1.1111111111111112,1.3333333333333333,1.2857142857142858,1.125,1.2222222222222223,1.5,1.375,1.2857142857142858,1.0,1.8461538461538463,1.6,1.2857142857142858,1.4,1.4,1.6363636363636365,1.75,1.4,1.0,1.5833333333333333,1.5454545454545454,1.3333333333333333,1.625,1.3333333333333333,1.2,1.2222222222222223,1.5,1.1428571428571428,1.6666666666666667,1.0,1.25,1.4,1.0,1.5,1.0,1.0,1.0,0.0
LUN,232.0,0.0,0.0,0.0,0.0,0.0,0.0,1.0,0.0,1.0,0.0,0.0,0.0,0.0,0.0,0.0,0.0,1.0,1.5,1.0,1.6,1.0,1.0,1.0,1.0,1.6,1.5,1.2,1.1666666666666667,1.4,1.625,1.6470588235294117,1.5,1.6666666666666667,1.5,1.6666666666666667,1.3076923076923077,1.9166666666666667,1.5333333333333334,1.5384615384615385,1.2222222222222223,1.9166666666666667,1.5833333333333333,1.7,1.5,1.5833333333333333,1.3846153846153846,2.0,1.625,1.3333333333333333,1.1666666666666667,1.3,1.6,1.5333333333333334,1.3,1.2857142857142858,1.25,1.25,1.5,1.0,1.25,1.125,1.6666666666666667,1.6,0.0,1.0,1.0,1.0,1.0,1.0,1.0,1.25,1.0,1.0,1.0,1.1666666666666667,1.2,1.0,1.0,1.3333333333333333,1.1428571428571428,1.0,1.0,1.25,1.0,1.0,1.3333333333333333,1.5,1.0,1.0,2.0,1.0,1.0,1.0,1.0,1.0,1.0
LUN,233.0,0.0,0.0,0.0,0.0,0.0,0.0,0.0,1.0,0.0,0.0,0.0,0.0,0.0,0.0,0.0,0.0,0.0,0.0,0.0,1.0,0.0,1.0,1.0,1.0,1.0,1.0,1.4,1.2,1.4444444444444444,1.6666666666666667,1.2,1.5,1.2727272727272727,1.4,1.3333333333333333,1.1666666666666667,1.2857142857142858,1.1666666666666667,1.375,1.7142857142857142,1.125,1.3333333333333333,1.25,1.2727272727272727,1.3,1.2222222222222223,1.2,1.75,1.0,1.2857142857142858,1.3333333333333333,1.2,1.0,1.25,1.0,1.0,1.25,1.0,1.0,1.0,1.0,1.5,1.0,1.0,1.3333333333333333,1.5,2.0,1.3333333333333333,1.0,1.0,1.0,1.0,1.25,1.0,1.0,1.2222222222222223,1.1111111111111112,1.125,1.0,1.0,1.125,1.2,1.2,1.3333333333333333,1.0,1.0,1.25,1.0,1.0,1.0,1.0,2.0,1.0,0.0,0.0,0.0
LUN,234.0,1.0,1.0,1.0,1.0,1.0,0.0,0.0,1.0,1.0,1.0,0.0,0.0,0.0,0.0,0.0,0.0,0.0,1.0,0.0,0.0,1.0,0.0,1.0,1.0,1.0,1.0,1.0,1.25,1.5,1.0,1.5,1.0,1.0,1.3,1.0,1.375,1.25,1.0,1.3333333333333333,1.0,1.2857142857142858,1.1428571428571428,1.2,1.2,1.1111111111111112,1.3333333333333333,1.3333333333333333,1.4285714285714286,1.125,1.1818181818181819,1.25,1.3333333333333333,1.25,1.0,1.2857142857142858,1.1428571428571428,1.5,1.125,1.0,1.2,1.4,1.1666666666666667,1.2857142857142858,1.0,1.2,1.3333333333333333,1.25,1.0909090909090908,1.1666666666666667,1.1538461538461537,1.2,1.0,1.4285714285714286,1.0,1.1111111111111112,1.3076923076923077,1.4285714285714286,1.6,1.1428571428571428,1.5,1.6,1.2857142857142858,1.5,1.5714285714285714,1.5,1.2727272727272727,1.0,1.0,1.5,0.0,1.3333333333333333,1.25,1.0,1.0,1.0,1.0
LUN,236.0,0.0,1.0,0.0,1.0,0.0,1.0,0.0,0.0,0.0,0.0,0.0,0.0,0.0,0.0,0.0,0.0,0.0,1.0,1.0,0.0,1.0,1.0,1.1666666666666667,1.0,1.1428571428571428,1.0,1.0,1.0,1.0,1.3333333333333333,1.3333333333333333,1.1428571428571428,1.0,1.8,1.0,1.2727272727272727,1.5,1.125,1.1111111111111112,1.4285714285714286,1.375,1.4,1.0,1.7,1.4,1.1818181818181819,1.5,1.4444444444444444,1.3636363636363635,1.3,1.3636363636363635,1.1,1.1428571428571428,1.5,1.1428571428571428,1.0,1.625,1.4285714285714286,1.5,1.6666666666666667,1.1428571428571428,1.8,1.0,1.25,1.25,1.25,1.3076923076923077,1.5,1.2222222222222223,1.2,1.2,1.2,1.4444444444444444,1.1666666666666667,1.6666666666666667,1.0,1.1111111111111112,1.3333333333333333,1.0,1.0,1.1666666666666667,1.0,1.5,1.2,1.0,1.0,1.0,1.0,0.0,1.2,1.0,1.0,1.0,1.0,1.25,1.0
LUN,237.0,1.0,0.0,1.0,0.0,1.0,0.0,0.0,0.0,0.0,0.0,0.0,0.0,0.0,0.0,0.0,0.0,3.0,1.1428571428571428,1.0,0.0,1.0,1.0,1.25,2.0,1.0,1.125,1.0,1.0,1.0,1.1,1.3333333333333333,1.3636363636363635,1.3333333333333333,1.6666666666666667,1.1,1.375,1.375,1.3333333333333333,1.4545454545454546,1.2222222222222223,1.0,1.5,1.2857142857142858,1.0,1.4444444444444444,1.3333333333333333,1.1666666666666667,1.3333333333333333,1.0,1.0,1.0,1.3,1.1428571428571428,1.0,1.5454545454545454,1.5,1.5,1.7142857142857142,1.5555555555555556,1.4285714285714286,1.0,1.1,1.4444444444444444,1.2222222222222223,1.0,1.0,1.5,1.5454545454545454,1.6,1.4,1.25,1.4285714285714286,1.4,1.1111111111111112,1.1111111111111112,1.25,1.0,1.0,1.6666666666666667,2.0,1.4285714285714286,1.125,1.5,1.1666666666666667,1.2,1.3333333333333333,1.0,1.0,1.75,1.0,1.0,1.0,1.0,1.0,1.0,0.0
LUN,238.0,1.0,0.0,0.0,0.0,0.0,1.0,0.0,0.0,0.0,0.0,0.0,0.0,0.0,0.0,0.0,0.0,0.0,1.0,1.0,0.0,0.0,1.0,1.0,1.3333333333333333,1.0,1.1428571428571428,1.0,1.0,1.25,1.0,1.1666666666666667,1.2,1.2222222222222223,2.2222222222222223,1.3333333333333333,1.3,1.0,1.2307692307692308,1.2,1.3333333333333333,1.1666666666666667,1.1428571428571428,1.2,1.25,1.0,1.2,1.5714285714285714,1.625,1.0,1.1428571428571428,1.3333333333333333,1.4285714285714286,1.0,1.0,1.2857142857142858,1.4444444444444444,1.0,1.1666666666666667,1.0,1.1428571428571428,1.0,1.625,1.0,1.1666666666666667,1.0,1.0,1.0,1.0,1.0,1.25,1.1428571428571428,1.2857142857142858,1.5,1.5,1.0,1.1428571428571428,1.25,1.0,1.3333333333333333,1.0,1.0,1.0,1.5,1.0,1.25,1.0,0.0,1.0,1.0,1.0,0.0,1.0,1.0,1.0,2.0,0.0
LUN,239.0,0.0,1.0,0.0,0.0,0.0,0.0,0.0,0.0,0.0,0.0,0.0,0.0,1.0,0.0,0.0,0.0,0.0,0.0,1.0,1.0,0.0,1.0,1.0,1.0,0.0,1.0,1.0,1.0,1.0,1.0,1.5,1.0,1.1111111111111112,1.3,1.5,1.1666666666666667,1.2,1.0,1.1666666666666667,1.0,1.0,1.3,1.1428571428571428,1.2222222222222223,1.2,1.0,1.1666666666666667,1.0,1.4285714285714286,1.125,1.0,1.3333333333333333,1.0,1.125,1.0,1.0,1.3333333333333333,1.2,1.375,1.0,1.2857142857142858,1.125,1.1666666666666667,1.0,1.0,1.1428571428571428,1.0,1.0,2.0,1.0,1.25,1.0,1.0,1.5,1.2,1.0,1.2,1.0,1.4,1.1428571428571428,1.1428571428571428,1.0,1.2857142857142858,1.5,1.0,1.0,1.0,1.2,1.25,1.3333333333333333,0.0,1.0,1.0,1.0,0.0,1.0
LUN,243.0,0.0,1.0,0.0,0.0,0.0,1.0,0.0,0.0,0.0,1.0,0.0,0.0,0.0,0.0,0.0,0.0,1.0,0.0,0.0,0.0,0.0,1.0,1.0,1.0,1.0,1.0,1.0,1.0,1.0,1.2,1.25,1.0,1.0,1.4,1.4,1.0,1.0,1.0,1.25,1.0,1.1428571428571428,1.0,1.0,1.0,1.0,1.25,1.25,1.3333333333333333,1.2857142857142858,1.0,1.0,1.6666666666666667,1.0,1.0,1.0,1.0,1.5,1.0,1.5,1.0,1.0,1.0,1.0,1.0,1.0,0.0,1.0,0.0,1.0,1.0,0.0,1.0,1.0,1.0,1.0,0.0,1.0,0.0,0.0,1.0,1.0,0.0,0.0,0.0,0.0,1.0,1.0,0.0,1.0,0.0,0.0,0.0,1.0,1.0,1.0,1.0
LUN,244.0,0.0,0.0,1.0,0.0,0.0,0.0,0.0,1.0,0.0,0.0,1.0,0.0,1.0,0.0,0.0,1.0,0.0,0.0,1.0,1.0,1.0,1.0,0.0,1.0,1.0,1.0,1.0,1.0,1.375,1.25,1.0,1.2727272727272727,1.4166666666666667,1.5,1.1,1.0,1.5833333333333333,1.0,1.2222222222222223,1.6,1.25,1.2727272727272727,1.3333333333333333,1.4444444444444444,1.5,1.1666666666666667,1.2727272727272727,1.9,1.7777777777777777,1.3,1.1111111111111112,1.8,1.125,1.125,1.0,1.2857142857142858,1.5,1.1666666666666667,1.125,1.125,1.0,1.0,1.2,1.0,1.0,1.0,1.1666666666666667,1.0,1.0,1.0,1.3333333333333333,1.0,1.3333333333333333,0.0,1.3333333333333333,1.0,1.1666666666666667,1.0,1.5,1.0,1.0,0.0,0.0,1.0,1.0,2.0,0.0,1.0,1.0,1.0,1.0,0.0,0.0,1.0,1.0,1.0
LUN,246.0,1.0,1.0,0.0,0.0,1.0,0.0,0.0,1.0,0.0,0.0,0.0,0.0,0.0,0.0,0.0,0.0,0.0,0.0,1.0,0.0,0.0,1.5,1.0,1.0,1.0,1.375,1.2857142857142858,1.25,1.125,1.0,1.7,1.4,1.625,1.7,1.4545454545454546,1.5384615384615385,1.3846153846153846,1.6923076923076923,1.6,1.8571428571428572,1.2222222222222223,1.625,1.1428571428571428,1.1,1.6666666666666667,1.6666666666666667,1.4,1.2857142857142858,1.3,1.3636363636363635,1.7,1.7142857142857142,1.0,1.5,1.1111111111111112,1.1666666666666667,1.1111111111111112,1.1666666666666667,1.25,1.1428571428571428,1.6,1.5555555555555556,1.4,1.0,1.3333333333333333,1.5,1.2857142857142858,1.5,1.25,1.4,1.4,1.1,1.2222222222222223,1.5714285714285714,1.3333333333333333,2.25,1.3333333333333333,1.6666666666666667,1.0,1.1666666666666667,1.2,1.0833333333333333,1.25,1.0,1.4545454545454546,2.0,1.75,1.2,2.1666666666666665,1.3333333333333333,1.3333333333333333,1.0,1.0,3.0,0.0,0.0
LUN,249.0,1.0,1.25,0.0,0.0,0.0,0.0,1.0,0.0,1.0,0.0,0.0,0.0,0.0,0.0,0.0,0.0,1.0,0.0,0.0,0.0,1.0,0.0,1.0,1.0,1.0,0.0,1.1666666666666667,1.3333333333333333,1.0,1.4,1.5,1.2857142857142858,1.1111111111111112,1.1428571428571428,1.1111111111111112,1.0,1.0,1.75,1.0,1.25,1.3333333333333333,1.0,1.3333333333333333,1.0,1.0,1.4,1.2,0.0,1.1666666666666667,1.5,1.0,1.5,1.3333333333333333,1.5,1.1,1.3333333333333333,1.1428571428571428,1.0,1.0,1.0,1.5,1.5,1.0,1.0,1.6666666666666667,1.0,1.3333333333333333,1.0,1.25,1.0,1.125,1.0,1.4444444444444444,1.0,1.0,1.5,1.6,1.0,1.5,1.1666666666666667,1.6666666666666667,1.0,1.3333333333333333,1.5,1.2222222222222223,1.5,2.0,1.2,1.5,1.2,1.0,1.0,1.0,1.0,0.0,0.0
LUN,261.0,0.0,1.0,1.0,0.0,0.0,0.0,0.0,0.0,0.0,1.0,0.0,0.0,0.0,0.0,0.0,0.0,0.0,0.0,1.0,0.0,0.0,1.0,0.0,1.0,0.0,1.0,1.0,1.5,1.0,1.0,1.0,1.0,1.0,1.0,1.0,1.0,1.25,1.0,1.5,1.0,1.0,1.0,1.0,1.0,1.0,1.0,1.0,0.0,1.0,1.0,1.0,1.0,1.0,0.0,1.5,1.0,1.0,1.0,1.0,1.0,1.0,1.0,0.0,1.5,1.0,1.2,1.3333333333333333,1.0,1.0,1.4285714285714286,1.0,1.8333333333333333,1.2857142857142858,1.6666666666666667,1.1428571428571428,1.0,1.0,1.0,1.0,1.0,1.0,1.0,1.0,1.0,1.0,1.0,1.3333333333333333,1.0,1.0,1.0,1.0,1.0,1.0,1.0,0.0,0.0
LUN,262.0,0.0,0.0,1.0,1.0,0.0,0.0,0.0,0.0,0.0,0.0,1.0,0.0,0.0,0.0,0.0,0.0,0.0,0.0,1.0,0.0,1.0,1.0,1.0,1.0,1.0,1.375,1.1666666666666667,1.1428571428571428,1.1428571428571428,1.3,1.375,1.0909090909090908,1.5,1.3333333333333333,1.375,1.0,1.375,1.2222222222222223,1.0,1.2,1.5,1.2,1.4,1.0,1.0,1.0,1.2,1.0,1.375,1.2,1.0,1.2,1.0,1.0,1.0,1.0,1.1666666666666667,1.0,1.0,1.0,1.0,1.0,1.0,1.0,1.7857142857142858,1.0,0.0,1.3333333333333333,1.0,1.0,1.0,1.0,0.0,1.1111111111111112,1.5,1.25,1.5,1.0,1.1666666666666667,1.5,1.0,1.0,1.0,0.0,1.0,0.0,1.0,1.0,1.0,1.0,1.0,0.0,0.0,0.0,0.0,0.0
LUN,263.0,0.0,1.0,1.0,0.0,0.0,0.0,0.0,0.0,0.0,0.0,0.0,0.0,0.0,0.0,0.0,1.0,0.0,0.0,0.0,1.0,0.0,1.0,1.0,0.0,1.0,1.0,1.0,1.0,1.0,1.0,1.0,1.2,1.1111111111111112,1.0,1.2857142857142858,1.0,1.0,1.0,1.1666666666666667,1.0,1.0,1.1428571428571428,1.0,1.1428571428571428,1.3333333333333333,1.1428571428571428,1.0,1.0,1.0,1.0,1.2222222222222223,1.0,1.0,1.0,1.25,1.0,1.2857142857142858,1.1666666666666667,1.0,1.0,1.0,1.0,1.2,1.3333333333333333,1.0,1.0,1.0,1.0,1.0,1.2,1.0,1.0,1.0,1.0,1.0,1.0,1.0,1.0,1.0,1.0,1.2,1.2857142857142858,1.0,1.0,1.0,1.3333333333333333,1.0,1.0,1.0,1.0,1.0,1.0,1.0,0.0,1.0,0.0
MAR_JUE,4.0,1.0,1.0,1.0,1.0,1.0,1.0,1.0,1.0,1.0,1.0,0.0,1.0,1.0,1.0,1.0,1.0,1.0,0.0,1.0,1.0,1.0,1.0,1.0,1.0,1.0,1.0,1.2608695652173914,1.3333333333333333,1.1379310344827587,1.1333333333333333,1.3043478260869565,1.391304347826087,1.2916666666666667,1.1363636363636365,1.206896551724138,1.2058823529411764,1.4666666666666666,1.3333333333333333,1.4193548387096775,1.0555555555555556,1.3,1.1,1.2222222222222223,1.4285714285714286,1.2173913043478262,1.0526315789473684,1.2727272727272727,1.2307692307692308,1.3,1.25,1.3571428571428572,1.2727272727272727,1.1428571428571428,1.0588235294117647,1.2222222222222223,1.2608695652173914,1.15,1.1904761904761905,1.1538461538461537,1.1538461538461537,1.2307692307692308,1.2857142857142858,1.2,1.0,1.0,1.0,1.05,1.0,1.0,1.0,1.25,1.1818181818181819,1.0,1.0,1.0,1.2857142857142858,1.2222222222222223,1.0,1.2222222222222223,1.0,1.0,1.1111111111111112,1.125,1.1428571428571428,1.1428571428571428,1.0909090909090908,1.0,1.1428571428571428,1.0,1.0,1.0,1.0,1.0,1.0,1.0,1.0
MAR_JUE,12.0,0.0,0.0,0.0,0.0,0.0,0.0,0.0,0.0,0.0,0.0,0.0,0.0,0.0,0.0,0.0,0.0,0.0,0.0,0.0,0.0,0.0,0.0,0.0,0.0,0.0,0.0,0.0,0.0,0.0,1.0,0.0,0.0,0.0,0.0,0.0,0.0,0.0,0.0,0.0,1.0,1.0,0.0,0.0,0.0,0.0,1.0,0.0,1.0,0.0,1.0,1.0,1.0,1.0,1.0,1.0,1.0,0.0,1.0,0.0,1.0,0.0,1.0,0.0,0.0,0.0,0.0,1.0,0.0,1.0,0.0,0.0,0.0,0.0,0.0,0.0,1.0,0.0,0.0,0.0,0.0,1.0,1.0,0.0,0.0,0.0,1.0,1.0,1.0,1.0,0.0,0.0,0.0,0.0,0.0,0.0,0.0
MAR_JUE,13.0,1.0,1.0,1.1111111111111112,1.2,1.0,1.0,1.125,1.0,1.0,1.0,1.0,1.0,1.0,1.0,1.0,0.0,0.0,1.0,1.0,1.0,1.0,1.0,1.0,1.0,1.25,1.0454545454545454,1.4444444444444444,1.2962962962962963,1.12,1.0,1.2666666666666666,1.0434782608695652,1.3333333333333333,1.0588235294117647,1.15,1.2272727272727273,1.0526315789473684,1.4193548387096775,1.5666666666666667,1.2941176470588236,1.206896551724138,1.2272727272727273,1.5,1.125,1.1935483870967742,1.2413793103448276,1.25,1.5,1.2941176470588236,1.1818181818181819,1.1904761904761905,1.0909090909090908,1.2105263157894737,1.1153846153846154,1.0833333333333333,1.3636363636363635,1.3125,1.2352941176470589,1.1904761904761905,1.1875,1.0909090909090908,1.1333333333333333,1.4285714285714286,1.3333333333333333,1.7241379310344827,1.3793103448275863,1.411764705882353,1.3421052631578947,1.6857142857142857,1.4411764705882353,1.6388888888888888,1.3548387096774193,1.7173913043478262,1.5625,1.4615384615384615,1.36,1.411764705882353,1.4848484848484849,1.4375,1.46875,1.3611111111111112,1.4054054054054055,1.3225806451612903,1.4857142857142858,1.5454545454545454,1.2727272727272727,1.4736842105263157,1.173913043478261,1.2,1.2,1.1904761904761905,1.2352941176470589,1.3,1.1666666666666667,1.0833333333333333,1.0
MAR_JUE,24.0,1.0,1.0,1.0,1.0,0.0,0.0,0.0,0.0,0.0,1.0,0.0,0.0,0.0,0.0,0.0,0.0,0.0,0.0,0.0,1.0,1.0,0.0,0.0,1.0,1.0,1.0,1.0,1.0,1.0,1.0,1.0,1.1666666666666667,1.0,1.125,1.25,1.125,1.3125,1.0,1.1111111111111112,1.0,1.0,1.1,1.0769230769230769,1.2,1.25,1.0,1.0,1.0,1.3333333333333333,1.125,1.0666666666666667,1.0,1.2,1.0,1.0,1.0,1.0,1.0,1.0,1.0,1.0,1.375,1.0,1.3333333333333333,1.3333333333333333,1.0,1.0,1.0,1.0,1.0,1.1818181818181819,1.2857142857142858,1.0,1.0,1.0,1.1666666666666667,1.0,1.0,1.0,1.0,1.0,1.0,1.0,1.125,1.0,1.0,1.0,1.1666666666666667,1.1428571428571428,1.1428571428571428,1.0,1.0,1.0,1.0,1.0,1.0
MAR_JUE,41.0,0.0,1.0,1.0,1.0,1.0,1.0,1.0,1.0769230769230769,1.3333333333333333,0.0,0.0,1.0,1.0,0.0,1.0,1.0,1.0,0.0,1.0,1.0,1.0,1.0,1.0,1.0,1.0,1.0,1.375,1.375,1.6153846153846154,1.0555555555555556,1.4230769230769231,1.4242424242424243,1.3142857142857143,1.5,1.3703703703703705,1.2727272727272727,1.2121212121212122,1.6571428571428573,1.5,1.5151515151515151,1.32,1.606060606060606,1.4074074074074074,1.375,1.3636363636363635,1.2222222222222223,1.2916666666666667,1.4761904761904763,1.4242424242424243,1.3214285714285714,1.375,1.6785714285714286,1.5,1.44,1.3478260869565217,1.2307692307692308,1.2916666666666667,1.1153846153846154,1.2083333333333333,1.368421052631579,1.2857142857142858,1.5263157894736843,1.3214285714285714,1.3181818181818181,1.5333333333333334,1.08,1.2105263157894737,1.15,1.4444444444444444,1.3,1.2142857142857142,1.1176470588235294,1.3571428571428572,1.0833333333333333,1.0,1.0,1.25,1.0,1.0,1.0,1.1111111111111112,1.0,1.1,1.1428571428571428,1.2941176470588236,1.1818181818181819,1.0,1.0833333333333333,1.0,1.3333333333333333,1.0,1.2857142857142858,1.0,1.0,1.0,1.0
MAR_JUE,42.0,1.0833333333333333,1.125,1.0,1.0,1.0,0.0,1.0,1.0,1.0,1.0,0.0,1.0,1.0,1.0,1.0,1.0,1.125,1.2,1.0,1.0,1.1,1.0,1.1428571428571428,1.1111111111111112,1.0,1.0909090909090908,1.3214285714285714,1.7777777777777777,1.72,1.5454545454545454,1.4615384615384615,1.7222222222222223,1.65,1.675,1.8205128205128205,1.8717948717948718,1.9777777777777779,1.84,2.2666666666666666,1.7272727272727273,2.0444444444444443,1.5714285714285714,1.619047619047619,1.5319148936170213,1.5476190476190477,1.6111111111111112,1.7894736842105263,1.829268292682927,1.6363636363636365,1.6,1.368421052631579,1.7209302325581395,1.7045454545454546,1.6666666666666667,1.7179487179487178,1.4,1.8333333333333333,1.5294117647058822,1.4722222222222223,1.8275862068965518,1.5,1.5333333333333334,1.4444444444444444,1.1923076923076923,1.4444444444444444,1.4615384615384615,1.4166666666666667,1.34375,1.5517241379310345,1.2173913043478262,1.2777777777777777,1.105263157894737,1.25,1.1428571428571428,1.3333333333333333,1.1538461538461537,1.0952380952380953,1.0714285714285714,1.0714285714285714,1.1,1.2222222222222223,1.0909090909090908,1.0714285714285714,1.1,1.0,1.1,1.0,1.1333333333333333,1.0909090909090908,1.0,1.125,1.0833333333333333,1.0,1.0,1.2,1.125
MAR_JUE,43.0,1.0,1.0,0.0,1.0,0.0,0.0,1.0,0.0,0.0,0.0,0.0,0.0,0.0,0.0,0.0,0.0,0.0,1.0,0.0,1.0,0.0,0.0,1.5,0.0,0.0,0.0,1.0,0.0,1.0,1.0,1.0,1.0,1.0,1.0,1.0,1.0,0.0,1.0,1.0,1.1428571428571428,1.1428571428571428,1.0,1.0,1.0,1.0,1.0,1.0,1.0,1.0,1.375,1.0,1.0,1.0,1.0,1.0,1.0,1.0,1.0,1.0,1.0,1.1111111111111112,1.0909090909090908,1.2222222222222223,1.1,1.0,1.25,1.0,1.0,1.0,1.0,1.4285714285714286,1.0,1.0,1.125,1.0,1.1666666666666667,1.0,1.0,1.0,1.0,1.1666666666666667,1.1428571428571428,1.0,1.1111111111111112,1.2,1.0,1.0,1.0,1.0,1.0,0.0,0.0,1.0,1.3333333333333333,0.0,1.0
MAR_JUE,45.0,0.0,1.0,0.0,1.0,0.0,1.0,0.0,1.0,0.0,1.0,1.0,0.0,0.0,0.0,1.0,0.0,1.0,1.0,1.0,0.0,0.0,1.0,1.0,1.0,1.0,1.0,1.0,1.0,1.0833333333333333,1.0833333333333333,1.0,1.1111111111111112,1.0,1.0,1.2142857142857142,1.1428571428571428,1.1724137931034482,1.1935483870967742,1.0769230769230769,1.2727272727272727,1.263157894736842,1.15,1.2222222222222223,1.2307692307692308,1.1764705882352942,1.1,1.1578947368421053,1.3333333333333333,1.2173913043478262,1.0,1.2083333333333333,1.1578947368421053,1.1,1.1818181818181819,1.0869565217391304,1.0,1.25,1.2142857142857142,1.0,1.0,1.2222222222222223,1.0714285714285714,1.0625,1.0,1.0909090909090908,1.0,1.0714285714285714,1.2307692307692308,1.1428571428571428,1.1,1.1,1.1111111111111112,1.0909090909090908,1.0,1.125,1.1111111111111112,1.1111111111111112,1.0,1.4,1.0,1.1666666666666667,1.6,1.2727272727272727,1.1538461538461537,1.1666666666666667,1.0714285714285714,1.2,1.0833333333333333,1.1428571428571428,1.0,1.0,1.0,1.1,1.0,1.0,1.5
MAR_JUE,48.0,1.0,1.4285714285714286,1.0,1.0,1.0,1.0,1.25,1.0,1.0,1.0,1.0,1.0,1.0,1.0,0.0,1.0,1.0,1.0,1.0,1.0,1.0,1.0,1.0,1.1666666666666667,1.0833333333333333,1.0714285714285714,1.0,1.1764705882352942,1.16,1.2941176470588236,1.3157894736842106,1.3043478260869565,1.3103448275862069,1.2307692307692308,1.2608695652173914,1.4444444444444444,1.4516129032258065,1.25,1.6944444444444444,1.3928571428571428,1.6285714285714286,1.3225806451612903,1.4285714285714286,1.2857142857142858,1.5,1.1818181818181819,1.5833333333333333,1.1904761904761905,1.4,1.2592592592592593,1.3888888888888888,1.3636363636363635,1.2666666666666666,1.3333333333333333,1.28,1.4210526315789473,1.4444444444444444,1.3888888888888888,1.2083333333333333,1.0625,1.0476190476190477,1.2777777777777777,1.368421052631579,1.3,1.2380952380952381,1.0,1.0909090909090908,1.2222222222222223,1.2352941176470589,1.35,1.2941176470588236,1.04,1.3636363636363635,1.4,1.25,1.2608695652173914,1.565217391304348,1.5,1.1363636363636365,1.3333333333333333,1.35,1.2,1.4137931034482758,1.4230769230769231,1.6,1.3448275862068966,1.4230769230769231,1.56,1.3448275862068966,1.3333333333333333,1.1666666666666667,1.1818181818181819,1.1578947368421053,1.375,1.0,1.0
MAR_JUE,50.0,1.0,1.0,1.0,1.0,1.0,1.0,1.0,1.0,1.0,0.0,0.0,0.0,0.0,1.0,0.0,1.0,1.0,1.0,1.0,0.0,1.0,1.0,1.1333333333333333,1.0,1.1666666666666667,1.0666666666666667,1.0476190476190477,1.263157894736842,1.28,1.46875,1.4615384615384615,1.4193548387096775,1.5,1.6206896551724137,2.0714285714285716,1.8,1.5,1.3571428571428572,1.5294117647058822,1.588235294117647,1.3142857142857143,1.15625,1.3571428571428572,1.2142857142857142,1.1923076923076923,1.3870967741935485,1.2941176470588236,1.28,1.4,1.3125,1.1428571428571428,1.1,1.2105263157894737,1.3333333333333333,1.3333333333333333,1.0625,1.2,1.105263157894737,1.25,1.1428571428571428,1.0625,1.2916666666666667,1.1666666666666667,1.2105263157894737,1.35,1.1176470588235294,1.2222222222222223,1.2272727272727273,1.263157894736842,1.45,1.105263157894737,1.25,1.5,1.2962962962962963,1.2916666666666667,1.2857142857142858,1.3448275862068966,1.3714285714285714,1.3548387096774193,1.2083333333333333,1.3157894736842106,1.2777777777777777,1.2,1.2727272727272727,1.2727272727272727,1.0526315789473684,1.2222222222222223,1.3333333333333333,1.2857142857142858,1.1666666666666667,1.0909090909090908,1.0,1.1666666666666667,1.1428571428571428,1.25,1.2
MAR_JUE,68.0,1.0833333333333333,1.0,1.0,1.0,1.0,1.0,1.0,1.0,1.0,1.0,1.0,1.0,1.0,1.0,0.0,1.0,1.0,1.0,1.0,0.0,1.0,1.0,1.25,1.1,1.0,1.2,1.3636363636363635,1.1818181818181819,1.1904761904761905,1.3333333333333333,1.303030303030303,1.5483870967741935,1.4,1.391304347826087,1.4857142857142858,1.4054054054054055,1.5172413793103448,1.4285714285714286,1.3513513513513513,1.1935483870967742,1.4594594594594594,1.3,1.2972972972972974,1.4,1.4375,1.4,1.3103448275862069,1.3666666666666667,1.5483870967741935,1.4827586206896552,1.2307692307692308,1.5,1.34375,1.3333333333333333,1.25,1.173913043478261,1.48,1.25,1.2083333333333333,1.36,1.4166666666666667,1.4,1.3125,1.3043478260869565,1.4137931034482758,1.1851851851851851,1.3870967741935485,1.3870967741935485,1.5925925925925926,1.2758620689655173,1.4827586206896552,1.3823529411764706,1.4375,1.3846153846153846,1.4444444444444444,1.6071428571428572,1.5517241379310345,1.3125,1.4,1.4166666666666667,2.128205128205128,1.6176470588235294,1.7647058823529411,1.4857142857142858,2.625,1.4634146341463414,1.4634146341463414,1.411764705882353,1.5,1.2258064516129032,1.7407407407407407,1.625,2.176470588235294,1.2352941176470589,1.0,1.3333333333333333
MAR_JUE,74.0,1.0,0.0,1.0,1.0,1.0,1.0,1.3333333333333333,1.3333333333333333,0.0,1.0,1.0,1.0,1.0,1.0,1.0,1.2,1.0,1.1666666666666667,1.0,1.125,1.1176470588235294,1.1428571428571428,1.0,1.0714285714285714,1.1666666666666667,1.1428571428571428,1.1176470588235294,1.2380952380952381,1.4444444444444444,1.2727272727272727,1.4583333333333333,1.55,1.36,1.4137931034482758,1.625,1.5294117647058822,1.763157894736842,1.3928571428571428,1.7878787878787878,1.6388888888888888,1.9285714285714286,1.5555555555555556,1.5294117647058822,1.5405405405405406,1.5,1.5,1.4285714285714286,1.3125,1.5,1.3125,1.6896551724137931,1.5151515151515151,1.6388888888888888,1.5,1.380952380952381,1.6875,1.3823529411764706,1.6296296296296295,1.46875,1.28,1.3666666666666667,1.391304347826087,1.4,1.105263157894737,1.2222222222222223,1.1304347826086956,1.1578947368421053,1.2307692307692308,1.2222222222222223,1.125,1.0714285714285714,1.15,1.105263157894737,1.2352941176470589,1.0,1.0769230769230769,1.3333333333333333,1.0,1.0833333333333333,1.0,1.0,1.0,1.0,1.0,1.0,1.1764705882352942,1.1538461538461537,1.0,1.0,1.1,1.1111111111111112,1.0,1.25,1.0,1.0,1.1666666666666667
MAR_JUE,75.0,1.0,1.0,1.25,1.0,0.0,1.0,1.0,0.0,0.0,1.0,1.0,0.0,0.0,1.0,1.0,0.0,1.0,1.0,1.0,1.1,1.0769230769230769,1.0,1.2,1.1,1.4074074074074074,1.2857142857142858,1.0666666666666667,1.2352941176470589,1.3103448275862069,1.375,1.4583333333333333,1.53125,1.4482758620689655,1.5806451612903225,1.8181818181818181,1.3235294117647058,1.7674418604651163,1.40625,1.5897435897435896,1.7894736842105263,1.5945945945945945,1.7428571428571429,1.763157894736842,1.6857142857142857,1.4047619047619047,1.4545454545454546,1.775,1.7234042553191489,1.8918918918918919,1.9428571428571428,1.6923076923076923,1.5526315789473684,1.3428571428571427,1.375,1.3823529411764706,1.4705882352941178,1.40625,1.375,1.9411764705882353,1.4722222222222223,1.8275862068965518,1.4642857142857142,1.5,1.5,1.2857142857142858,1.391304347826087,1.3783783783783783,1.3333333333333333,1.5,1.3870967741935485,1.2105263157894737,1.3,1.2608695652173914,1.3888888888888888,1.1764705882352942,1.2,1.3157894736842106,1.0666666666666667,1.0952380952380953,1.0555555555555556,1.1111111111111112,1.3333333333333333,1.25,1.263157894736842,1.1176470588235294,1.0434782608695652,1.1111111111111112,1.0,1.1666666666666667,1.0588235294117647,1.0,1.1428571428571428,1.1,1.0,1.0,1.0
MAR_JUE,79.0,1.0,1.125,1.1666666666666667,1.3333333333333333,1.0,1.0,1.0,1.0,1.0,1.0,3.0,1.0,1.3333333333333333,1.0,1.3333333333333333,1.0,0.0,1.0,1.0,1.0,1.0,1.0,1.3333333333333333,1.0,1.4,1.1428571428571428,1.1666666666666667,1.3703703703703705,1.05,1.2307692307692308,1.3214285714285714,1.55,1.625,1.5135135135135136,1.5945945945945945,1.4615384615384615,1.9310344827586208,1.3870967741935485,1.2352941176470589,1.4,1.48,1.0526315789473684,1.4482758620689655,1.2692307692307692,1.3571428571428572,1.173913043478261,1.4210526315789473,1.2173913043478262,1.2592592592592593,1.3,1.1304347826086956,1.173913043478261,1.375,1.2222222222222223,1.0,1.2222222222222223,1.25,1.3076923076923077,1.2272727272727273,1.2777777777777777,1.0714285714285714,1.4375,1.0625,1.1666666666666667,1.3,1.0909090909090908,1.0434782608695652,1.1363636363636365,1.0952380952380953,1.3333333333333333,1.0588235294117647,1.125,1.2413793103448276,1.3214285714285714,1.2352941176470589,1.25,1.5357142857142858,1.2083333333333333,1.5806451612903225,1.4722222222222223,1.7222222222222223,1.7222222222222223,1.4827586206896552,1.6388888888888888,1.3611111111111112,1.5806451612903225,1.3846153846153846,1.4516129032258065,1.5217391304347827,1.2608695652173914,1.434782608695652,1.1428571428571428,1.3333333333333333,1.0909090909090908,1.3333333333333333,1.1
MAR_JUE,87.0,1.0,1.1904761904761905,1.1538461538461537,1.0,1.25,1.0,1.0,0.0,1.0,0.0,0.0,0.0,0.0,0.0,0.0,1.5,1.0,0.0,1.0,1.0,1.0,1.0,1.1428571428571428,1.0909090909090908,1.0,1.0,1.0769230769230769,1.1666666666666667,1.0,1.1111111111111112,1.1818181818181819,1.0,1.3,1.1304347826086956,1.1578947368421053,1.2666666666666666,1.0,1.3,1.0952380952380953,1.2142857142857142,1.0666666666666667,1.3888888888888888,1.15,1.0952380952380953,1.173913043478261,1.2777777777777777,1.125,1.1764705882352942,1.1538461538461537,1.1428571428571428,1.1428571428571428,1.25,1.3888888888888888,1.3,1.0666666666666667,1.125,1.0,1.1666666666666667,1.0,1.1333333333333333,1.5,1.3181818181818181,1.2857142857142858,1.3076923076923077,1.1904761904761905,1.2592592592592593,1.2916666666666667,1.4210526315789473,1.36,1.3333333333333333,1.3076923076923077,1.2962962962962963,1.4166666666666667,1.3125,1.1428571428571428,1.25,1.2105263157894737,1.3181818181818181,1.3181818181818181,1.28,1.2903225806451613,1.3076923076923077,1.2916666666666667,1.3461538461538463,1.2608695652173914,1.2727272727272727,1.3043478260869565,1.1666666666666667,1.125,1.2,1.2,1.1,1.1818181818181819,1.0,1.0,1.2
MAR_JUE,88.0,1.32,1.25,1.3043478260869565,1.0,1.0,1.0,1.0,1.0,1.0,1.0,1.0,1.0,0.0,1.0,0.0,0.0,0.0,1.0,1.0,1.0,1.0,0.0,1.0,1.0,1.0,1.1333333333333333,1.0,1.0,1.0,1.0,1.0,1.3333333333333333,1.0,1.0,1.0,1.25,1.0,1.0,1.3333333333333333,1.0,1.0909090909090908,1.2142857142857142,1.2307692307692308,1.1,1.1428571428571428,1.2777777777777777,1.0909090909090908,1.263157894736842,1.25,1.1111111111111112,1.1333333333333333,1.3333333333333333,1.1538461538461537,1.375,1.0,1.0666666666666667,1.3529411764705883,1.263157894736842,1.2692307692307692,1.4444444444444444,1.2142857142857142,1.0,1.2857142857142858,1.4285714285714286,1.2307692307692308,1.25,1.4166666666666667,1.1875,1.1764705882352942,1.411764705882353,1.4,1.1923076923076923,1.2666666666666666,1.1764705882352942,1.1333333333333333,1.1,1.125,1.0,1.1428571428571428,1.2222222222222223,2.272727272727273,1.8387096774193548,1.68,1.92,1.7878787878787878,1.6666666666666667,1.5185185185185186,1.4285714285714286,1.32,1.368421052631579,1.0769230769230769,1.125,1.3,1.1666666666666667,1.1,1.3888888888888888
MAR_JUE,90.0,1.0,1.0,1.0,0.0,0.0,1.0,1.0,1.0,1.0,1.0,1.0,1.0,1.0,1.0,1.0,1.0,1.0,1.0,0.0,0.0,0.0,0.0,1.0,1.0,1.0,1.0,1.0,1.1818181818181819,1.0,1.1578947368421053,1.2727272727272727,1.0666666666666667,1.2777777777777777,1.0,1.1764705882352942,1.0526315789473684,1.1,1.0833333333333333,1.0,1.25,1.1428571428571428,1.2,1.1428571428571428,1.1304347826086956,1.1304347826086956,1.2727272727272727,1.1764705882352942,1.15,1.1666666666666667,1.2,1.2352941176470589,1.1111111111111112,1.0526315789473684,1.3333333333333333,1.3333333333333333,1.263157894736842,1.25,1.391304347826087,1.2777777777777777,1.1,1.4285714285714286,1.0,1.0625,1.0714285714285714,1.25,1.2142857142857142,1.125,1.2608695652173914,1.2941176470588236,1.1904761904761905,1.24,1.3125,1.2666666666666666,1.0454545454545454,1.1666666666666667,1.4375,1.3076923076923077,1.0,1.3,1.2413793103448276,1.15,1.0714285714285714,1.1176470588235294,1.1111111111111112,1.24,1.125,1.1666666666666667,1.1428571428571428,1.0625,1.1111111111111112,1.0,1.25,1.0,1.2,1.3333333333333333,1.0
MAR_JUE,100.0,1.0,1.0,1.3333333333333333,1.0,1.0,1.0,1.0,0.0,1.0,1.0,1.0,1.0,1.0,0.0,1.0,0.0,0.0,1.0,1.0,0.0,0.0,2.0,1.0,1.0,1.0,1.0,1.0,1.0,1.0,1.0,1.0,1.0,1.0,1.0,1.2,1.1,1.1428571428571428,1.0,1.1818181818181819,1.1111111111111112,1.1538461538461537,1.1,1.0,1.3,1.1,1.2,1.2222222222222223,1.0833333333333333,1.0,1.4,1.2,1.2777777777777777,1.3529411764705883,1.1818181818181819,1.0,1.1,1.1818181818181819,1.0,1.0,1.0,1.0909090909090908,1.1333333333333333,1.0833333333333333,1.0555555555555556,1.1818181818181819,1.1666666666666667,1.1,1.1666666666666667,1.5263157894736843,1.2,1.1304347826086956,1.4137931034482758,1.32,1.2173913043478262,1.3636363636363635,1.1428571428571428,1.1428571428571428,1.2666666666666666,1.28,1.1875,1.0714285714285714,1.4705882352941178,1.1666666666666667,1.2857142857142858,1.3846153846153846,1.0833333333333333,1.1428571428571428,1.4615384615384615,1.25,1.0625,1.125,1.0,1.0,1.0,1.0,1.0
MAR_JUE,107.0,0.0,1.0,1.0,1.0,0.0,0.0,1.0,1.0,1.0,1.0,1.0,1.0,0.0,1.0,0.0,0.0,1.0,1.0,1.0,1.0,1.0,1.0,1.0,1.0,1.0,1.0666666666666667,1.3333333333333333,1.1764705882352942,1.2,1.2916666666666667,1.2142857142857142,1.2608695652173914,1.2692307692307692,1.3461538461538463,1.2758620689655173,1.1923076923076923,1.3,1.391304347826087,1.4230769230769231,1.24,1.391304347826087,1.1578947368421053,1.4,1.2666666666666666,1.3793103448275863,1.4545454545454546,1.4583333333333333,1.2,1.1481481481481481,1.173913043478261,1.24,1.380952380952381,1.1785714285714286,1.2352941176470589,1.25,1.25,1.2,1.2916666666666667,1.1666666666666667,1.0476190476190477,1.1923076923076923,1.4736842105263157,1.2333333333333334,1.4,1.3333333333333333,1.25,1.375,1.3636363636363635,1.1666666666666667,1.1923076923076923,1.3157894736842106,1.1,1.15,1.368421052631579,1.4,1.391304347826087,1.3333333333333333,1.3571428571428572,1.2857142857142858,1.3529411764705883,1.2222222222222223,1.368421052631579,1.4074074074074074,1.25,1.24,1.3529411764705883,1.1818181818181819,1.0,1.3,1.25,1.2,1.1111111111111112,1.0,1.1111111111111112,1.0,1.0
MAR_JUE,113.0,1.0,1.3333333333333333,1.0,1.0,1.0,0.0,0.0,1.0,1.0,1.0,0.0,1.0,0.0,0.0,0.0,0.0,0.0,0.0,0.0,0.0,0.0,0.0,1.1428571428571428,1.0,1.2,1.1842105263157894,1.1666666666666667,1.0625,1.1904761904761905,1.1666666666666667,1.0,1.0588235294117647,1.0833333333333333,1.25,1.2692307692307692,1.0625,1.1666666666666667,1.1363636363636365,1.2727272727272727,1.0833333333333333,1.2222222222222223,1.0,1.105263157894737,1.0526315789473684,1.2666666666666666,1.2352941176470589,1.2352941176470589,1.0,1.1333333333333333,1.2,1.2,1.1666666666666667,1.263157894736842,1.1818181818181819,1.0714285714285714,1.0,1.0,1.0,1.25,1.1666666666666667,1.1428571428571428,1.2,1.2,1.1428571428571428,1.55,1.0,1.0833333333333333,1.0555555555555556,1.1666666666666667,1.2222222222222223,1.1578947368421053,1.35,1.2105263157894737,1.368421052631579,1.12,1.1923076923076923,1.12,1.3888888888888888,1.2380952380952381,1.3,1.2413793103448276,1.0769230769230769,1.2941176470588236,1.1363636363636365,1.0,1.0909090909090908,1.15,1.3529411764705883,1.2142857142857142,1.125,1.0,1.0,1.3333333333333333,1.0,1.0,1.0
MAR_JUE,114.0,1.0,1.0,1.0,1.0,1.0,1.0,1.0,1.0,1.5,1.0,0.0,1.0,0.0,1.0,1.0,0.0,0.0,1.0,1.0,0.0,1.0,0.0,1.0,1.0,1.0,1.0,1.0,1.0,1.0,1.1428571428571428,1.0,1.0,1.0,1.0,1.1333333333333333,1.0833333333333333,1.0769230769230769,1.0666666666666667,1.1578947368421053,1.3076923076923077,1.0769230769230769,1.0,1.2941176470588236,1.0625,1.1333333333333333,1.2,1.05,1.2307692307692308,1.1666666666666667,1.0769230769230769,1.1428571428571428,1.1904761904761905,1.0,1.1,1.0,1.0,1.1818181818181819,1.0,1.0526315789473684,1.0,1.25,1.2,1.0,1.2,1.1538461538461537,1.0,1.0909090909090908,1.0909090909090908,1.0625,1.1666666666666667,1.0,1.1666666666666667,1.1538461538461537,1.1111111111111112,1.2,1.125,1.1818181818181819,1.3181818181818181,1.173913043478261,1.1538461538461537,1.25,1.1923076923076923,1.2666666666666666,1.1851851851851851,1.2857142857142858,1.2,1.2142857142857142,1.2857142857142858,1.3043478260869565,1.0555555555555556,1.1578947368421053,1.3571428571428572,1.2,1.3333333333333333,1.0,1.2222222222222223
MAR_JUE,116.0,1.1428571428571428,0.0,0.0,1.0,0.0,0.0,1.0,1.0,1.0,0.0,1.0,0.0,0.0,0.0,1.0,1.0,1.2,1.0,1.0,1.0,1.0,1.1666666666666667,1.0,1.5,1.2,1.25,1.125,1.4615384615384615,1.4,1.1904761904761905,1.2727272727272727,1.3157894736842106,1.2857142857142858,1.2857142857142858,1.2592592592592593,1.2173913043478262,1.565217391304348,1.1304347826086956,1.4545454545454546,1.4,1.45,1.24,1.2,1.2758620689655173,1.1666666666666667,1.3076923076923077,1.2,1.0625,1.2857142857142858,1.1666666666666667,1.2857142857142858,1.4,1.0,1.0,1.2307692307692308,1.0666666666666667,1.125,1.0833333333333333,1.2,1.2352941176470589,1.0714285714285714,1.0,1.1428571428571428,1.3076923076923077,1.0,1.0,1.0666666666666667,1.2,1.0769230769230769,1.1666666666666667,1.0,1.2222222222222223,1.0,1.0,1.25,1.0,1.0,1.0,1.0,1.0,1.0,1.1666666666666667,1.0,1.0,1.0,1.2,1.0,1.0,1.0,1.0,1.0,1.0,0.0,1.0,1.0,1.0909090909090908
MAR_JUE,120.0,0.0,0.0,1.0,0.0,0.0,0.0,0.0,0.0,0.0,0.0,0.0,0.0,0.0,0.0,0.0,0.0,0.0,0.0,0.0,0.0,0.0,0.0,0.0,0.0,0.0,0.0,0.0,0.0,0.0,0.0,1.0,0.0,1.0,1.0,1.0,0.0,1.0,1.0,1.0,0.0,0.0,0.0,0.0,1.0,0.0,1.0,1.0,1.0,0.0,0.0,0.0,0.0,0.0,0.0,0.0,0.0,1.0,0.0,0.0,0.0,1.0,0.0,0.0,0.0,0.0,0.0,0.0,0.0,0.0,0.0,0.0,0.0,0.0,0.0,0.0,0.0,0.0,1.0,1.0,0.0,0.0,0.0,0.0,1.0,0.0,1.0,0.0,1.0,0.0,0.0,0.0,1.0,0.0,0.0,0.0,0.0
MAR_JUE,125.0,1.5,1.0,1.0,1.0,1.0,0.0,0.0,1.0,0.0,1.0,1.0,1.0,1.0,0.0,0.0,0.0,1.0,1.0,0.0,1.0,1.0,1.0,1.0,1.0,1.0,1.0,1.0,1.0,1.2,1.0,1.0,1.1666666666666667,1.0,1.0,1.0909090909090908,1.0,1.1428571428571428,1.0,1.3,1.0909090909090908,1.0,1.0,1.0833333333333333,1.25,1.1428571428571428,1.0,1.0,1.0,1.0,1.1428571428571428,1.1111111111111112,1.1,1.0,1.0,1.0,1.125,1.125,1.1764705882352942,1.6666666666666667,1.0,1.0,1.0,1.0,1.0,1.0,1.1578947368421053,1.2307692307692308,1.2142857142857142,1.4666666666666666,1.2173913043478262,1.0555555555555556,1.0416666666666667,1.2142857142857142,1.3,1.1578947368421053,1.0714285714285714,1.1428571428571428,1.0714285714285714,1.1428571428571428,1.1176470588235294,1.3333333333333333,1.2727272727272727,1.2142857142857142,1.1428571428571428,1.4615384615384615,1.0,1.3571428571428572,1.7142857142857142,1.2307692307692308,1.0,1.3636363636363635,1.6,1.1538461538461537,1.0,1.0,1.0
MAR_JUE,127.0,0.0,1.0,0.0,1.0,0.0,0.0,0.0,0.0,1.0,0.0,0.0,0.0,0.0,1.0,0.0,0.0,1.0,1.0,0.0,1.0,1.0,1.0,1.0,1.0,1.0909090909090908,1.125,1.0,1.0,1.0,1.0,1.1818181818181819,1.2727272727272727,1.0,1.0,1.1666666666666667,1.0,1.0769230769230769,1.375,1.2142857142857142,1.4,1.0666666666666667,1.25,1.1,1.1666666666666667,1.0,1.0,1.25,1.0,1.125,1.0,1.0,1.1428571428571428,1.0,1.2857142857142858,1.0,1.0,1.1111111111111112,1.0,1.0,1.0,1.0,1.0,1.0,1.0,1.0,1.0,1.0,1.0,1.0,1.0,1.0,1.0,1.25,1.0,1.0,1.0,0.0,1.0,1.0,1.0,1.0,1.0,1.0,1.0,1.0,1.0,1.0,1.0,1.0,1.0,1.0,0.0,0.0,1.0,1.0,1.0
MAR_JUE,128.0,0.0,0.0,0.0,0.0,0.0,0.0,0.0,0.0,0.0,0.0,0.0,0.0,0.0,0.0,0.0,0.0,0.0,0.0,0.0,0.0,0.0,0.0,0.0,0.0,0.0,0.0,0.0,0.0,0.0,0.0,0.0,0.0,0.0,0.0,0.0,0.0,0.0,0.0,0.0,1.0,1.0,0.0,1.0,0.0,1.0,1.0,0.0,0.0,0.0,0.0,0.0,1.0,1.5,1.0,1.0,0.0,0.0,1.0,0.0,0.0,0.0,0.0,0.0,1.0,1.0,1.0,0.0,0.0,0.0,0.0,0.0,0.0,0.0,0.0,0.0,1.0,1.0,1.0,1.0,1.0,0.0,0.0,0.0,0.0,0.0,0.0,1.0,0.0,0.0,0.0,0.0,0.0,0.0,1.0,1.0,1.0
MAR_JUE,137.0,1.0,1.0,1.0,1.0,1.0,1.0,1.0,1.0,1.0,1.0,1.0,0.0,0.0,0.0,0.0,0.0,0.0,1.0,0.0,0.0,0.0,1.0,1.2,1.0,1.0,1.0714285714285714,1.0909090909090908,1.0,1.0,1.2083333333333333,1.1923076923076923,1.15,1.32,1.2432432432432432,1.3333333333333333,1.2727272727272727,1.5,1.2916666666666667,1.6129032258064515,1.4324324324324325,1.7894736842105263,1.3103448275862069,1.3055555555555556,1.1875,1.5,1.3571428571428572,1.1785714285714286,1.1851851851851851,1.3428571428571427,1.3333333333333333,1.5,1.1071428571428572,1.4,1.2272727272727273,1.2857142857142858,1.1904761904761905,1.3529411764705883,1.36,1.12,1.375,1.2592592592592593,1.105263157894737,1.380952380952381,1.391304347826087,1.2352941176470589,1.2903225806451613,1.28125,1.40625,1.368421052631579,1.2941176470588236,1.1363636363636365,1.173913043478261,1.2083333333333333,1.3076923076923077,1.25,1.25,1.3043478260869565,1.3214285714285714,1.5217391304347827,1.25,1.1851851851851851,1.1111111111111112,1.0714285714285714,1.0909090909090908,1.0769230769230769,1.0,1.0,1.1111111111111112,1.2,1.0,1.0,1.3333333333333333,1.25,1.2,1.0,1.0
MAR_JUE,140.0,1.0,1.0,1.0,1.0,1.0,1.0,1.0,1.0,1.0,0.0,1.0,0.0,1.0,1.0,0.0,0.0,1.0,0.0,0.0,1.0,1.0,1.1111111111111112,1.0,1.1,1.0,1.125,1.105263157894737,1.2857142857142858,1.3571428571428572,1.1904761904761905,1.2692307692307692,1.3448275862068966,1.1515151515151516,1.1666666666666667,1.6111111111111112,1.5609756097560976,1.3863636363636365,1.5135135135135136,1.6304347826086956,1.3,1.5,1.4230769230769231,1.36,1.55,1.4,1.4583333333333333,1.7,1.4444444444444444,1.605263157894737,1.46875,1.4814814814814814,1.4848484848484849,1.4642857142857142,1.3714285714285714,1.3333333333333333,1.5,1.2758620689655173,1.3076923076923077,1.3214285714285714,1.2692307692307692,1.25,1.263157894736842,1.3333333333333333,1.2142857142857142,1.4482758620689655,1.2692307692307692,1.3243243243243243,1.5,1.36,1.3333333333333333,1.6206896551724137,1.3548387096774193,1.24,1.1428571428571428,1.3055555555555556,1.28,1.1333333333333333,1.2333333333333334,1.1851851851851851,1.3529411764705883,1.5,1.1428571428571428,1.3125,1.1578947368421053,1.2307692307692308,1.0,1.0909090909090908,1.0,1.0909090909090908,1.1428571428571428,1.2222222222222223,1.0,1.1578947368421053,1.0,1.0,1.0
MAR_JUE,141.0,1.0,1.0,0.0,1.0,2.0,1.0,1.0,1.0,1.0,1.0,1.0,0.0,1.0,1.0,0.0,1.0,1.0,1.0,1.0,1.0,1.25,1.0,1.0769230769230769,1.1111111111111112,1.1428571428571428,1.2272727272727273,1.0714285714285714,1.3333333333333333,1.375,1.5897435897435896,1.44,1.3870967741935485,1.4074074074074074,1.4,1.2,1.4,1.4137931034482758,1.3703703703703705,1.3928571428571428,1.434782608695652,1.3333333333333333,1.3478260869565217,1.4666666666666666,1.3478260869565217,1.303030303030303,1.565217391304348,1.3235294117647058,1.4166666666666667,1.4545454545454546,1.0833333333333333,1.1818181818181819,1.3529411764705883,1.2608695652173914,1.125,1.2777777777777777,1.1304347826086956,1.35,1.0952380952380953,1.0909090909090908,1.4814814814814814,1.3,1.4166666666666667,1.3043478260869565,1.1764705882352942,1.4782608695652173,1.2222222222222223,1.3846153846153846,1.2222222222222223,1.1923076923076923,1.105263157894737,1.434782608695652,1.2777777777777777,1.1923076923076923,1.3571428571428572,1.4,1.0384615384615385,1.5483870967741935,1.391304347826087,1.1363636363636365,1.2857142857142858,1.4090909090909092,1.28,1.25,1.1764705882352942,1.2173913043478262,1.25,1.2,1.25,1.0588235294117647,1.0769230769230769,1.0,1.0,1.1428571428571428,1.0,1.2,1.0
MAR_JUE,142.0,1.25,1.0,1.0,1.0,1.0,1.0,1.0,1.0,1.0,1.0,0.0,0.0,1.0,0.0,1.0,0.0,0.0,1.0,1.0,0.0,1.0,1.25,1.1,1.0769230769230769,1.0,1.0909090909090908,1.125,1.0769230769230769,1.0588235294117647,1.1538461538461537,1.2727272727272727,1.4285714285714286,1.4285714285714286,1.34375,1.3214285714285714,1.2307692307692308,1.3529411764705883,1.2777777777777777,1.3333333333333333,1.0769230769230769,1.3333333333333333,1.1904761904761905,1.2083333333333333,1.2105263157894737,1.173913043478261,1.3333333333333333,1.0714285714285714,1.2222222222222223,1.3333333333333333,1.0909090909090908,1.2,1.1304347826086956,1.2916666666666667,1.2,1.411764705882353,1.0526315789473684,1.1538461538461537,1.0,1.4666666666666666,1.411764705882353,1.1176470588235294,1.0769230769230769,1.1333333333333333,1.0555555555555556,1.3125,1.0555555555555556,1.2105263157894737,1.2,1.2777777777777777,1.2,1.2777777777777777,1.35,1.2352941176470589,1.263157894736842,1.2307692307692308,1.2173913043478262,1.1818181818181819,1.2857142857142858,1.0555555555555556,1.35,1.1304347826086956,1.3043478260869565,1.4761904761904763,1.368421052631579,1.2903225806451613,1.4583333333333333,1.5357142857142858,1.28,1.5769230769230769,1.36,1.15,1.2307692307692308,1.25,1.0909090909090908,1.125,1.2
MAR_JUE,143.0,0.0,1.0,0.0,1.0,1.0,1.0,1.0,0.0,0.0,0.0,1.0,0.0,0.0,0.0,1.0,1.0,0.0,1.0,1.0,1.0,1.0,1.0625,1.0,1.0,1.0,1.4,1.5454545454545454,1.2413793103448276,1.4375,1.15625,1.5813953488372092,1.6363636363636365,1.5434782608695652,1.4390243902439024,1.5714285714285714,1.6388888888888888,1.7777777777777777,1.5294117647058822,1.4545454545454546,1.3225806451612903,1.3714285714285714,1.4545454545454546,1.65625,1.36,1.48,1.3461538461538463,1.5,1.2285714285714286,1.3793103448275863,1.2916666666666667,1.3846153846153846,1.2380952380952381,1.1818181818181819,1.0555555555555556,1.3043478260869565,1.380952380952381,1.28,1.0625,1.263157894736842,1.2142857142857142,1.2777777777777777,1.0666666666666667,1.1,1.2857142857142858,1.2,1.1176470588235294,1.1111111111111112,1.1891891891891893,1.3333333333333333,1.0588235294117647,1.105263157894737,1.3125,1.25,1.375,1.1176470588235294,1.2941176470588236,1.12,1.3125,1.105263157894737,1.12,1.3157894736842106,1.2307692307692308,1.1578947368421053,1.411764705882353,1.125,1.0666666666666667,1.0714285714285714,1.1428571428571428,1.1428571428571428,1.0,1.0909090909090908,1.0,1.0,1.5,1.0,1.0
MAR_JUE,144.0,1.0,1.0,1.0,1.0,1.0,1.0,1.0,1.0,1.0,0.0,1.0,1.0,1.0,1.0,1.0,0.0,1.0,1.0,1.0,0.0,0.0,0.0,0.0,1.0,1.0,1.0,1.1428571428571428,1.0,1.2307692307692308,1.25,1.0,1.0,1.1666666666666667,1.0666666666666667,1.1333333333333333,1.2352941176470589,1.1,1.0,1.2380952380952381,1.0555555555555556,1.0,1.1428571428571428,1.3043478260869565,1.2173913043478262,1.5238095238095237,1.2083333333333333,1.2608695652173914,1.4285714285714286,1.4722222222222223,1.3225806451612903,1.4411764705882353,1.125,1.3461538461538463,1.1724137931034482,1.4137931034482758,1.4074074074074074,1.1923076923076923,1.1111111111111112,1.125,1.1764705882352942,1.1818181818181819,1.2,1.1904761904761905,1.32,1.1666666666666667,1.1428571428571428,1.0909090909090908,1.2222222222222223,1.1428571428571428,1.1111111111111112,1.2666666666666666,1.1111111111111112,1.1,1.1764705882352942,1.1428571428571428,1.1538461538461537,1.3043478260869565,1.1818181818181819,1.4444444444444444,1.1428571428571428,1.2173913043478262,1.08,1.25,1.380952380952381,1.0,1.5555555555555556,1.2857142857142858,1.15,1.0526315789473684,1.15,1.2142857142857142,1.0769230769230769,1.1428571428571428,1.0,1.0,1.1666666666666667
MAR_JUE,148.0,1.0,1.1666666666666667,1.3333333333333333,1.0,1.2,1.0,1.0,1.1,1.0,1.0,1.0,1.0,1.0,1.0,1.0,0.0,0.0,1.0,1.0,1.0,1.0,1.0,1.0,1.1111111111111112,1.0,1.0,1.0625,1.0416666666666667,1.1764705882352942,1.1153846153846154,1.2272727272727273,1.16,1.1851851851851851,1.263157894736842,1.16,1.15,1.3,1.1304347826086956,1.3157894736842106,1.263157894736842,1.2692307692307692,1.25,1.4516129032258065,1.037037037037037,1.3333333333333333,1.1818181818181819,1.1176470588235294,1.0,1.28,1.1,1.2142857142857142,1.0909090909090908,1.1176470588235294,1.0,1.0769230769230769,1.0666666666666667,1.1111111111111112,1.125,1.1578947368421053,1.1428571428571428,1.1538461538461537,1.0769230769230769,1.25,1.375,1.1666666666666667,1.0769230769230769,1.0714285714285714,1.0,1.0909090909090908,1.12,1.0,1.1904761904761905,1.1818181818181819,1.2105263157894737,1.0625,1.1764705882352942,1.25,1.3636363636363635,1.3043478260869565,1.2608695652173914,1.45,1.3214285714285714,1.4230769230769231,1.1111111111111112,1.5714285714285714,1.6363636363636365,1.4666666666666666,1.44,1.4333333333333333,1.3333333333333333,1.125,1.3214285714285714,1.35,1.25,1.1875,1.0
MAR_JUE,151.0,0.0,0.0,0.0,1.0,0.0,0.0,1.0,0.0,0.0,0.0,1.0,0.0,0.0,1.0,0.0,1.0,0.0,1.0,1.0,0.0,1.0,1.125,1.0,1.0,1.0434782608695652,1.1818181818181819,1.0,1.0,1.0555555555555556,1.0344827586206897,1.2173913043478262,1.0,1.0769230769230769,1.1875,1.2307692307692308,1.0714285714285714,1.2307692307692308,1.125,1.15,1.1875,1.2727272727272727,1.2142857142857142,1.3157894736842106,1.2222222222222223,1.0,1.1176470588235294,1.2962962962962963,1.125,1.3157894736842106,1.1363636363636365,1.2727272727272727,1.1666666666666667,1.1764705882352942,1.1176470588235294,1.1111111111111112,1.2,1.0625,1.0,1.1428571428571428,1.2857142857142858,1.2142857142857142,1.0,1.3846153846153846,1.0909090909090908,1.1428571428571428,1.0833333333333333,1.1666666666666667,1.1428571428571428,1.0,1.0,1.2,1.1428571428571428,1.1111111111111112,1.2142857142857142,1.0,1.2857142857142858,1.0833333333333333,1.0,1.3846153846153846,1.0,1.2,1.2,1.25,1.1428571428571428,1.0769230769230769,1.1,1.0909090909090908,1.0,1.0,1.0,1.0,1.0,1.0,1.0,1.0,0.0
MAR_JUE,152.0,0.0,0.0,0.0,0.0,1.0,1.0,0.0,1.0,0.0,0.0,0.0,0.0,0.0,0.0,0.0,0.0,0.0,0.0,0.0,1.0,1.0,0.0,1.0,1.0,1.1428571428571428,1.0,1.0,1.1111111111111112,1.0,1.2,1.1111111111111112,1.0,1.1,1.0666666666666667,1.0714285714285714,1.0588235294117647,1.1875,1.0,1.0,1.1333333333333333,1.0,1.0,1.1111111111111112,1.1666666666666667,1.1176470588235294,1.3888888888888888,1.25,1.0,1.25,1.125,1.0625,1.1428571428571428,1.0714285714285714,1.0,1.1666666666666667,1.1111111111111112,1.0,1.0714285714285714,1.0,1.0,1.0,1.0833333333333333,1.0666666666666667,1.3125,1.1428571428571428,1.375,1.1818181818181819,1.0909090909090908,1.0,1.125,1.1111111111111112,1.0,1.1428571428571428,1.0,1.125,1.1818181818181819,1.2727272727272727,1.2222222222222223,1.25,1.0,1.125,1.0,1.0,1.0,1.0,1.0,1.0,1.0,1.0,1.0,0.0,1.0,1.0,1.0,0.0,1.0
MAR_JUE,153.0,0.0,0.0,0.0,0.0,0.0,0.0,0.0,0.0,0.0,0.0,0.0,0.0,0.0,0.0,0.0,0.0,0.0,0.0,0.0,0.0,0.0,1.0,0.0,1.0,1.0,1.0,1.0,1.0,1.0,1.0,1.0,1.0,0.0,1.0,1.0,1.0,1.0,2.0,1.0,1.0,1.0,1.0,1.0,1.0,1.0,0.0,0.0,0.0,1.0,1.0,1.0,1.0,1.0,0.0,1.0,1.0,1.0,1.0,1.0,1.0,1.0,1.0,0.0,0.0,1.0,1.0,1.0,1.0,1.0,1.0,1.0,0.0,1.0,0.0,0.0,0.0,1.0,0.0,0.0,0.0,1.0,1.0,1.0,1.0,1.0,0.0,0.0,0.0,0.0,1.0,0.0,0.0,0.0,0.0,1.0,0.0
MAR_JUE,158.0,1.0,1.0,1.0,1.0,1.0,1.0,0.0,0.0,1.0,2.0,0.0,1.0,0.0,0.0,0.0,1.0,0.0,0.0,1.0,1.0,1.0,1.0,1.0,1.0,1.0625,1.125,1.0,1.1,1.1333333333333333,1.1304347826086956,1.1428571428571428,1.1304347826086956,1.1818181818181819,1.3243243243243243,1.2608695652173914,1.25,1.0714285714285714,1.2857142857142858,1.0909090909090908,1.1428571428571428,1.1666666666666667,1.263157894736842,1.2222222222222223,1.2,1.0,1.2857142857142858,1.1,1.1111111111111112,1.2,1.105263157894737,1.0,1.125,1.0,1.2,1.0,1.2,1.0,1.2222222222222223,1.0,1.125,1.105263157894737,1.1818181818181819,1.0,1.1666666666666667,1.1428571428571428,1.125,1.0,1.1666666666666667,1.0588235294117647,1.1333333333333333,1.0,1.25,1.2777777777777777,1.1428571428571428,1.2,1.15,1.125,1.25,1.16,1.1111111111111112,1.1578947368421053,1.2666666666666666,1.2692307692307692,1.36,1.1428571428571428,1.4375,1.0909090909090908,1.4583333333333333,1.2,1.1875,1.1666666666666667,1.0833333333333333,1.0,1.25,1.2,1.0
MAR_JUE,161.0,1.173913043478261,1.125,1.0,1.0,1.0,1.0,1.0,1.0,1.0,1.0,0.0,1.0,1.0,1.0,0.0,1.0,0.0,1.0,0.0,1.0,0.0,1.0,1.0,1.0,1.0,1.0,1.0,1.0,1.0,1.1428571428571428,1.0,1.5,1.0833333333333333,1.2,1.2,1.2666666666666666,1.1304347826086956,1.1875,1.411764705882353,1.2857142857142858,1.32,1.380952380952381,1.2727272727272727,1.4166666666666667,1.1923076923076923,1.0857142857142856,1.375,1.4285714285714286,1.3928571428571428,1.3214285714285714,1.3333333333333333,1.36,1.3333333333333333,1.3225806451612903,1.4285714285714286,1.5357142857142858,1.4333333333333333,1.3333333333333333,1.25,1.2962962962962963,1.1818181818181819,1.3571428571428572,1.4,1.5454545454545454,1.5555555555555556,1.4210526315789473,1.4878048780487805,1.5128205128205128,1.6521739130434783,1.825,1.8205128205128205,2.1020408163265305,2.12,1.8409090909090908,1.725,1.6944444444444444,1.9166666666666667,1.5128205128205128,1.675,1.6944444444444444,1.5121951219512195,1.55,1.5384615384615385,1.6,1.5757575757575757,1.4074074074074074,1.7037037037037037,1.3333333333333333,1.4444444444444444,1.6666666666666667,1.1111111111111112,1.25,1.2142857142857142,1.1428571428571428,1.2,1.0
MAR_JUE,162.0,1.0,1.0,2.0,1.0,1.0,1.0,1.0,1.0,1.0,1.0,0.0,1.0,0.0,0.0,1.0,0.0,0.0,1.0,1.0,0.0,0.0,1.0,1.0,1.0,1.0,1.0,1.0,1.0,1.0,1.1428571428571428,1.0,1.2,1.25,1.4666666666666666,1.0588235294117647,1.1,1.2352941176470589,1.1818181818181819,1.105263157894737,1.0526315789473684,1.0588235294117647,1.2105263157894737,1.1428571428571428,1.3888888888888888,1.05,1.3333333333333333,1.1923076923076923,1.32,1.3636363636363635,1.3214285714285714,1.3333333333333333,1.1875,1.4761904761904763,1.1428571428571428,1.0833333333333333,1.1666666666666667,1.1818181818181819,1.3846153846153846,1.2916666666666667,1.3529411764705883,1.2307692307692308,1.1428571428571428,1.1666666666666667,1.4444444444444444,1.4166666666666667,1.2777777777777777,1.3703703703703705,1.5333333333333334,1.59375,1.7941176470588236,1.8888888888888888,1.3055555555555556,1.4871794871794872,1.8181818181818181,1.5333333333333334,1.2424242424242424,1.6923076923076923,1.1923076923076923,1.2916666666666667,1.1923076923076923,1.5185185185185186,1.4814814814814814,1.28,1.32,1.125,1.32,1.1176470588235294,1.3,1.2,1.0909090909090908,1.25,1.1111111111111112,1.25,1.0,1.2,1.0
MAR_JUE,163.0,1.0,1.0,1.0,1.0,1.0,1.3333333333333333,0.0,1.0,1.0,1.0,0.0,1.0,1.0,0.0,1.0,0.0,1.0,0.0,1.0,0.0,1.0,1.0,1.0,1.0,1.0,1.0,1.0,1.0,1.0,1.0,1.0,1.0,1.4,1.6666666666666667,1.3157894736842106,1.0714285714285714,1.2380952380952381,1.1666666666666667,1.1111111111111112,1.25,1.0,1.1578947368421053,1.2222222222222223,1.2380952380952381,1.173913043478261,1.2105263157894737,1.1304347826086956,1.1764705882352942,1.1153846153846154,1.173913043478261,1.1764705882352942,1.1578947368421053,1.1363636363636365,1.2941176470588236,1.2,1.25,1.3076923076923077,1.1538461538461537,1.0625,1.15,1.1875,1.2,1.45,1.2307692307692308,1.2380952380952381,1.0833333333333333,1.380952380952381,1.2380952380952381,1.3666666666666667,1.1428571428571428,1.3103448275862069,1.4722222222222223,1.4827586206896552,1.3548387096774193,1.4230769230769231,1.2142857142857142,1.2727272727272727,1.2692307692307692,1.2592592592592593,1.2142857142857142,1.3181818181818181,1.2307692307692308,1.4444444444444444,1.5714285714285714,1.4,1.3846153846153846,1.25,1.2413793103448276,1.25,1.4090909090909092,1.2083333333333333,1.3,1.2,1.0714285714285714,1.1818181818181819,1.0833333333333333
MAR_JUE,164.0,1.0,1.0,1.2,1.0,1.0,1.3333333333333333,1.0,1.0,1.0,0.0,0.0,1.0,1.0,0.0,1.0,0.0,1.0,1.0,0.0,0.0,1.0,1.0,1.0,1.0,1.0,1.2857142857142858,1.0,1.0,1.0,1.1333333333333333,1.0,1.0909090909090908,1.2727272727272727,1.25,1.1538461538461537,1.0,1.3,1.24,1.0833333333333333,1.1428571428571428,1.1818181818181819,1.0909090909090908,1.2916666666666667,1.0833333333333333,1.2,1.1304347826086956,1.16,1.105263157894737,1.2272727272727273,1.04,1.1176470588235294,1.25,1.2272727272727273,1.1333333333333333,1.1875,1.3571428571428572,1.1333333333333333,1.2727272727272727,1.0,1.0,1.2727272727272727,1.1176470588235294,1.1666666666666667,1.0952380952380953,1.4,1.36,1.2222222222222223,1.5555555555555556,1.2,1.103448275862069,1.32,1.64,1.2857142857142858,1.4333333333333333,1.2222222222222223,1.44,1.3703703703703705,1.5185185185185186,1.32,1.4857142857142858,1.3125,1.4,1.173913043478261,1.32,1.2142857142857142,1.2222222222222223,1.52,1.2,1.0384615384615385,1.4375,1.1764705882352942,1.1666666666666667,1.2222222222222223,1.4444444444444444,1.2222222222222223,1.0
MAR_JUE,166.0,1.0,1.0,1.0,0.0,0.0,1.0,1.0,0.0,1.0,1.0,1.0,1.0,0.0,1.0,1.25,0.0,0.0,0.0,1.0,1.0,1.0,1.0,1.0,1.25,1.0,1.0,1.0,1.0,1.5555555555555556,1.2222222222222223,1.1818181818181819,1.1333333333333333,1.0833333333333333,1.2,1.0,1.2666666666666666,1.1538461538461537,1.25,1.15,1.0,1.3,1.1111111111111112,1.2777777777777777,1.4705882352941178,1.1666666666666667,1.2777777777777777,1.25,1.1538461538461537,1.2173913043478262,1.25,1.1578947368421053,1.1764705882352942,1.1,1.2,1.2352941176470589,1.1764705882352942,1.0666666666666667,1.4,1.1666666666666667,1.25,1.1111111111111112,1.0,1.2777777777777777,1.2727272727272727,1.1875,1.1538461538461537,1.1538461538461537,1.173913043478261,1.2608695652173914,1.2272727272727273,1.368421052631579,1.5,1.2083333333333333,1.0,1.3181818181818181,1.0,1.0769230769230769,1.1111111111111112,1.1666666666666667,1.2142857142857142,1.0714285714285714,1.4444444444444444,1.0909090909090908,1.0909090909090908,1.0,1.2307692307692308,1.2142857142857142,1.1428571428571428,1.2962962962962963,1.1333333333333333,1.2,1.0,1.0,1.0,1.0,1.0
MAR_JUE,170.0,1.0,1.0,1.0,1.0,0.0,1.0,1.0,0.0,0.0,1.0,1.0,0.0,1.0,0.0,0.0,0.0,1.0,0.0,0.0,1.0,1.0,0.0,1.125,1.0,1.125,1.0,1.1428571428571428,1.1304347826086956,1.1428571428571428,1.2,1.4814814814814814,1.2272727272727273,1.5,1.4583333333333333,1.2424242424242424,1.3125,1.34375,1.4193548387096775,1.55,1.3846153846153846,1.3611111111111112,1.4137931034482758,1.542857142857143,1.4857142857142858,1.6176470588235294,1.7096774193548387,1.9393939393939394,1.5357142857142858,1.6666666666666667,1.3225806451612903,1.34375,1.5172413793103448,1.5757575757575757,1.4864864864864864,1.4166666666666667,1.3448275862068966,1.4615384615384615,1.4285714285714286,1.3333333333333333,1.56,1.4857142857142858,1.4074074074074074,1.6956521739130435,1.56,1.44,1.588235294117647,1.457142857142857,1.2058823529411764,1.4444444444444444,1.46875,1.6744186046511629,1.5348837209302326,1.6756756756756757,1.574468085106383,1.6153846153846154,1.5,1.303030303030303,1.6829268292682926,1.46875,1.5625,1.5714285714285714,1.5757575757575757,1.3333333333333333,1.5217391304347827,1.2692307692307692,1.2222222222222223,1.2105263157894737,1.2352941176470589,1.4,1.2,1.0,1.1111111111111112,1.0,1.0,1.0,1.0
MAR_JUE,186.0,1.0,1.0,1.0,0.0,1.0,1.0,1.0,1.0,0.0,1.0,1.0,1.0,0.0,1.0,0.0,0.0,0.0,0.0,0.0,0.0,1.0,1.0,0.0,1.0,1.0,1.0,1.1666666666666667,1.0,1.1666666666666667,1.1111111111111112,1.1666666666666667,1.0769230769230769,1.2564102564102564,1.3,1.0,1.2222222222222223,1.0,1.05,1.1666666666666667,1.0714285714285714,1.4545454545454546,1.1363636363636365,1.1428571428571428,1.0,1.0952380952380953,1.3333333333333333,1.1428571428571428,1.1111111111111112,1.1538461538461537,1.25,1.25,1.1,1.0833333333333333,1.0,1.0,1.0,1.0,1.0,1.0,1.3076923076923077,1.2380952380952381,1.3125,1.0,1.125,1.1666666666666667,1.0,1.3,1.1111111111111112,1.1666666666666667,1.0714285714285714,1.0625,1.125,1.0833333333333333,1.3076923076923077,1.0,1.1111111111111112,1.1,1.3529411764705883,1.0588235294117647,1.1333333333333333,1.0,1.0526315789473684,1.3571428571428572,1.25,1.5294117647058822,1.1428571428571428,1.125,1.4444444444444444,1.3529411764705883,1.3636363636363635,1.0,1.1818181818181819,1.0,1.4285714285714286,1.2,1.0
MAR_JUE,194.0,0.0,1.0,0.0,0.0,0.0,0.0,1.0,0.0,0.0,1.0,0.0,0.0,0.0,0.0,0.0,0.0,0.0,1.0,0.0,0.0,0.0,0.0,1.0,0.0,0.0,0.0,0.0,0.0,0.0,0.0,1.0,0.0,1.0,0.0,1.0,0.0,1.0,0.0,0.0,0.0,0.0,1.0,1.0,1.0,1.0,1.5,0.0,0.0,1.0,1.0,0.0,1.0,1.0,0.0,0.0,0.0,1.0,1.0,1.0,0.0,0.0,0.0,1.0,0.0,1.0,0.0,1.0,0.0,1.0,1.0,1.0,0.0,1.0,1.0,1.0,1.0,1.1,1.0,1.0,1.0,1.0833333333333333,1.0,1.0,1.0,1.0,1.0,1.0,1.0,1.1428571428571428,1.0,1.0,0.0,0.0,1.0,0.0,0.0
MAR_JUE,202.0,1.0,0.0,0.0,0.0,0.0,0.0,0.0,0.0,1.0,0.0,1.0,0.0,0.0,0.0,0.0,0.0,0.0,0.0,1.0,0.0,0.0,0.0,1.0,1.0,1.0,1.0,1.0,1.0,1.0833333333333333,1.1111111111111112,1.0,1.4285714285714286,1.0,1.1818181818181819,1.0,1.0,1.0,1.0,1.25,1.2,1.0,1.0,1.0,1.0,1.0,1.0,1.0,1.0,1.0,1.0,1.1666666666666667,1.1428571428571428,1.0,1.0,1.0,1.0,1.0,0.0,1.0,1.0,1.0,1.0,1.0,1.0,1.0,1.0,0.0,0.0,0.0,0.0,1.0,1.0,0.0,1.0,1.0,1.0,0.0,1.0,0.0,1.0,1.0,0.0,0.0,1.0,0.0,0.0,1.0,1.0,0.0,1.0,0.0,0.0,1.0,0.0,1.0,1.0
MAR_JUE,209.0,0.0,0.0,0.0,0.0,0.0,1.0,0.0,1.0,1.0,0.0,1.0,1.0,0.0,1.0,1.0,1.0,0.0,0.0,0.0,0.0,1.0,1.0,0.0,0.0,0.0,1.0,1.0,1.0,1.1428571428571428,1.0,1.2,1.0,1.125,1.0,1.0,1.2,1.2857142857142858,1.0,1.0,1.0769230769230769,1.0,1.0,1.25,1.0,1.1666666666666667,1.1111111111111112,1.1428571428571428,1.0,1.1428571428571428,1.0,1.1111111111111112,1.0,1.1428571428571428,1.0,1.0,1.0,1.0,1.0,1.0,1.0,1.0,1.0,1.0,1.0,1.0,1.0,1.0,1.1428571428571428,1.0,1.0,1.0,1.2,1.0,1.0,1.0,1.125,1.0,1.0,1.0,1.0714285714285714,1.2727272727272727,1.0909090909090908,1.2727272727272727,1.3,1.3,1.1,1.1538461538461537,1.0,1.0,1.0,1.0,1.0,1.0,1.0,1.0,1.0
MAR_JUE,211.0,1.0,1.3333333333333333,1.25,1.0,1.0,0.0,1.0,1.0,0.0,0.0,0.0,0.0,0.0,0.0,0.0,0.0,0.0,0.0,1.0,1.0,0.0,1.0,1.0,1.0,1.1666666666666667,1.0714285714285714,1.0,1.2222222222222223,1.2,1.4,1.2352941176470589,1.1764705882352942,1.1,1.25,1.2307692307692308,1.0,1.1,1.0,1.125,1.1111111111111112,1.0714285714285714,1.2307692307692308,1.0,1.0,1.25,1.1666666666666667,1.0833333333333333,1.0,1.0,1.125,1.1538461538461537,1.2142857142857142,1.25,1.2727272727272727,1.0,1.25,1.2222222222222223,1.2307692307692308,1.0869565217391304,1.1818181818181819,1.3333333333333333,1.125,1.1764705882352942,1.0,1.105263157894737,1.2,1.125,1.0769230769230769,1.0588235294117647,1.0666666666666667,1.1875,1.25,1.2608695652173914,1.3703703703703705,1.0689655172413792,1.44,1.3157894736842106,1.2272727272727273,1.1875,1.4545454545454546,1.2380952380952381,1.0588235294117647,1.1111111111111112,1.0909090909090908,1.2352941176470589,1.2666666666666666,1.125,1.1666666666666667,1.1666666666666667,1.0769230769230769,1.0,1.5,1.0,1.0,1.25,1.0
MAR_JUE,224.0,0.0,0.0,0.0,0.0,1.0,0.0,0.0,0.0,0.0,0.0,0.0,0.0,0.0,0.0,1.0,0.0,1.0,1.0,1.0,1.0,1.0,1.0,1.0,1.25,1.0,1.0,1.1666666666666667,1.2105263157894737,1.3529411764705883,1.0952380952380953,1.206896551724138,1.2,1.4444444444444444,1.1818181818181819,1.173913043478261,1.1666666666666667,1.2,1.0,1.0,1.2777777777777777,1.0833333333333333,1.0769230769230769,1.1875,1.1111111111111112,1.1666666666666667,1.1111111111111112,1.0,1.0909090909090908,1.0769230769230769,1.0769230769230769,1.1428571428571428,1.1111111111111112,1.0,1.1875,1.0,1.0,1.0,1.1,1.0,1.0,1.3333333333333333,1.0,1.1666666666666667,1.0,1.0,1.0,1.0,1.0,1.0,1.4,1.0,1.0,1.0,1.0,1.4,1.0,1.0,1.1666666666666667,1.0,1.0,1.0833333333333333,1.0,1.0,1.0,1.0,1.0,1.1428571428571428,1.0,1.0,1.0,1.3333333333333333,1.0,1.0,1.0,1.0,0.0
MAR_JUE,229.0,1.0,1.0,1.0,1.0,0.0,1.0,0.0,0.0,1.0,1.0,1.0,1.0,1.0,1.0,0.0,0.0,0.0,1.0,1.0,1.0,1.0,1.0,1.0,1.0,1.0,1.0,1.15,1.3478260869565217,1.6923076923076923,1.3928571428571428,1.25,1.4871794871794872,1.7037037037037037,1.631578947368421,1.619047619047619,1.75,1.4705882352941178,1.435897435897436,1.7222222222222223,1.40625,1.53125,1.3243243243243243,1.4857142857142858,1.3076923076923077,1.4,1.2105263157894737,1.2307692307692308,1.2692307692307692,1.28,1.25,1.25,1.3636363636363635,1.0952380952380953,1.2173913043478262,1.3333333333333333,1.0909090909090908,1.2820512820512822,1.0869565217391304,1.2608695652173914,1.5,1.2222222222222223,1.3,1.4444444444444444,1.2777777777777777,1.5217391304347827,1.105263157894737,1.1428571428571428,1.2,1.3571428571428572,1.16,1.65625,1.5357142857142858,1.4545454545454546,1.393939393939394,1.3636363636363635,1.53125,1.2857142857142858,1.3461538461538463,1.2307692307692308,1.3571428571428572,1.25,1.1379310344827587,1.2608695652173914,1.4545454545454546,1.3333333333333333,1.1818181818181819,1.1875,1.0833333333333333,1.2857142857142858,1.1428571428571428,1.0,1.1666666666666667,1.0,1.0,1.0,1.0
MAR_JUE,230.0,1.4285714285714286,1.1428571428571428,1.0,1.25,1.0,1.2,1.0,1.0,1.0,1.0,1.0,1.0,1.0,1.0,1.3333333333333333,1.0,1.0,1.0,1.0,1.0,1.0,1.0,1.0,1.0,1.0,1.0,1.0,1.0,1.1111111111111112,1.0,1.1666666666666667,1.2352941176470589,1.1333333333333333,1.2,1.1428571428571428,1.2857142857142858,1.4333333333333333,1.2608695652173914,1.4193548387096775,1.52,1.16,1.3333333333333333,1.5384615384615385,1.1923076923076923,1.4782608695652173,1.2222222222222223,1.2962962962962963,1.2,1.4210526315789473,1.5,1.1,1.0666666666666667,1.173913043478261,1.2,1.15,1.2777777777777777,1.5555555555555556,1.1666666666666667,1.3333333333333333,1.0625,1.3888888888888888,1.3043478260869565,1.3157894736842106,1.28,1.1153846153846154,1.263157894736842,1.3448275862068966,1.4074074074074074,1.2758620689655173,1.5,1.6071428571428572,1.4848484848484849,1.4878048780487805,1.6111111111111112,1.6153846153846154,1.5238095238095237,1.435897435897436,1.542857142857143,1.5357142857142858,1.3243243243243243,1.4285714285714286,1.5142857142857142,1.6,1.8958333333333333,2.0,2.477272727272727,3.142857142857143,2.8275862068965516,2.3529411764705883,2.02,1.3428571428571427,1.4166666666666667,1.3461538461538463,1.380952380952381,1.25,1.3333333333333333
MAR_JUE,231.0,1.0,1.25,1.125,1.0,1.0,0.0,1.0,0.0,1.0,0.0,0.0,1.0,0.0,0.0,1.0,1.0,1.0,1.0,1.0,1.0,1.0,1.0526315789473684,1.1875,1.2,1.15,1.05,1.2272727272727273,1.1071428571428572,1.7380952380952381,1.2857142857142858,1.5,1.3793103448275863,1.7142857142857142,1.2162162162162162,1.2894736842105263,1.2580645161290323,1.368421052631579,1.4516129032258065,1.457142857142857,1.542857142857143,1.6,1.4102564102564104,1.5806451612903225,1.4444444444444444,1.457142857142857,1.6111111111111112,1.5263157894736843,1.4722222222222223,1.6578947368421053,1.6363636363636365,1.6904761904761905,1.7037037037037037,1.4375,1.4375,1.6216216216216217,1.3666666666666667,1.4285714285714286,1.2962962962962963,1.1851851851851851,1.3461538461538463,1.358974358974359,1.3478260869565217,1.4166666666666667,1.52,1.5,1.4444444444444444,1.7575757575757576,1.7027027027027026,1.511111111111111,1.3488372093023255,1.5714285714285714,1.675,1.75,1.4864864864864864,1.5945945945945945,1.4054054054054055,1.5,1.4545454545454546,1.368421052631579,1.4594594594594594,1.4,1.542857142857143,1.606060606060606,1.525,1.5416666666666667,1.6896551724137931,1.3333333333333333,1.5217391304347827,1.3846153846153846,1.2272727272727273,1.4,1.3571428571428572,1.1538461538461537,1.0,1.0,1.0
MAR_JUE,232.0,1.0,1.0,1.0,0.0,0.0,1.0,1.0,1.0,1.0,1.0,1.0,0.0,0.0,0.0,1.0,1.0,1.0,1.1666666666666667,1.1538461538461537,1.1818181818181819,1.0,1.0,1.4,1.1428571428571428,1.1904761904761905,1.0,1.105263157894737,1.1111111111111112,1.605263157894737,1.5714285714285714,1.6956521739130435,1.4193548387096775,1.813953488372093,1.6,1.9761904761904763,1.627906976744186,1.7857142857142858,1.542857142857143,1.7428571428571429,1.575,1.9361702127659575,1.6216216216216217,1.5348837209302326,1.36,1.5588235294117647,1.7352941176470589,1.4857142857142858,1.24,1.606060606060606,1.2647058823529411,1.5862068965517242,1.3571428571428572,1.6666666666666667,1.4333333333333333,1.6428571428571428,1.625,1.3157894736842106,1.2272727272727273,1.2857142857142858,1.125,1.2727272727272727,1.1428571428571428,1.3636363636363635,1.1818181818181819,1.2777777777777777,1.2105263157894737,1.2,1.1,1.2,1.0,1.0526315789473684,1.2105263157894737,1.0588235294117647,1.1578947368421053,1.0666666666666667,1.2666666666666666,1.3076923076923077,1.0714285714285714,1.1666666666666667,1.0769230769230769,1.0666666666666667,1.0,1.1666666666666667,1.0,1.0666666666666667,1.0666666666666667,1.125,1.0,1.0,1.0,1.0,1.0,1.125,1.0,1.1111111111111112,1.0
MAR_JUE,233.0,1.0,1.0,1.0,1.0,1.0,0.0,0.0,1.0,0.0,1.0,0.0,0.0,0.0,0.0,1.0,0.0,0.0,0.0,1.0,1.0,1.0,1.0,1.0,1.0,1.0,1.0454545454545454,1.3571428571428572,1.1875,1.2727272727272727,1.4230769230769231,1.6341463414634145,1.3461538461538463,1.4722222222222223,1.34375,1.4545454545454546,1.6451612903225807,1.3333333333333333,1.56,1.28,1.3636363636363635,1.3846153846153846,1.1333333333333333,1.3333333333333333,1.3461538461538463,1.5357142857142858,1.4375,1.3333333333333333,1.25,1.3333333333333333,1.2,1.2272727272727273,1.2352941176470589,1.3846153846153846,1.15,1.25,1.4666666666666666,1.3076923076923077,1.0526315789473684,1.1176470588235294,1.0,1.2777777777777777,1.105263157894737,1.1904761904761905,1.15,1.2173913043478262,1.2105263157894737,1.3636363636363635,1.1153846153846154,1.1851851851851851,1.2380952380952381,1.4444444444444444,1.1851851851851851,1.2222222222222223,1.4210526315789473,1.3703703703703705,1.3333333333333333,1.1428571428571428,1.1363636363636365,1.2,1.3793103448275863,1.3529411764705883,1.1578947368421053,1.1764705882352942,1.105263157894737,1.2,1.0625,1.0769230769230769,1.2142857142857142,1.0,1.1428571428571428,1.0,1.2857142857142858,1.0,1.0,1.0,1.0
MAR_JUE,234.0,1.3333333333333333,1.0,1.0,1.0,1.0,1.0,1.0,1.5,1.0,1.0,1.0,0.0,0.0,0.0,0.0,0.0,1.0,0.0,1.0,0.0,1.0,1.0,1.0,1.3333333333333333,1.1111111111111112,1.0,1.0,1.1333333333333333,1.1176470588235294,1.0,1.2,1.3125,1.15,1.3333333333333333,1.1428571428571428,1.1,1.25,1.1904761904761905,1.2666666666666666,1.0,1.2916666666666667,1.2083333333333333,1.25,1.2105263157894737,1.24,1.2272727272727273,1.3043478260869565,1.3333333333333333,1.4782608695652173,1.2222222222222223,1.375,1.5,1.25,1.4444444444444444,1.1818181818181819,1.1363636363636365,1.1481481481481481,1.3,1.28,1.0555555555555556,1.1666666666666667,1.48,1.380952380952381,1.1666666666666667,1.2857142857142858,1.2592592592592593,1.4814814814814814,1.1785714285714286,1.5384615384615385,1.5161290322580645,1.4230769230769231,1.606060606060606,1.1481481481481481,1.4705882352941178,1.3793103448275863,1.375,1.4545454545454546,1.3703703703703705,1.3548387096774193,1.3571428571428572,1.35,1.303030303030303,1.71875,1.5135135135135136,1.5,1.24,1.5714285714285714,1.5769230769230769,1.5909090909090908,1.4,1.4,1.105263157894737,1.4375,1.3333333333333333,1.1875,1.0
MAR_JUE,236.0,1.0,1.0,1.0,1.0,1.0,1.0,0.0,0.0,0.0,0.0,0.0,0.0,0.0,0.0,0.0,0.0,0.0,1.0,1.25,1.0,1.0,1.0,1.0,1.2727272727272727,1.2285714285714286,1.2666666666666666,1.05,1.3125,1.5238095238095237,1.24,1.12,1.36,1.3611111111111112,1.358974358974359,1.3571428571428572,1.3428571428571427,1.40625,1.2142857142857142,1.3461538461538463,1.25,1.3461538461538463,1.1363636363636365,1.3529411764705883,1.4848484848484849,1.5238095238095237,1.206896551724138,1.5,1.1944444444444444,1.21875,1.6666666666666667,1.5517241379310345,1.4838709677419355,1.3478260869565217,1.2727272727272727,1.4230769230769231,1.2173913043478262,1.2424242424242424,1.2380952380952381,1.44,1.32,1.1851851851851851,1.1851851851851851,1.411764705882353,1.4,1.2380952380952381,1.4375,1.4,1.3043478260869565,1.4444444444444444,1.3428571428571427,1.5405405405405406,1.4864864864864864,1.5405405405405406,1.2857142857142858,1.25,1.3846153846153846,1.3214285714285714,1.3181818181818181,1.25,1.3181818181818181,1.391304347826087,1.3636363636363635,1.2,1.35,1.125,1.25,1.2941176470588236,1.25,1.0833333333333333,1.6,1.0,1.5,1.0,1.0,1.0,1.0
MAR_JUE,237.0,1.0,1.0,1.0,1.0,1.0,2.0,1.0,1.0,1.0,0.0,0.0,0.0,0.0,0.0,1.0,0.0,1.0,1.0,1.0555555555555556,1.0,1.0,1.0,1.1666666666666667,1.1,1.0,1.0666666666666667,1.2222222222222223,1.105263157894737,1.2777777777777777,1.24,1.4642857142857142,1.35,1.5,1.3125,1.375,1.4,1.44,1.3214285714285714,1.2666666666666666,1.105263157894737,1.3529411764705883,1.2173913043478262,1.3103448275862069,1.1304347826086956,1.44,1.4,1.3870967741935485,1.1923076923076923,1.5517241379310345,1.542857142857143,1.3214285714285714,1.3043478260869565,1.3461538461538463,1.2222222222222223,1.1818181818181819,1.35,1.1153846153846154,1.4444444444444444,1.4230769230769231,1.3870967741935485,1.4137931034482758,1.40625,1.25,1.2413793103448276,1.5517241379310345,1.46875,1.368421052631579,1.4482758620689655,1.696969696969697,1.5151515151515151,1.6666666666666667,1.28125,1.8064516129032258,1.3714285714285714,1.5,1.4516129032258065,1.393939393939394,1.3478260869565217,1.1904761904761905,1.1290322580645162,1.44,1.4482758620689655,1.3636363636363635,1.380952380952381,1.4545454545454546,1.35,1.2222222222222223,1.25,1.1666666666666667,1.105263157894737,1.25,1.3571428571428572,1.1538461538461537,1.0,1.0,1.1666666666666667
MAR_JUE,238.0,1.0,1.0,0.0,1.0,1.0,1.0,1.0,0.0,1.0,0.0,1.0,0.0,0.0,0.0,1.0,1.0,0.0,1.0,0.0,1.0,1.0,1.0,1.2,1.0,1.0,1.375,1.25,1.15,1.1818181818181819,1.2352941176470589,1.0526315789473684,1.25,1.4137931034482758,1.4166666666666667,1.3571428571428572,1.5925925925925926,1.3870967741935485,1.6071428571428572,1.3793103448275863,1.34375,1.393939393939394,1.3157894736842106,1.1428571428571428,1.3214285714285714,1.2857142857142858,1.32,1.2352941176470589,1.375,1.1071428571428572,1.1923076923076923,1.3448275862068966,1.1153846153846154,1.3157894736842106,1.2307692307692308,1.1764705882352942,1.3076923076923077,1.24,1.2083333333333333,1.3333333333333333,1.2105263157894737,1.0714285714285714,1.0769230769230769,1.0526315789473684,1.1666666666666667,1.0625,1.1176470588235294,1.2307692307692308,1.368421052631579,1.2173913043478262,1.1666666666666667,1.2380952380952381,1.375,1.1875,1.0,1.263157894736842,1.0555555555555556,1.1538461538461537,1.2352941176470589,1.1666666666666667,1.0,1.3333333333333333,1.1666666666666667,1.0769230769230769,1.0,1.1428571428571428,1.1666666666666667,1.0,1.0666666666666667,1.3,1.0833333333333333,1.0,1.0,1.0,1.0,1.5,1.0
MAR_JUE,239.0,1.25,1.0,0.0,1.0,0.0,1.0,1.0,0.0,1.0,0.0,0.0,1.0,0.0,0.0,1.0,1.0,0.0,1.0,1.1666666666666667,1.0,1.0,1.0,1.0,1.2857142857142858,1.125,1.0,1.0769230769230769,1.2,1.2,1.0,1.0869565217391304,1.3333333333333333,1.2857142857142858,1.3636363636363635,1.5806451612903225,1.4,1.53125,1.3478260869565217,1.2307692307692308,1.4166666666666667,1.15,1.3043478260869565,1.3478260869565217,1.105263157894737,1.1666666666666667,1.4545454545454546,1.1851851851851851,1.0833333333333333,1.25,1.125,1.0,1.2,1.0,1.1818181818181819,1.3,1.0526315789473684,1.3157894736842106,1.2,1.1764705882352942,1.1176470588235294,1.4285714285714286,1.1428571428571428,1.0555555555555556,1.0833333333333333,1.2352941176470589,1.1666666666666667,1.1071428571428572,1.2222222222222223,1.2272727272727273,1.3157894736842106,1.2105263157894737,1.0,1.1111111111111112,1.2105263157894737,1.2105263157894737,1.0666666666666667,1.2083333333333333,1.1666666666666667,1.0666666666666667,1.0,1.0909090909090908,1.1,1.1818181818181819,1.2,1.4545454545454546,1.2142857142857142,1.1363636363636365,1.0909090909090908,1.4285714285714286,1.25,1.0,1.0,1.1428571428571428,1.1428571428571428,1.1428571428571428,1.0
MAR_JUE,243.0,1.0,1.0,1.0,1.0,1.0,1.0,1.0,0.0,1.0,1.0,0.0,0.0,0.0,0.0,1.0,0.0,1.0,1.0,1.0,1.0,1.5,1.0,1.0,1.0,1.0,1.0833333333333333,1.1666666666666667,1.2,1.375,1.3333333333333333,1.1111111111111112,1.0,1.2352941176470589,1.1818181818181819,1.1666666666666667,1.1176470588235294,1.3043478260869565,1.1363636363636365,1.1875,1.1666666666666667,1.4090909090909092,1.0714285714285714,1.2941176470588236,1.0,1.1428571428571428,1.125,1.1818181818181819,1.2142857142857142,1.105263157894737,1.2142857142857142,1.2307692307692308,1.2727272727272727,1.3846153846153846,1.2666666666666666,1.1904761904761905,1.0,1.1666666666666667,1.0,1.0,1.0,1.1333333333333333,1.0,1.2142857142857142,1.1666666666666667,1.0,1.0,1.4,1.0,1.0,1.0,1.0,1.1111111111111112,1.0,1.0,1.0,1.0,1.0,1.0,1.0,1.0,1.0,1.0,1.0,1.2222222222222223,1.0,1.0,1.2857142857142858,1.0,1.2,1.0,1.2,1.0,1.0,1.0,1.2,0.0
MAR_JUE,244.0,1.0,1.0,1.0,0.0,1.0,0.0,0.0,1.0,0.0,1.5,1.0,1.0,0.0,0.0,1.0,1.0,1.0,1.0,1.0,1.0,1.0,1.0,1.1666666666666667,1.0,1.0,1.0,1.0666666666666667,1.4,1.0869565217391304,1.2142857142857142,1.0,1.32,1.4230769230769231,1.411764705882353,1.1785714285714286,1.2,1.0476190476190477,1.35,1.2592592592592593,1.0909090909090908,1.3235294117647058,1.5,1.4615384615384615,1.3076923076923077,1.3846153846153846,1.206896551724138,1.3703703703703705,1.25,1.2903225806451613,1.3333333333333333,1.2105263157894737,1.3478260869565217,1.52,1.25,1.1379310344827587,1.2380952380952381,1.2857142857142858,1.2,1.35,1.368421052631579,1.263157894736842,1.434782608695652,1.0434782608695652,1.2,1.1666666666666667,1.2307692307692308,1.3571428571428572,1.1176470588235294,1.105263157894737,1.0,1.0,1.0,1.3076923076923077,1.1111111111111112,1.0,1.0,1.0,1.2857142857142858,1.0909090909090908,1.0,1.0,1.1666666666666667,1.0,1.1666666666666667,1.1666666666666667,1.0,1.3333333333333333,1.1111111111111112,1.0,1.3333333333333333,1.1666666666666667,1.0,1.0,1.0,1.0,1.0
MAR_JUE,246.0,1.0,1.2,0.0,1.0,1.0,1.0,1.0,1.0,1.0,1.0,1.0,1.0,0.0,1.0,0.0,1.0,0.0,1.0,0.0,0.0,1.2857142857142858,1.1818181818181819,1.0,1.1304347826086956,1.5,1.15625,1.3888888888888888,1.4516129032258065,1.3214285714285714,1.40625,1.511111111111111,1.5476190476190477,1.6571428571428573,1.5,1.3666666666666667,1.7179487179487178,1.736842105263158,1.553191489361702,1.85,1.5862068965517242,1.6097560975609757,1.5384615384615385,1.606060606060606,1.7714285714285714,1.5,1.9642857142857142,1.3448275862068966,1.4285714285714286,1.5416666666666667,1.411764705882353,1.4,1.3478260869565217,1.5151515151515151,1.2173913043478262,1.3571428571428572,1.2173913043478262,1.40625,1.4074074074074074,1.2272727272727273,1.105263157894737,1.3888888888888888,1.2962962962962963,1.4761904761904763,1.6153846153846154,1.25,1.3703703703703705,1.7714285714285714,1.46875,1.7142857142857142,1.525,1.6216216216216217,1.6129032258064515,1.7272727272727273,1.4761904761904763,1.794871794871795,1.6521739130434783,1.6578947368421053,1.435897435897436,1.5217391304347827,1.3703703703703705,1.4634146341463414,1.6,1.6944444444444444,1.564102564102564,1.675,1.7142857142857142,1.3513513513513513,1.56,1.263157894736842,1.3846153846153846,1.1904761904761905,1.1538461538461537,1.16,1.1333333333333333,1.3333333333333333,1.125
MAR_JUE,249.0,1.2,1.1666666666666667,1.0,1.0,1.25,1.0,1.0,1.0,1.0,1.0,1.2,1.0,0.0,1.0,1.0,3.0,0.0,1.0,1.0,1.0,1.0,1.0,1.0,1.0,1.0,1.0,1.2,1.0,1.2142857142857142,1.1363636363636365,1.0714285714285714,1.1304347826086956,1.2352941176470589,1.2608695652173914,1.2,1.2105263157894737,1.2,1.5333333333333334,1.25,1.1666666666666667,1.1304347826086956,1.1,1.1666666666666667,1.15,1.2941176470588236,1.1333333333333333,1.2,1.1481481481481481,1.125,1.125,1.2,1.375,1.0769230769230769,1.2,1.1904761904761905,1.15,1.125,1.1111111111111112,1.1875,1.1333333333333333,1.1666666666666667,1.15,1.3333333333333333,1.0909090909090908,1.1818181818181819,1.1428571428571428,1.2,1.6,1.1111111111111112,1.1764705882352942,1.0,1.3846153846153846,1.5,1.25,1.3571428571428572,1.0666666666666667,1.3181818181818181,1.2903225806451613,1.35,1.3846153846153846,1.457142857142857,1.12,1.3055555555555556,1.4736842105263157,1.6818181818181819,1.3103448275862069,1.5714285714285714,1.4482758620689655,1.206896551724138,1.5416666666666667,1.3478260869565217,1.2142857142857142,1.3846153846153846,1.1,1.1,1.0
MAR_JUE,261.0,1.0,0.0,1.0,1.0,0.0,1.0,0.0,0.0,1.0,1.0,0.0,0.0,1.0,1.0,0.0,0.0,0.0,1.0,0.0,0.0,1.0,1.0,1.0,1.0,1.0,1.25,1.0,1.1666666666666667,1.0,1.0,1.2352941176470589,1.1666666666666667,1.2307692307692308,1.0,1.3333333333333333,1.2,1.0666666666666667,1.0,1.1111111111111112,1.0,1.2,1.0,1.1,1.0,1.0,1.0,1.0,1.0,1.2352941176470589,1.0666666666666667,1.1428571428571428,1.0,1.0,1.0,1.0,1.1428571428571428,1.1666666666666667,1.1111111111111112,1.1428571428571428,1.1,1.0909090909090908,1.1666666666666667,1.1333333333333333,1.1428571428571428,1.0909090909090908,1.1875,1.3333333333333333,1.1666666666666667,1.3125,1.2105263157894737,1.2666666666666666,1.2307692307692308,1.25,1.105263157894737,1.125,1.0,1.125,1.2142857142857142,1.1875,1.2307692307692308,1.2222222222222223,1.0769230769230769,1.0769230769230769,1.1428571428571428,1.2,1.0,1.0,1.1428571428571428,1.0,1.0,1.0,1.1428571428571428,1.0,1.0,1.0,0.0
MAR_JUE,262.0,1.0,1.0,1.0,1.0,1.0,0.0,1.0,1.0,1.0,0.0,1.0,1.0,0.0,0.0,0.0,1.0,0.0,0.0,1.0,1.3333333333333333,1.0,1.0,1.0,1.5,1.3076923076923077,1.48,1.105263157894737,1.0909090909090908,1.2380952380952381,1.35,1.1538461538461537,1.28,1.3793103448275863,1.5789473684210527,1.4666666666666666,1.4864864864864864,1.3571428571428572,1.2857142857142858,1.28,1.2307692307692308,1.2857142857142858,1.2352941176470589,1.1785714285714286,1.1111111111111112,1.45,1.0833333333333333,1.1724137931034482,1.2,1.21875,1.1333333333333333,1.2307692307692308,1.2142857142857142,1.105263157894737,1.1666666666666667,1.0714285714285714,1.0,1.25,1.0,1.0909090909090908,1.2307692307692308,1.0909090909090908,1.0,1.15,1.3076923076923077,1.736842105263158,1.1111111111111112,1.2941176470588236,1.0769230769230769,1.1111111111111112,1.1428571428571428,1.3333333333333333,1.2857142857142858,1.1176470588235294,1.2352941176470589,1.1428571428571428,1.1,1.1428571428571428,1.0625,1.2,1.4615384615384615,1.2,1.0909090909090908,1.0714285714285714,1.2727272727272727,1.3333333333333333,1.1111111111111112,1.0,1.0,1.0,1.0,1.0,1.0,1.0,1.0,1.0,1.0
MAR_JUE,263.0,1.0,1.0,1.0,0.0,1.0,1.0,0.0,1.0,1.0,1.0,1.0,0.0,1.0,1.0,1.0,0.0,1.0,1.0,1.0,1.0,1.0,1.125,1.0,1.0,1.0,1.0,1.3,1.4,1.32,1.2777777777777777,1.2222222222222223,1.2142857142857142,1.2692307692307692,1.4666666666666666,1.2380952380952381,1.3333333333333333,1.4545454545454546,1.368421052631579,1.2857142857142858,1.2,1.1851851851851851,1.35,1.3888888888888888,1.1764705882352942,1.1904761904761905,1.2272727272727273,1.4444444444444444,1.2,1.2222222222222223,1.2666666666666666,1.2,1.0,1.0,1.3,1.1176470588235294,1.2857142857142858,1.0,1.1875,1.2941176470588236,1.2222222222222223,1.0666666666666667,1.3333333333333333,1.1538461538461537,1.0,1.0526315789473684,1.0833333333333333,1.2380952380952381,1.0476190476190477,1.2142857142857142,1.3125,1.25,1.3,1.0714285714285714,1.263157894736842,1.2,1.2142857142857142,1.2352941176470589,1.15,1.1764705882352942,1.1333333333333333,1.1578947368421053,1.105263157894737,1.0909090909090908,1.3076923076923077,1.2105263157894737,1.0,1.3636363636363635,1.2,1.3333333333333333,1.0769230769230769,1.1111111111111112,1.0,1.0,1.0,1.0,1.0
SABADO,4.0,1.0,1.0,1.25,1.0,1.0,1.0,1.0,1.0,1.0,0.0,1.0,1.0,0.0,1.0,0.0,0.0,1.0,0.0,1.0,0.0,0.0,1.0,1.0,1.0,1.0,1.0,1.0,1.0,1.0,1.0,1.0,1.0,0.0,1.6,1.2,1.0,1.0,1.0,1.4,1.0,1.3333333333333333,1.0,1.0,1.0,1.0,1.0,1.4,1.0,1.0,1.2,1.0,1.3333333333333333,1.0,1.2,1.0,1.2222222222222223,1.125,1.0,1.5,1.0,1.0,1.0,1.0,1.1428571428571428,1.0,1.0,1.0,1.0,1.0,1.0,1.0,1.0,1.0,1.4285714285714286,1.25,1.0,1.0,1.1428571428571428,1.0,1.1666666666666667,1.0,1.25,1.0,1.0,1.3333333333333333,1.75,1.0,1.0,1.25,1.5,1.0,1.0,1.0,1.0,1.0,1.0
SABADO,12.0,0.0,0.0,0.0,0.0,0.0,0.0,0.0,0.0,0.0,0.0,0.0,0.0,0.0,0.0,0.0,0.0,0.0,0.0,0.0,0.0,0.0,0.0,0.0,0.0,0.0,0.0,0.0,0.0,0.0,0.0,0.0,0.0,0.0,0.0,0.0,0.0,0.0,0.0,0.0,0.0,0.0,0.0,0.0,0.0,0.0,0.0,0.0,0.0,0.0,0.0,0.0,1.0,1.0,0.0,0.0,0.0,0.0,0.0,0.0,1.0,0.0,0.0,0.0,0.0,0.0,0.0,0.0,0.0,0.0,0.0,0.0,0.0,1.0,0.0,0.0,0.0,0.0,0.0,0.0,0.0,0.0,0.0,0.0,0.0,0.0,0.0,0.0,0.0,0.0,0.0,0.0,0.0,0.0,0.0,0.0,0.0
SABADO,13.0,1.0,1.0,0.0,1.0,0.0,1.0,1.0,1.0,0.0,0.0,0.0,0.0,0.0,0.0,0.0,0.0,0.0,1.0,0.0,0.0,0.0,0.0,0.0,0.0,0.0,1.0,0.0,1.3333333333333333,1.0,1.0,1.0,1.0,1.0,1.0,1.0,1.0,1.25,1.25,1.2,1.0,1.1666666666666667,1.0,1.0,1.0,1.1428571428571428,1.0,1.5,1.0,1.5,1.4,1.2,1.0,1.1666666666666667,1.25,1.0,1.0,1.3333333333333333,1.0,0.0,1.0,1.2,1.0,1.4285714285714286,1.0,1.1111111111111112,1.2,1.5,1.25,1.25,1.0,1.3333333333333333,1.625,1.5,1.0,1.0,1.5714285714285714,1.0,1.5,1.125,1.25,1.0,1.0,1.2,1.0,1.5,1.6666666666666667,1.3333333333333333,1.25,1.25,1.0,1.0,1.0,1.0,0.0,1.0,1.0
SABADO,24.0,1.0,0.0,1.0,1.0,0.0,0.0,1.0,0.0,0.0,0.0,0.0,1.0,1.0,0.0,0.0,0.0,0.0,0.0,0.0,0.0,1.0,0.0,0.0,1.0,0.0,1.0,0.0,0.0,0.0,0.0,0.0,2.0,0.0,2.0,1.5,0.0,1.0,0.0,0.0,1.0,1.0,1.0,1.0,1.0,0.0,0.0,1.0,1.0,1.0,1.0,1.2,1.5,1.0,1.6666666666666667,1.0,1.0,1.1666666666666667,1.0,1.0,1.0,1.0,1.0,0.0,1.0,1.25,1.5,1.0,1.0,1.0,1.0,1.0,1.0,1.0,1.0,1.25,1.3333333333333333,1.0,1.0,1.0,1.0,1.3333333333333333,1.5,1.0,1.0,0.0,1.0,1.0,1.0,1.0,0.0,1.0,0.0,1.0,0.0,1.3333333333333333,1.0
SABADO,41.0,1.0,1.0,1.0,1.0,0.0,1.0,0.0,1.0,1.0,0.0,0.0,0.0,0.0,0.0,0.0,0.0,0.0,0.0,0.0,0.0,0.0,1.0,1.0,0.0,1.0,1.0,0.0,1.0,1.0,0.0,1.1428571428571428,1.0,1.0,0.0,1.4,1.25,1.25,1.4285714285714286,1.6666666666666667,1.2857142857142858,1.2857142857142858,1.0,1.0,1.25,1.25,1.0,1.0,1.2222222222222223,1.4285714285714286,1.4285714285714286,1.6666666666666667,1.8333333333333333,1.25,1.25,1.1428571428571428,1.0,1.1111111111111112,1.3333333333333333,1.25,1.25,1.0,1.0,1.0,1.0,1.3333333333333333,1.25,1.3333333333333333,1.0,1.3333333333333333,1.0,1.0,1.1666666666666667,1.125,1.1666666666666667,1.3333333333333333,1.2,1.0,1.0,1.1666666666666667,1.0,1.0,1.2,1.0,1.6666666666666667,1.0,1.0,1.0,2.0,1.0,1.0,1.0,1.25,1.0,1.0,1.0,1.0
SABADO,42.0,1.0,1.0,1.0,1.0,1.0,0.0,0.0,0.0,0.0,0.0,1.0,1.0,0.0,1.0,1.0,0.0,1.0,1.0,0.0,0.0,1.0,1.0,1.0,1.0,1.3333333333333333,1.0,1.0,1.0,1.0,1.0,1.0,1.3333333333333333,1.0,1.4,1.8,1.125,1.375,1.4545454545454546,1.2857142857142858,1.9090909090909092,1.7,1.4166666666666667,1.9,1.7692307692307692,1.3333333333333333,1.0909090909090908,1.7,1.6666666666666667,1.2727272727272727,1.2222222222222223,1.6363636363636365,1.2857142857142858,1.2222222222222223,1.3636363636363635,1.4444444444444444,1.625,1.4,1.4285714285714286,1.4285714285714286,1.3333333333333333,1.2222222222222223,1.6,1.1428571428571428,1.8,1.1666666666666667,1.0,1.4444444444444444,1.1428571428571428,1.5,1.3333333333333333,1.4,1.4444444444444444,1.1428571428571428,1.875,1.75,1.0,1.2,1.25,1.6666666666666667,1.0,1.0,1.2,1.1428571428571428,1.0,1.0,1.0,1.0,1.0,1.0,1.0,1.125,1.6,1.0,1.0,1.0,1.0
SABADO,43.0,0.0,0.0,0.0,0.0,0.0,0.0,0.0,1.0,0.0,0.0,0.0,0.0,0.0,0.0,0.0,0.0,0.0,0.0,0.0,0.0,0.0,0.0,0.0,1.0,0.0,0.0,0.0,0.0,1.0,0.0,0.0,0.0,0.0,1.0,0.0,1.0,1.0,0.0,2.0,0.0,1.0,1.0,1.0,0.0,1.0,1.0,0.0,1.3333333333333333,1.0,1.0,1.0,1.0,1.0,1.0,1.0,1.0,1.0,1.0,1.0,1.0,1.0,1.3333333333333333,1.0,1.0,1.0,1.0,1.0,1.0,1.5,1.0,1.0,1.6666666666666667,1.0,1.0,1.0,1.0,1.2,1.0,1.0,1.0,1.0,1.0,1.0,0.0,1.0,1.0,1.0,0.0,1.0,0.0,1.0,1.0,0.0,0.0,1.0,0.0
SABADO,45.0,0.0,0.0,1.0,1.0,0.0,0.0,1.0,1.0,1.0,0.0,0.0,1.0,0.0,0.0,1.0,0.0,0.0,0.0,0.0,0.0,0.0,0.0,0.0,1.0,0.0,0.0,0.0,0.0,1.0,0.0,1.0,1.0,1.0,1.0,0.0,1.0,1.0,1.2857142857142858,2.0,1.0,0.0,1.3333333333333333,1.4,1.0,1.0,1.0,0.0,1.0,1.4,1.0,1.4,1.0,1.0,1.1666666666666667,1.0,1.3333333333333333,1.25,1.0,1.0,1.0,1.0,1.0,1.0,1.0,1.0,1.0,1.0,1.5,1.0,1.0,1.5,1.0,1.0,1.0,1.25,1.3333333333333333,1.0,1.5,1.25,1.0,1.3333333333333333,1.0,1.2,1.0,1.0,1.1428571428571428,1.4,2.0,1.0,1.0,1.25,1.0,1.0,1.0,1.0,1.0
SABADO,48.0,1.3333333333333333,1.0,1.0,1.0,1.0,1.3333333333333333,1.6666666666666667,1.0,1.0,1.5,0.0,1.0,1.0,1.0,1.0,1.0,0.0,1.0,0.0,0.0,0.0,0.0,1.0,1.0,2.0,1.0,0.0,1.0,1.0,1.3333333333333333,1.25,1.0,1.25,1.0,1.0,1.375,1.0,1.0,1.5,1.1666666666666667,1.0,1.6666666666666667,1.0,1.7142857142857142,1.0,1.0,1.25,1.4,1.0,1.0,1.2857142857142858,1.7142857142857142,1.3,1.3333333333333333,1.3333333333333333,1.0,1.125,1.2,1.1428571428571428,1.6666666666666667,1.25,1.25,1.0,1.4,1.1428571428571428,1.3333333333333333,1.125,1.4444444444444444,1.3,1.2727272727272727,1.2727272727272727,1.1666666666666667,1.7,1.3333333333333333,1.8,1.2,1.7,1.7142857142857142,1.3076923076923077,1.3,1.3333333333333333,1.5,1.0,1.2,1.375,1.625,1.5714285714285714,1.7,1.7692307692307692,1.625,1.1111111111111112,1.4,1.2857142857142858,1.5,1.25,1.375
SABADO,50.0,1.0,1.0,1.0,1.0,1.0,1.0,0.0,1.0,1.0,0.0,0.0,0.0,1.0,0.0,0.0,1.0,1.0,1.0,0.0,0.0,0.0,1.0,1.0,1.0,1.0,1.0,1.0,1.0,1.0,1.3333333333333333,1.125,1.1666666666666667,1.4,1.0,1.3333333333333333,1.1666666666666667,1.2,1.0,1.1428571428571428,1.0,1.5,1.2,1.2857142857142858,1.5,1.0,1.1666666666666667,1.2222222222222223,1.3333333333333333,1.2222222222222223,1.0,1.6666666666666667,1.5,1.2857142857142858,1.2222222222222223,1.1428571428571428,1.375,1.2,1.4285714285714286,1.3333333333333333,1.0,1.1111111111111112,1.2,1.125,1.4,1.1428571428571428,1.0,1.25,1.4,1.1,1.3333333333333333,1.2222222222222223,1.2,1.1428571428571428,1.2727272727272727,1.4,1.7,1.6,1.2307692307692308,1.2,1.0,1.25,1.1818181818181819,1.5,1.3333333333333333,1.125,1.375,1.2,1.375,1.1428571428571428,1.2857142857142858,1.1666666666666667,1.25,1.0,1.0,1.0,1.0
SABADO,68.0,1.0,1.1428571428571428,1.2,1.2,1.0,1.6666666666666667,1.0,1.0,1.0,1.0,1.0,1.0,1.0,1.0,1.0,0.0,0.0,1.0,0.0,0.0,1.0,2.0,0.0,0.0,0.0,1.0,1.0,1.0,1.0,1.0,1.2,1.0,1.0,1.0,1.0,1.25,1.0,1.3333333333333333,1.25,1.6666666666666667,1.1428571428571428,1.1666666666666667,1.25,1.3333333333333333,1.25,1.5714285714285714,1.1,1.2222222222222223,1.4,1.375,1.4,1.3333333333333333,1.1666666666666667,1.375,1.5555555555555556,1.25,1.0,1.6363636363636365,1.4,1.6,1.3636363636363635,1.1428571428571428,1.125,1.5,1.375,1.6153846153846154,1.2142857142857142,1.8,1.375,1.4,1.5833333333333333,1.375,1.8181818181818181,1.8888888888888888,1.3333333333333333,2.0,1.5384615384615385,1.4444444444444444,1.2142857142857142,1.3333333333333333,1.5,1.5,1.4545454545454546,1.3333333333333333,2.0,1.25,1.7,1.5714285714285714,1.625,1.5,1.5714285714285714,1.4444444444444444,1.5,1.2857142857142858,1.6666666666666667,1.7142857142857142
SABADO,74.0,1.0,1.0,1.0,0.0,0.0,1.0,0.0,1.0,1.0,1.0,1.0,0.0,1.0,0.0,0.0,1.0,0.0,1.0,0.0,1.0,1.6666666666666667,1.0,1.5,1.0,2.0,1.0,1.0,1.0,1.0,1.0,1.0,1.1666666666666667,1.3333333333333333,1.5,1.0,1.3333333333333333,1.375,1.1428571428571428,1.1,1.0,1.8333333333333333,1.6666666666666667,1.6666666666666667,1.4285714285714286,1.0,1.375,1.3333333333333333,1.6,1.0769230769230769,1.5714285714285714,1.6,1.125,1.3333333333333333,1.4,2.0,1.1666666666666667,1.3333333333333333,1.6666666666666667,1.5,1.3333333333333333,1.2,1.1666666666666667,1.1428571428571428,1.2857142857142858,1.2222222222222223,1.25,1.0,1.25,1.5,1.7142857142857142,1.4285714285714286,1.0,1.4444444444444444,1.0,1.5,1.2,1.75,1.125,1.0,1.0,1.0,1.0,1.0,1.0,1.0,1.0,1.0,1.0,1.25,1.0,1.0,1.0,1.0,1.2,1.5,1.0
SABADO,75.0,1.0,0.0,0.0,1.0,0.0,1.0,0.0,0.0,1.0,0.0,0.0,0.0,1.0,0.0,0.0,1.0,1.0,0.0,0.0,0.0,1.0,0.0,1.0,1.0,1.0,1.0,1.0,1.25,1.0,1.0,2.0,1.0,1.3333333333333333,1.0,1.1666666666666667,1.0,1.6666666666666667,1.3333333333333333,1.3333333333333333,1.6666666666666667,1.0,1.6,1.25,1.2,1.0,1.0,1.5,1.4,1.8,1.4,1.375,1.3333333333333333,1.4444444444444444,1.4285714285714286,1.0,1.0,1.2,1.0,1.3333333333333333,1.5714285714285714,0.0,1.0,1.0,1.2,1.1111111111111112,1.3333333333333333,1.0,1.2857142857142858,1.0,1.75,1.5,1.25,1.4,1.2222222222222223,1.1666666666666667,1.2,1.25,1.0,1.3333333333333333,1.5714285714285714,1.4,1.0,1.0,1.5,0.0,1.0,1.0,1.0,1.0,1.0,1.0,1.0,0.0,0.0,1.0,1.0
SABADO,79.0,1.5833333333333333,1.8333333333333333,1.4545454545454546,1.6363636363636365,1.7777777777777777,1.2222222222222223,1.5,1.5,1.375,1.25,1.2857142857142858,1.0,1.25,1.0,1.0,1.5,1.0,0.0,0.0,0.0,1.0,0.0,0.0,1.0,0.0,1.0,1.0,1.0,1.0,1.0,1.0,1.3333333333333333,1.0,1.0,1.0,1.0,1.1,1.0,1.3333333333333333,1.6666666666666667,1.25,1.2,1.25,1.125,1.25,1.2222222222222223,1.0,1.5714285714285714,1.25,1.125,1.2,1.1111111111111112,1.5714285714285714,1.3333333333333333,1.0,1.1,1.6,1.1,1.2857142857142858,1.25,1.3333333333333333,1.1666666666666667,1.3333333333333333,1.4166666666666667,1.3333333333333333,1.125,1.6,1.5,1.1,1.25,1.7777777777777777,1.7272727272727273,1.8888888888888888,2.076923076923077,1.7,1.4,2.0,1.6666666666666667,1.8461538461538463,1.6875,1.8333333333333333,1.8,1.9230769230769231,1.7777777777777777,1.9166666666666667,1.7272727272727273,2.076923076923077,1.5555555555555556,2.0,1.75,1.3333333333333333,1.4666666666666666,1.8181818181818181,2.0,1.8181818181818181,1.9285714285714286
SABADO,87.0,1.0,1.5384615384615385,1.375,1.0,1.0,1.0,0.0,1.0,1.0,1.0,2.0,0.0,0.0,0.0,1.0,1.0,1.0,0.0,1.0,0.0,0.0,0.0,0.0,0.0,0.0,1.0,1.0,0.0,0.0,1.0,1.0,1.0,1.0,1.0,1.0,0.0,1.2,1.0,1.1666666666666667,1.0,1.0,1.0,1.8,1.0,1.2,1.3333333333333333,1.0,1.6,1.3333333333333333,1.25,1.3333333333333333,1.0,1.2857142857142858,1.375,1.3333333333333333,1.5,1.0,1.2222222222222223,1.0,1.1428571428571428,1.0,1.2,1.4,1.0,1.2,1.0,1.4444444444444444,1.6666666666666667,1.4444444444444444,1.2222222222222223,1.4444444444444444,1.4,1.625,1.5,1.5,1.3333333333333333,1.1666666666666667,1.7272727272727273,1.4545454545454546,1.2222222222222223,1.1818181818181819,1.5,1.4615384615384615,1.5,1.3636363636363635,1.5555555555555556,1.5,1.2,1.25,1.0,1.5555555555555556,1.2222222222222223,1.6,1.1666666666666667,1.0,1.3333333333333333
SABADO,88.0,1.0,1.1666666666666667,1.0,1.0,1.0,0.0,0.0,0.0,1.0,0.0,1.0,0.0,0.0,1.0,0.0,0.0,0.0,0.0,0.0,0.0,0.0,0.0,0.0,0.0,0.0,1.0,0.0,0.0,1.0,1.0,0.0,1.0,1.0,0.0,1.0,1.0,1.0,1.0,0.0,1.0,0.0,1.0,1.0,1.0,1.0,1.0,1.0,1.3333333333333333,1.0,1.0,1.0,1.0,1.0,1.0,1.0,0.0,1.0,1.0,0.0,1.0,1.0,1.0,1.0,1.3333333333333333,1.0,1.0,1.0,1.0,1.0,1.3333333333333333,1.0,1.0,1.0,1.0,1.5,1.0,1.0,1.0,1.0,1.0,1.0,1.0,1.0,1.1666666666666667,1.0,1.0,1.0,1.0,1.0,1.0,1.0,1.0,1.0,1.0,1.0,1.0
SABADO,90.0,1.25,1.5,1.0,1.0,1.0,1.0,1.0,0.0,0.0,1.0,1.0,1.0,1.0,1.0,0.0,0.0,0.0,1.0,0.0,1.0,1.0,0.0,1.0,0.0,0.0,1.0,1.0,1.0,1.0,1.0,1.0,1.25,1.5,1.0,1.25,1.0,1.3333333333333333,1.0,1.0,1.3333333333333333,1.5,1.0,1.3333333333333333,1.1111111111111112,1.0,1.2,1.1428571428571428,1.8,1.2857142857142858,1.5,1.0,1.0,1.0,1.0,1.2857142857142858,1.2857142857142858,1.1666666666666667,1.0,1.0,1.75,1.0,1.0,1.3333333333333333,1.1666666666666667,1.3333333333333333,1.0,1.0,1.4,1.125,1.6666666666666667,1.0,1.1666666666666667,1.1428571428571428,1.25,1.4285714285714286,1.0,1.3333333333333333,1.3571428571428572,1.1111111111111112,1.1,1.4285714285714286,1.3333333333333333,1.125,1.7142857142857142,1.75,1.0,1.4285714285714286,1.2857142857142858,1.2857142857142858,1.0,1.6,1.0,1.2,1.5,1.3333333333333333,1.0
SABADO,100.0,1.0,0.0,1.0,1.0,1.3333333333333333,1.0,1.0,1.0,0.0,0.0,0.0,0.0,1.0,0.0,0.0,0.0,0.0,0.0,0.0,1.0,0.0,0.0,0.0,0.0,0.0,0.0,1.0,0.0,0.0,0.0,0.0,1.0,1.0,1.5,1.0,2.0,0.0,1.0,1.0,1.0,1.0,1.0,1.0,1.0,1.0,1.5,1.0,2.0,1.0,1.0,1.0,1.3333333333333333,1.0,1.0,1.0,1.0,1.25,1.0,1.0,1.0,1.0,1.0,1.0,1.4,1.0,0.0,1.0,1.25,1.0,1.25,1.0,1.0,1.25,1.2857142857142858,1.0,1.0,1.5,1.0,1.0,1.0,1.5,1.0,1.2,1.2,1.75,1.0,1.4,1.0,1.0,1.0,1.0,1.0,1.6,1.0,1.0,1.0
SABADO,107.0,1.3333333333333333,1.0,1.0,1.0,1.3333333333333333,1.0,1.0,1.0,0.0,1.0,1.0,0.0,1.0,1.0,1.0,0.0,0.0,0.0,0.0,0.0,0.0,1.0,0.0,1.0,0.0,1.0,1.0,1.3333333333333333,0.0,1.0,2.0,0.0,1.0,1.0,1.0,1.0,1.2,1.0,1.25,1.25,1.0,1.0,1.0,1.3333333333333333,1.125,1.2,1.0,1.1666666666666667,1.0,1.2,1.1666666666666667,1.8333333333333333,1.4,1.1428571428571428,1.3,1.0,1.1,1.4,1.4,1.0,1.0,1.4285714285714286,1.2857142857142858,1.5555555555555556,1.5,1.1666666666666667,1.25,1.4285714285714286,1.4285714285714286,1.2857142857142858,1.7,1.25,1.5714285714285714,1.75,1.8,1.8888888888888888,1.2,1.6153846153846154,2.3333333333333335,1.8,1.875,1.1666666666666667,1.25,1.3333333333333333,1.875,1.1666666666666667,1.4444444444444444,1.3333333333333333,1.5555555555555556,1.8,1.75,1.6666666666666667,1.125,1.0,1.25,1.0
SABADO,113.0,1.0,1.0,1.25,1.0,1.0,0.0,1.0,1.0,0.0,0.0,1.0,1.0,0.0,0.0,1.0,0.0,0.0,0.0,0.0,1.0,0.0,0.0,0.0,0.0,1.0,1.0,1.0,0.0,1.0,0.0,1.0,1.0,1.2,1.25,1.0,1.0,1.0,1.2857142857142858,1.0,1.0,1.0,1.0,1.0,1.0,1.5,1.6666666666666667,1.25,1.0,1.3333333333333333,1.2222222222222223,1.0,1.0,1.0,1.2222222222222223,1.0,1.0,1.2857142857142858,1.5,1.375,1.1428571428571428,1.2,1.2,1.2857142857142858,1.25,1.25,1.25,1.1666666666666667,1.0,1.2,1.6666666666666667,1.2,1.6,1.2857142857142858,1.6,1.0,1.5714285714285714,1.2857142857142858,1.0,1.0,1.0,1.625,1.0,1.25,1.3333333333333333,1.375,1.0,1.1428571428571428,1.4,1.5555555555555556,1.0,1.0,1.0,1.5,1.0,1.1666666666666667,1.2
SABADO,114.0,1.3333333333333333,1.1666666666666667,1.0,1.4,1.4,1.0,1.0,1.2,1.1666666666666667,1.2,2.0,1.0,1.0,0.0,0.0,1.0,0.0,0.0,0.0,1.0,0.0,1.0,0.0,0.0,1.0,0.0,1.0,0.0,0.0,0.0,1.0,1.0,1.0,1.0,1.0,1.0,1.0,1.0,1.5,1.5,1.0,1.0,1.0,0.0,1.0,1.0,1.0,1.0,1.3333333333333333,1.1666666666666667,1.0,1.0,1.0,1.0,1.5714285714285714,1.4,1.0,4.0,1.0,1.25,1.3333333333333333,1.1428571428571428,1.6666666666666667,1.0,1.1666666666666667,1.0,1.2222222222222223,1.3333333333333333,1.125,1.1666666666666667,1.0,1.0,1.125,1.375,1.1666666666666667,1.0,1.3333333333333333,1.25,1.375,1.75,1.3333333333333333,1.6363636363636365,1.1,1.7,1.4444444444444444,1.8571428571428572,1.2857142857142858,1.2,1.4285714285714286,1.2222222222222223,1.375,1.0,1.4444444444444444,1.4285714285714286,1.25,1.375
SABADO,116.0,1.0,1.0,0.0,0.0,0.0,1.0,1.0,1.0,1.0,1.0,1.0,0.0,0.0,0.0,1.0,1.0,0.0,0.0,0.0,0.0,1.0,0.0,0.0,0.0,1.0,1.0,1.0,1.0,0.0,1.0,1.0,1.0,1.0,1.0,1.5,1.125,1.2,1.2,1.0,1.0,1.0,1.3333333333333333,1.6666666666666667,1.5,1.0,1.0,2.0,1.1428571428571428,1.2,1.0,1.1666666666666667,1.2,1.375,1.0,1.0,1.1666666666666667,1.3333333333333333,1.0,1.25,1.0,1.0,1.2857142857142858,1.0,1.0,1.0,1.25,1.0,1.3333333333333333,1.0,1.0,1.0,1.0,1.0,1.0,1.4,1.0,1.0,1.0,1.0,1.0,1.0,1.0,1.0,1.5,0.0,1.0,0.0,0.0,1.1428571428571428,1.0,1.0,1.0,0.0,0.0,1.0,1.0
SABADO,120.0,0.0,0.0,0.0,0.0,0.0,0.0,0.0,0.0,0.0,0.0,0.0,0.0,0.0,0.0,0.0,0.0,0.0,0.0,1.0,0.0,0.0,0.0,0.0,0.0,0.0,0.0,0.0,0.0,1.0,1.0,0.0,0.0,0.0,0.0,0.0,0.0,0.0,0.0,0.0,0.0,0.0,1.0,0.0,0.0,0.0,0.0,0.0,0.0,0.0,0.0,0.0,0.0,0.0,1.0,1.0,0.0,0.0,2.0,0.0,0.0,0.0,0.0,0.0,0.0,0.0,0.0,0.0,0.0,0.0,0.0,0.0,0.0,0.0,0.0,0.0,0.0,0.0,1.0,0.0,0.0,0.0,0.0,0.0,0.0,0.0,0.0,0.0,0.0,0.0,0.0,0.0,0.0,0.0,0.0,0.0,0.0
SABADO,125.0,0.0,1.0,1.0,1.0,1.0,1.0,1.0,0.0,1.0,1.0,1.0,1.0,0.0,1.5,0.0,0.0,0.0,1.0,0.0,0.0,0.0,0.0,0.0,1.0,0.0,1.0,1.0,0.0,0.0,0.0,0.0,0.0,1.0,1.0,1.0,1.0,1.0,1.0,0.0,1.0,1.0,1.0,1.0,1.0,1.0,1.0,1.0,1.0,1.0,1.0,1.0,1.0,1.0,1.0,1.3333333333333333,1.0,1.0,1.0,1.0,1.0,1.0,1.0,1.0,1.2,1.0,1.0,1.0,1.0,1.4,1.0,1.5,1.0,1.0,1.0,1.0,1.0,1.0,1.1666666666666667,1.0,1.8,1.0,1.3,1.0,1.0,1.4,1.0,1.25,1.0,1.0,1.3333333333333333,1.0,1.2,1.0,1.0,1.125,0.0
SABADO,127.0,0.0,1.0,1.0,1.0,0.0,1.0,0.0,0.0,0.0,0.0,0.0,1.0,0.0,0.0,1.0,0.0,1.0,0.0,0.0,0.0,0.0,0.0,1.5,0.0,1.0,0.0,0.0,1.0,0.0,0.0,1.0,1.0,1.0,1.0,1.0,1.0,1.0,0.0,1.0,1.0,1.0,1.0,1.0,1.0,1.0,1.0,1.0,1.0,1.0,0.0,0.0,0.0,1.25,0.0,1.4,1.3333333333333333,1.0,0.0,0.0,1.0,0.0,1.0,1.0,1.0,0.0,1.0,1.0,1.0,1.0,0.0,0.0,1.0,1.0,1.0,1.0,1.0,0.0,1.0,0.0,0.0,1.0,0.0,0.0,1.0,0.0,1.0,1.0,1.0,1.0,1.0,1.0,1.0,1.0,1.0,1.0,0.0
SABADO,128.0,0.0,0.0,0.0,0.0,0.0,0.0,0.0,0.0,0.0,0.0,0.0,0.0,0.0,0.0,0.0,0.0,0.0,0.0,0.0,0.0,0.0,0.0,0.0,0.0,0.0,0.0,0.0,0.0,0.0,0.0,0.0,0.0,0.0,0.0,0.0,0.0,0.0,0.0,0.0,0.0,0.0,0.0,0.0,0.0,0.0,0.0,0.0,0.0,0.0,0.0,0.0,0.0,0.0,0.0,0.0,0.0,0.0,0.0,0.0,0.0,0.0,0.0,1.0,0.0,0.0,0.0,0.0,0.0,0.0,0.0,0.0,0.0,0.0,0.0,0.0,0.0,0.0,0.0,1.0,0.0,0.0,0.0,0.0,0.0,0.0,0.0,0.0,0.0,1.0,0.0,0.0,0.0,2.0,0.0,0.0,0.0
SABADO,137.0,2.0,1.0,1.0,0.0,1.0,1.0,1.0,0.0,1.0,1.0,0.0,0.0,1.0,0.0,1.0,0.0,1.0,1.0,0.0,1.0,0.0,0.0,1.0,1.0,1.0,1.0,0.0,0.0,1.0,1.0,1.0,1.0,1.0,1.0,1.5,1.1428571428571428,1.4,1.0,1.0,1.5,1.2,1.5,1.1428571428571428,1.2,1.1428571428571428,1.0,1.3333333333333333,1.25,1.0,1.3333333333333333,1.0,1.25,1.1428571428571428,1.0,1.25,1.125,1.1428571428571428,1.0,1.1666666666666667,1.0,1.0,1.6666666666666667,1.1428571428571428,1.25,1.25,1.125,1.375,1.1538461538461537,1.0,1.2727272727272727,1.3333333333333333,1.625,1.5,1.1,1.4615384615384615,1.4444444444444444,1.5,2.0,1.5,1.5,1.375,1.1666666666666667,1.0,2.25,1.2,1.4285714285714286,1.5,1.25,1.0,1.3,1.0,1.6,1.0,1.5,1.0,1.0
SABADO,140.0,1.0,0.0,0.0,0.0,0.0,1.0,0.0,1.0,1.0,0.0,1.0,0.0,0.0,0.0,0.0,0.0,0.0,1.0,0.0,1.0,0.0,0.0,0.0,1.0,1.0,2.0,1.0,1.0,1.2857142857142858,1.0,1.3333333333333333,1.25,1.25,1.3333333333333333,1.2857142857142858,1.6,1.0,1.0,1.6,1.5,1.2857142857142858,1.4,1.2222222222222223,1.4,1.125,1.0,1.3333333333333333,1.2857142857142858,1.1,1.375,1.1,1.0,1.125,1.125,1.1666666666666667,1.2222222222222223,1.0,1.0,1.3333333333333333,1.0,1.1111111111111112,1.0,1.3333333333333333,1.4,1.8,1.25,1.2857142857142858,1.3333333333333333,1.1666666666666667,1.3636363636363635,1.4285714285714286,1.0,1.3333333333333333,1.1428571428571428,1.25,1.4444444444444444,1.3333333333333333,1.25,1.4444444444444444,1.2,1.1,1.4545454545454546,1.3333333333333333,1.2,1.1666666666666667,1.0,1.3333333333333333,1.0,1.0,1.0,1.4,1.0,1.3333333333333333,0.0,1.0,1.0
SABADO,141.0,0.0,1.0,1.0,1.0,1.0,1.0,0.0,1.0,1.0,0.0,1.0,0.0,0.0,0.0,0.0,0.0,1.0,1.0,1.0,1.0,0.0,1.0,0.0,1.0,0.0,1.0,0.0,1.0,1.0,1.0,1.0,1.0,1.25,1.0,1.3333333333333333,1.0,1.0,1.0,1.125,1.2857142857142858,1.0,1.1428571428571428,1.4,1.7142857142857142,1.0,1.0,1.3333333333333333,1.0,1.375,1.3,1.0,1.2222222222222223,1.1111111111111112,1.3333333333333333,1.3333333333333333,1.2857142857142858,1.5,1.1666666666666667,1.4,1.0,1.2857142857142858,1.8,1.6,1.5,1.0,1.1,1.3333333333333333,1.0,1.8,1.7272727272727273,1.25,1.2857142857142858,1.6666666666666667,1.4444444444444444,1.4545454545454546,1.2727272727272727,2.0,1.5555555555555556,1.6,1.0833333333333333,1.5555555555555556,1.0,1.5,1.375,1.4615384615384615,1.6666666666666667,1.8,1.2222222222222223,1.0,0.0,1.5,1.0,1.6666666666666667,1.0,1.5,1.0
SABADO,142.0,1.0,1.0,1.0,1.0,1.0,1.5,1.0,0.0,1.0,1.5,1.0,1.0,0.0,0.0,0.0,0.0,0.0,0.0,0.0,1.0,0.0,0.0,0.0,0.0,0.0,1.0,0.0,0.0,1.0,1.0,1.0,1.0,1.0,1.0,1.0,1.0,1.0,1.0,1.5,1.1428571428571428,1.0,1.0,1.1666666666666667,1.0,1.0,1.3333333333333333,1.0,1.0,1.0,1.0,1.2,1.0,1.1666666666666667,1.0,1.0,1.0,1.0,1.0,1.5,1.2,1.0,1.2,1.3333333333333333,1.1428571428571428,1.1428571428571428,1.1666666666666667,1.1666666666666667,1.0,1.1818181818181819,1.0,1.0,1.4,1.5,1.1111111111111112,1.1428571428571428,1.25,1.6,1.5,1.0,1.0,1.0,1.2,1.8,1.0,1.4444444444444444,1.4166666666666667,1.4166666666666667,1.625,1.1818181818181819,1.5,1.3333333333333333,1.25,1.0,2.5,1.5,1.0
SABADO,143.0,0.0,1.0,0.0,1.0,1.0,1.0,1.0,0.0,1.0,0.0,1.0,0.0,0.0,0.0,1.0,0.0,0.0,0.0,0.0,0.0,0.0,0.0,0.0,1.0,1.0,1.2,1.0,1.0,1.0,1.2,1.0,1.0,1.5,1.0,1.0,1.3333333333333333,1.25,1.3333333333333333,1.0,1.25,1.0,1.1428571428571428,1.1428571428571428,1.1666666666666667,1.0,1.2,1.3,1.5,1.6,1.1111111111111112,1.3333333333333333,1.0909090909090908,1.0,1.0,1.0,1.4,1.0,1.25,1.2,1.1666666666666667,1.0,1.0,1.1666666666666667,1.0,1.0,1.4,1.75,1.2857142857142858,1.0,1.1111111111111112,1.4444444444444444,1.3,1.3333333333333333,1.3333333333333333,1.25,1.25,1.2857142857142858,1.4285714285714286,1.3333333333333333,1.4,2.0,1.1428571428571428,1.0,1.5,1.75,1.0,1.2,1.0,1.2,1.0,1.3333333333333333,1.0,1.0,1.0,0.0,1.0
SABADO,144.0,1.0,1.2,1.4,1.5714285714285714,1.1666666666666667,1.1666666666666667,1.2,1.3333333333333333,1.0,1.0,1.0,1.0,1.0,1.0,0.0,1.0,0.0,0.0,1.0,0.0,0.0,1.0,0.0,1.0,0.0,0.0,1.0,1.0,1.0,0.0,1.0,1.0,1.0,0.0,0.0,1.5,1.0,0.0,1.0,1.0,1.0,1.0,1.25,1.25,1.0,1.0,1.2222222222222223,1.2222222222222223,1.0,1.5714285714285714,1.3333333333333333,1.2,1.0909090909090908,1.2857142857142858,1.3125,1.4545454545454546,1.3333333333333333,1.1,1.1666666666666667,1.1666666666666667,1.6,1.375,1.3636363636363635,1.4,1.4444444444444444,1.4285714285714286,1.2,1.6153846153846154,1.3076923076923077,1.4166666666666667,1.2222222222222223,1.0,1.0,1.1818181818181819,1.3636363636363635,1.7,1.2727272727272727,1.4545454545454546,1.6666666666666667,1.7142857142857142,1.125,1.25,1.6363636363636365,1.6,1.3333333333333333,1.1428571428571428,1.3,1.1666666666666667,1.0,1.2,1.375,1.1111111111111112,1.1666666666666667,1.5,1.25,1.5
SABADO,148.0,2.0,2.0,2.0,1.4615384615384615,1.4444444444444444,1.3846153846153846,1.4444444444444444,2.0,1.5555555555555556,1.1666666666666667,1.4285714285714286,1.2222222222222223,1.1428571428571428,1.3333333333333333,1.0,2.0,1.0,1.0,1.0,1.0,1.0,0.0,0.0,1.0,1.0,0.0,0.0,1.5,1.0,1.0,1.0,1.0,1.0,1.0,1.0,1.0,1.0,1.0,1.5,1.5,1.1,1.0,1.0,1.4285714285714286,1.0,1.0,1.5,1.1,1.1666666666666667,1.125,1.25,1.0,1.0,1.0,1.2222222222222223,1.3333333333333333,1.2,1.0,1.3333333333333333,1.4,1.1111111111111112,1.125,1.4285714285714286,1.125,1.1428571428571428,1.0,1.2222222222222223,1.1538461538461537,1.5,1.1,1.0,1.4444444444444444,1.4285714285714286,1.375,1.5,1.4,1.875,1.3333333333333333,1.1666666666666667,1.8461538461538463,1.5,1.5714285714285714,1.3076923076923077,2.0,1.6153846153846154,1.4444444444444444,1.1818181818181819,1.4444444444444444,1.4,1.8181818181818181,1.5454545454545454,1.4666666666666666,1.5333333333333334,2.1818181818181817,1.7,1.8
SABADO,151.0,1.0,1.5,1.0,1.0,1.0,0.0,0.0,0.0,0.0,0.0,0.0,0.0,1.0,0.0,0.0,0.0,0.0,0.0,0.0,0.0,0.0,1.0,1.0,1.0,1.0,1.0,1.0,0.0,1.0,0.0,1.0,1.6666666666666667,1.0,1.0,1.0,1.0,1.0,1.2,1.0,1.0,1.0,1.0,1.0,1.25,1.0,1.4,1.2857142857142858,1.2857142857142858,1.5,1.1666666666666667,1.75,1.1,1.25,1.2,1.5,1.1428571428571428,1.125,1.0,1.0,1.2,1.1666666666666667,1.6666666666666667,1.3333333333333333,1.1666666666666667,1.0,1.0,1.0,1.0,1.0,1.0,1.0,1.125,1.0,1.3333333333333333,1.1666666666666667,1.0,1.0,1.0,1.0,1.3333333333333333,1.0,1.0,1.2,1.0,0.0,1.0,1.0,0.0,1.0,1.0,1.0,1.0,1.0,1.0,0.0,0.0
SABADO,152.0,0.0,1.0,0.0,0.0,0.0,0.0,0.0,0.0,0.0,0.0,0.0,0.0,0.0,1.0,0.0,0.0,0.0,0.0,0.0,0.0,0.0,0.0,1.0,1.0,1.0,1.0,1.0,1.0,1.0,1.0,1.0,1.0,1.0,1.0,1.25,1.0,1.0,1.0,1.0,1.0,1.0,1.0,1.5,1.5,1.0,2.0,1.25,1.0,1.2,0.0,1.0,1.0,1.0,1.0,1.0,1.0,1.0,1.0,1.0,1.0,1.3333333333333333,1.0,1.0,1.0,1.0,1.0,1.3333333333333333,1.5,1.0,1.0,1.0,0.0,1.0,1.0,1.0,1.0,2.0,0.0,1.0,0.0,1.0,1.0,1.0,1.0,0.0,0.0,1.0,0.0,0.0,1.0,1.0,0.0,0.0,0.0,1.0,0.0
SABADO,153.0,0.0,0.0,0.0,0.0,0.0,0.0,0.0,0.0,0.0,0.0,0.0,0.0,0.0,0.0,0.0,0.0,0.0,0.0,0.0,0.0,0.0,0.0,0.0,1.0,1.0,1.0,0.0,0.0,0.0,0.0,0.0,0.0,1.0,1.0,0.0,0.0,0.0,0.0,0.0,0.0,0.0,0.0,0.0,0.0,1.0,0.0,1.0,0.0,0.0,0.0,0.0,0.0,0.0,1.0,0.0,1.0,0.0,0.0,0.0,0.0,1.0,0.0,0.0,0.0,0.0,1.0,1.0,0.0,0.0,0.0,1.0,0.0,0.0,0.0,0.0,1.0,0.0,0.0,0.0,0.0,1.0,0.0,0.0,0.0,0.0,0.0,0.0,0.0,0.0,0.0,0.0,0.0,0.0,0.0,0.0,0.0
SABADO,158.0,1.8333333333333333,1.3333333333333333,1.8,1.0,1.0,1.0,1.3333333333333333,1.0,2.0,1.0,1.0,0.0,0.0,1.0,1.0,0.0,0.0,0.0,0.0,0.0,1.0,0.0,1.0,0.0,0.0,1.0,1.0,1.0,1.0,1.0,1.0,1.0,1.25,0.0,1.25,2.0,1.0,1.0,1.0,1.25,1.0,1.0,1.0,1.0,1.0,1.1428571428571428,0.0,1.25,1.0,1.3333333333333333,1.2,1.0,1.2,1.4,1.75,1.0,1.1666666666666667,1.2,1.1666666666666667,1.375,1.0,1.0,1.5,1.4,1.0,1.0,1.0,1.625,1.625,1.3333333333333333,1.625,1.6,1.1428571428571428,1.0,1.375,1.0,1.2857142857142858,1.375,1.2857142857142858,1.2857142857142858,1.3636363636363635,1.2,1.3,1.4,1.0,1.375,1.3333333333333333,1.7777777777777777,1.0,1.3,1.1428571428571428,1.0,1.5,1.0,1.5,1.1428571428571428
SABADO,161.0,1.2857142857142858,1.0,1.25,1.0,0.0,0.0,0.0,0.0,1.0,0.0,0.0,0.0,0.0,0.0,0.0,0.0,0.0,0.0,0.0,0.0,1.0,0.0,0.0,0.0,0.0,0.0,1.0,1.0,1.0,0.0,1.0,1.0,1.0,1.0,1.0,1.0,1.0,1.0,1.0,1.0,1.0,1.0,1.1428571428571428,1.0,1.3333333333333333,1.3333333333333333,1.8,1.0,1.0,1.125,1.3333333333333333,1.25,1.1666666666666667,1.0,1.2,1.0,2.25,1.5,1.8571428571428572,1.3333333333333333,1.1666666666666667,1.4285714285714286,1.6,1.5,1.125,1.4,1.2,1.7692307692307692,1.625,1.5,1.1428571428571428,1.625,1.1428571428571428,1.1111111111111112,1.75,1.1666666666666667,1.2857142857142858,1.25,1.5714285714285714,1.2222222222222223,1.1428571428571428,1.0,1.3636363636363635,1.3333333333333333,1.4285714285714286,1.7142857142857142,1.6666666666666667,1.125,1.4166666666666667,1.125,1.0,1.25,1.0,1.2,1.0,1.0
SABADO,162.0,1.0,1.0,0.0,0.0,0.0,1.0,0.0,1.0,0.0,1.0,0.0,0.0,0.0,0.0,1.0,1.0,0.0,0.0,1.0,1.0,1.0,0.0,0.0,0.0,0.0,0.0,1.0,0.0,1.0,0.0,1.0,1.0,1.0,1.0,1.0,1.0,1.0,1.0,1.0,1.0,1.0,1.5,1.3333333333333333,1.0,1.2,1.0,1.0,1.2857142857142858,1.3333333333333333,1.0,1.2,1.0,1.3333333333333333,1.1666666666666667,1.0,1.0,1.0,1.0,1.0,1.3333333333333333,1.0,1.0,1.6,1.0,1.3333333333333333,1.0,1.4,1.375,2.0,1.3333333333333333,1.1666666666666667,1.1666666666666667,1.1111111111111112,1.1666666666666667,1.6666666666666667,1.5,1.1666666666666667,1.5714285714285714,1.0,1.5,1.0,1.0,1.3333333333333333,1.5,1.4285714285714286,1.0,1.5,1.3333333333333333,1.5,1.0,1.0,1.2,1.3333333333333333,1.0,1.0,1.0
SABADO,163.0,1.0,1.0,1.0,0.0,1.0,1.0,1.0,1.0,1.0,0.0,0.0,0.0,0.0,0.0,0.0,0.0,0.0,0.0,0.0,0.0,0.0,0.0,0.0,0.0,0.0,0.0,1.0,0.0,0.0,0.0,0.0,1.0,1.0,1.0,1.0,1.0,1.0,1.0,1.0,1.5,0.0,1.0,1.0,1.25,1.1428571428571428,1.1666666666666667,1.0,1.1666666666666667,1.25,1.0,1.25,1.0,1.2,1.5,1.5,1.25,1.5,1.0,1.0,1.5,1.125,1.0,1.0,1.1666666666666667,1.25,1.25,1.1666666666666667,1.2,1.0909090909090908,1.4285714285714286,1.5714285714285714,1.625,1.3333333333333333,1.2222222222222223,1.0,1.1428571428571428,1.5,1.0,1.4285714285714286,1.3,1.375,1.25,1.0,1.3333333333333333,1.0,1.25,1.3,1.0,1.4,1.2,1.625,1.1111111111111112,2.0,1.0,1.0,1.0
SABADO,164.0,2.0,1.25,1.5,1.3333333333333333,1.0,2.0,1.0,1.0,1.0,1.0,0.0,1.0,1.0,0.0,1.0,1.0,1.0,0.0,0.0,1.0,1.0,1.0,0.0,0.0,1.0,0.0,1.0,1.0,1.0,1.0,2.0,0.0,1.0,1.0,1.0,1.0,1.2,1.0,1.25,1.0,1.0,1.0,1.1666666666666667,1.2857142857142858,1.0,1.0,1.3333333333333333,1.2,2.25,1.375,1.5,1.4,1.3333333333333333,1.3,1.1666666666666667,1.125,1.5,1.6666666666666667,1.0,1.1666666666666667,1.3636363636363635,1.0,1.3333333333333333,1.25,1.3333333333333333,1.125,1.3333333333333333,1.4444444444444444,1.5,1.1111111111111112,1.1818181818181819,1.2222222222222223,1.5,1.5555555555555556,1.3,1.4285714285714286,1.5454545454545454,1.7777777777777777,1.4166666666666667,1.6666666666666667,1.5,1.5555555555555556,1.6666666666666667,1.5555555555555556,1.5,1.4,1.7142857142857142,1.625,1.625,1.5,1.4,1.0,1.2857142857142858,1.2857142857142858,1.0,1.4
SABADO,166.0,1.0,1.0,1.0,0.0,1.3333333333333333,0.0,0.0,1.0,0.0,1.0,0.0,1.0,1.0,0.0,0.0,0.0,0.0,0.0,1.0,0.0,0.0,0.0,0.0,0.0,1.0,1.0,1.0,1.0,1.0,0.0,1.0,1.0,1.0,1.0,1.0,0.0,1.0,1.0,1.0,1.0,1.0,1.0,1.0,1.0,1.25,1.0,1.6666666666666667,1.5,1.0,1.25,1.0,1.0,1.0,0.0,1.0,1.2,1.2,1.3333333333333333,1.0,1.0,1.0,1.0,1.0,1.3333333333333333,1.0,1.0,1.0,1.0,1.2857142857142858,1.1666666666666667,1.0,1.0,1.0,1.6,1.0,1.25,1.0,1.0,1.0,2.0,1.0,1.0,1.0,1.4,1.5,1.0,1.0,1.0,1.3333333333333333,1.0,1.0,1.0,1.2,1.0,0.0,1.0
SABADO,170.0,1.0,1.0,1.0,1.0,0.0,0.0,1.0,1.0,1.0,0.0,0.0,0.0,0.0,0.0,0.0,0.0,1.0,1.0,1.0,0.0,0.0,1.0,1.0,1.0,1.0,0.0,1.5,1.0,1.0,0.0,1.0,1.0,1.0,1.0,1.0,1.0,1.0,1.3333333333333333,1.0,1.4,1.0909090909090908,1.0,1.6666666666666667,1.0,1.1111111111111112,1.0,1.5555555555555556,1.1818181818181819,1.4,1.3333333333333333,1.3333333333333333,1.6363636363636365,1.1428571428571428,1.4444444444444444,1.2,1.0909090909090908,1.3333333333333333,1.6,1.2,1.3333333333333333,1.0,1.2222222222222223,1.3333333333333333,1.4,1.0,1.25,1.4285714285714286,1.5,1.4,1.3333333333333333,1.3,1.2727272727272727,1.2727272727272727,1.5714285714285714,1.5,1.25,1.3333333333333333,1.5714285714285714,1.5714285714285714,1.625,1.7272727272727273,1.7,1.8333333333333333,1.4444444444444444,1.1111111111111112,1.6,1.8,1.4,1.1666666666666667,1.1428571428571428,1.25,1.0,1.4,1.25,1.0,1.0
SABADO,186.0,1.0,1.0,1.0,1.0,1.0,1.0,1.0,1.0,0.0,1.0,0.0,1.0,0.0,1.0,0.0,1.0,0.0,0.0,0.0,0.0,0.0,0.0,1.0,0.0,0.0,1.0,0.0,0.0,1.0,0.0,0.0,1.0,1.4,1.0,1.0,1.0,0.0,1.0,1.0,1.1428571428571428,1.25,1.0,1.2,1.0,1.5,1.0,1.3333333333333333,1.1428571428571428,1.0,1.0,1.1666666666666667,1.0,1.1666666666666667,1.0,1.0,1.5,1.1666666666666667,1.5,1.5,1.125,1.3333333333333333,1.3333333333333333,1.0,1.1666666666666667,1.0,1.2857142857142858,1.0,1.0,1.1818181818181819,1.2857142857142858,1.0,1.2,1.0,1.1666666666666667,1.0,1.0,1.4285714285714286,1.0,1.1428571428571428,1.2,1.2,1.0,1.0,1.1428571428571428,1.0,1.0,1.25,1.6666666666666667,1.1666666666666667,1.3333333333333333,1.0,2.0,1.4,1.0,1.0,1.0
SABADO,194.0,0.0,0.0,0.0,0.0,0.0,0.0,0.0,0.0,0.0,0.0,0.0,0.0,0.0,0.0,0.0,1.0,0.0,0.0,0.0,0.0,0.0,0.0,0.0,0.0,0.0,0.0,0.0,0.0,0.0,0.0,0.0,0.0,1.0,0.0,1.0,0.0,1.0,1.0,1.0,0.0,1.0,0.0,1.0,0.0,1.0,1.0,0.0,0.0,1.0,0.0,1.0,0.0,1.0,0.0,0.0,1.0,1.0,1.0,1.0,1.0,0.0,1.0,0.0,1.0,1.0,1.0,1.0,1.5,1.0,1.0,0.0,1.0,2.0,1.0,1.0,0.0,0.0,1.0,0.0,0.0,1.0,1.0,2.0,1.0,0.0,0.0,0.0,1.0,0.0,0.0,0.0,1.0,0.0,0.0,0.0,0.0
SABADO,202.0,0.0,0.0,0.0,0.0,0.0,0.0,0.0,0.0,0.0,0.0,0.0,0.0,0.0,0.0,0.0,0.0,0.0,0.0,0.0,0.0,0.0,0.0,0.0,1.0,0.0,0.0,0.0,1.0,0.0,1.0,1.0,1.0,1.0,1.0,1.0,0.0,0.0,0.0,0.0,0.0,0.0,0.0,1.0,1.0,1.0,0.0,1.5,1.5,1.0,0.0,1.0,0.0,1.0,0.0,1.0,0.0,0.0,0.0,0.0,1.0,0.0,0.0,1.0,0.0,0.0,0.0,0.0,0.0,1.0,1.0,0.0,1.0,0.0,1.0,0.0,0.0,0.0,0.0,1.0,1.0,0.0,0.0,0.0,0.0,0.0,0.0,0.0,1.0,1.0,0.0,0.0,0.0,0.0,1.0,0.0,1.0
SABADO,209.0,1.0,0.0,0.0,0.0,1.5,1.0,1.0,1.0,0.0,0.0,0.0,0.0,0.0,0.0,0.0,0.0,0.0,0.0,0.0,0.0,1.0,0.0,0.0,0.0,0.0,1.0,0.0,1.0,1.0,0.0,1.0,0.0,1.0,0.0,1.0,1.0,1.0,1.0,1.0,1.0,1.0,1.0,1.0,1.25,1.0,1.0,1.0,1.0,1.3333333333333333,1.6666666666666667,1.0,1.0,1.0,1.5,1.0,1.0,1.0,1.0,1.0,0.0,1.2,1.0,1.0,1.0,1.0,1.0,1.0,1.5,0.0,1.3333333333333333,1.0,1.0,1.0,1.0,1.0,1.0,1.0,1.25,1.25,1.0,1.0,1.3333333333333333,1.0,1.25,1.0,1.0,1.1666666666666667,1.3333333333333333,1.5,1.0,1.5,0.0,1.0,1.0,1.0,1.0
SABADO,211.0,1.25,1.1666666666666667,1.25,1.0,1.0,1.0,1.0,1.0,1.0,0.0,1.0,0.0,0.0,1.0,0.0,0.0,1.0,0.0,0.0,0.0,0.0,0.0,1.0,0.0,0.0,0.0,0.0,0.0,0.0,1.0,1.0,0.0,0.0,0.0,1.0,1.0,0.0,1.0,1.0,1.0,1.5,1.25,1.0,1.0,1.0,1.0,1.0,1.0,1.2,1.0,1.0,1.0,1.2222222222222223,1.1666666666666667,1.0,1.125,1.0,1.625,1.4285714285714286,1.0,1.2857142857142858,1.5555555555555556,1.1428571428571428,1.625,1.0,1.2222222222222223,1.6666666666666667,1.5,1.7142857142857142,1.3333333333333333,1.2,1.7,1.6666666666666667,2.1666666666666665,1.125,1.4444444444444444,1.2857142857142858,1.3333333333333333,1.4,1.5,1.4285714285714286,1.375,2.0,1.4,1.0,1.4,1.1666666666666667,1.3333333333333333,1.0,1.2,1.75,1.1428571428571428,1.3333333333333333,1.2857142857142858,1.0,2.0
SABADO,224.0,0.0,0.0,0.0,0.0,0.0,0.0,0.0,0.0,1.0,1.0,0.0,0.0,1.0,0.0,0.0,1.0,0.0,0.0,0.0,0.0,1.0,1.0,0.0,0.0,1.0,0.0,1.0,1.0,0.0,1.0,1.0,1.0,1.0,1.0,1.0,1.0,1.5,1.0,1.0,1.0,1.0,1.0,1.0,1.0,1.0,1.0,1.0,1.0,1.0,1.0,1.0,1.0,1.0,1.0,1.0,1.0,0.0,1.0,1.0,0.0,1.0,1.0,1.0,1.0,1.0,1.0,1.0,1.0,1.0,1.3333333333333333,1.5,1.2,1.0,1.0,1.0,1.0,1.25,1.0,1.0,1.0,1.0,1.0,1.3333333333333333,1.0,1.0,1.0,0.0,1.0,1.0,1.0,1.0,0.0,1.0,0.0,1.0,0.0
SABADO,229.0,0.0,1.0,2.0,0.0,0.0,1.0,1.0,0.0,1.0,0.0,1.0,0.0,0.0,0.0,0.0,0.0,0.0,0.0,1.0,0.0,0.0,0.0,0.0,0.0,1.0,0.0,1.0,1.0,1.0,1.0,1.0,1.0,1.1666666666666667,1.0,1.0,1.0,1.25,1.0,1.0,1.1428571428571428,1.3333333333333333,1.0,1.4,1.0,1.2727272727272727,1.0,1.3333333333333333,1.1111111111111112,1.6666666666666667,1.1666666666666667,1.1111111111111112,1.1428571428571428,1.6666666666666667,1.3333333333333333,1.7,1.6,1.125,1.3076923076923077,1.0909090909090908,1.2,1.25,1.3333333333333333,1.2857142857142858,1.2222222222222223,1.2,1.5,1.6666666666666667,1.3333333333333333,1.4,1.4545454545454546,1.7777777777777777,1.4166666666666667,1.5833333333333333,2.0,1.8,1.6666666666666667,1.3,1.125,1.1666666666666667,1.7,1.1111111111111112,1.0,1.6,1.5,1.5714285714285714,1.25,1.125,1.1428571428571428,1.4,1.1666666666666667,1.3333333333333333,1.1666666666666667,1.25,1.0,3.0,1.25
SABADO,230.0,1.6,1.0,1.0,1.0,1.0,1.0,1.0,1.0,1.0,1.0,1.0,1.0,0.0,0.0,0.0,0.0,1.0,1.0,1.0,0.0,0.0,1.0,0.0,0.0,1.0,0.0,1.0,1.0,0.0,1.0,1.2,1.0,0.0,1.1666666666666667,1.0,1.0,1.5,1.1666666666666667,1.1428571428571428,1.2857142857142858,1.25,1.2727272727272727,1.0,1.0,1.3333333333333333,1.1428571428571428,1.0,1.0,1.4,1.2,1.0,1.0,1.0,1.0,1.0,1.4,1.4,1.0,1.6666666666666667,1.3333333333333333,1.25,1.0,1.1666666666666667,1.3,1.125,1.6,1.6,1.3636363636363635,1.2727272727272727,1.2727272727272727,1.2,1.3333333333333333,1.5,1.4,1.25,1.0,1.4,1.25,1.375,1.4285714285714286,1.1428571428571428,1.2222222222222223,1.1818181818181819,1.6,1.3,1.2,1.75,1.7857142857142858,1.8333333333333333,1.3333333333333333,2.235294117647059,2.5555555555555554,1.6363636363636365,1.5,1.25,1.0
SABADO,231.0,1.0,1.3333333333333333,1.4285714285714286,1.0,1.5,1.3333333333333333,1.0,1.3333333333333333,1.0,1.0,1.0,0.0,1.0,1.0,1.0,1.0,0.0,0.0,1.0,0.0,0.0,1.0,1.0,0.0,0.0,0.0,1.0,0.0,0.0,1.0,1.0,1.3333333333333333,1.0,0.0,1.2,1.0,1.0,1.1111111111111112,1.0,1.25,1.375,1.0,2.25,1.3333333333333333,1.2222222222222223,1.6666666666666667,1.3333333333333333,1.3846153846153846,1.75,1.375,1.0909090909090908,1.4444444444444444,1.1,1.6,1.2857142857142858,1.5714285714285714,1.4,1.2222222222222223,1.0,1.5,1.3333333333333333,1.2,1.1428571428571428,1.4545454545454546,1.4166666666666667,1.4444444444444444,1.6363636363636365,1.1666666666666667,1.9090909090909092,1.8,1.4,1.3333333333333333,1.7272727272727273,1.4,2.0,2.1,1.5625,1.7,1.6,1.8888888888888888,1.3076923076923077,1.3636363636363635,1.6428571428571428,1.6363636363636365,1.625,1.8888888888888888,2.090909090909091,1.1666666666666667,1.75,1.25,1.4,2.3333333333333335,1.9090909090909092,1.25,1.125,1.25
SABADO,232.0,1.0,1.0,1.0,1.0,1.0,1.0,1.0,1.0,0.0,1.0,1.0,0.0,1.0,0.0,1.0,1.0,0.0,1.0,0.0,1.0,1.0,1.0,1.25,1.0,1.3333333333333333,0.0,1.0,1.0,1.0,1.0,1.2,1.0,1.3,1.6428571428571428,1.4285714285714286,1.1666666666666667,1.4285714285714286,1.125,1.5,1.1,1.0,1.375,1.25,1.2727272727272727,1.4285714285714286,1.2222222222222223,1.0909090909090908,1.5,1.3,1.7777777777777777,1.4285714285714286,1.7142857142857142,1.4,1.1818181818181819,1.0,1.25,1.375,1.0,1.0,1.2,1.0,1.2,1.0,1.0,1.3333333333333333,2.0,1.2857142857142858,1.5555555555555556,1.5,1.2222222222222223,1.5,1.5714285714285714,1.4545454545454546,1.0,1.1666666666666667,1.0,1.3333333333333333,1.6666666666666667,1.1428571428571428,1.1428571428571428,1.2,1.25,1.25,1.2,1.1111111111111112,1.1111111111111112,1.0,1.0,1.2,1.25,1.25,1.3333333333333333,1.0,1.0,1.0,1.2857142857142858
SABADO,233.0,1.0,0.0,0.0,1.0,0.0,0.0,0.0,0.0,1.0,0.0,0.0,0.0,0.0,0.0,0.0,1.0,1.0,1.0,0.0,0.0,0.0,0.0,0.0,0.0,0.0,1.0,1.0,1.0,1.0,1.0,1.0,1.75,1.4285714285714286,1.0,1.0,1.5,1.5714285714285714,1.1428571428571428,1.0,1.0,1.0,1.2142857142857142,1.4285714285714286,1.1428571428571428,1.0,1.125,1.7142857142857142,1.1111111111111112,1.0,1.1111111111111112,1.2222222222222223,1.0,1.1428571428571428,1.4285714285714286,1.5,1.6666666666666667,1.0,1.0,1.1666666666666667,1.3333333333333333,1.0,1.0,1.7777777777777777,1.1428571428571428,1.0,1.7,1.2727272727272727,1.5,1.0833333333333333,1.0,1.2222222222222223,1.5,1.0,1.7272727272727273,1.4285714285714286,2.0,1.4545454545454546,1.7142857142857142,2.2222222222222223,1.5555555555555556,1.5,1.6,1.25,1.5,1.375,1.2857142857142858,1.0,2.0,1.2857142857142858,1.75,1.0,1.2,1.5,1.25,1.5,1.5
SABADO,234.0,1.3333333333333333,1.0,1.5,1.5,1.0,0.0,1.0,1.5,1.0,1.0,1.0,0.0,1.0,1.0,0.0,0.0,1.0,0.0,2.0,0.0,0.0,1.0,0.0,0.0,0.0,0.0,0.0,1.5,0.0,1.0,0.0,1.0,1.0,1.0,0.0,1.0,1.25,0.0,1.2,1.0,1.0,1.25,1.5,1.4285714285714286,1.0,1.1666666666666667,1.2857142857142858,1.2857142857142858,1.1428571428571428,1.4,1.5,1.1428571428571428,1.1428571428571428,1.125,1.3333333333333333,1.5,1.7142857142857142,1.125,1.2,1.25,1.8571428571428572,1.4285714285714286,1.7,1.375,1.375,1.5454545454545454,1.5,1.0,1.5555555555555556,1.5,1.2142857142857142,1.1,1.5454545454545454,1.25,1.1,1.5,1.6923076923076923,1.5,1.625,1.4545454545454546,1.2666666666666666,2.0,1.5454545454545454,1.8,1.8333333333333333,1.9,1.375,1.4444444444444444,1.25,1.7,1.75,1.1428571428571428,1.9,1.5,1.4545454545454546,1.0
SABADO,236.0,1.0,1.0,0.0,0.0,1.0,1.0,1.0,0.0,1.0,0.0,0.0,1.0,0.0,0.0,0.0,0.0,0.0,0.0,0.0,0.0,0.0,0.0,0.0,0.0,1.0,1.0,1.0,1.0,1.0,1.0,1.5,1.0,1.25,1.1666666666666667,1.0,1.0,1.25,1.2,2.2,1.3333333333333333,1.0,1.1,1.4285714285714286,1.2,1.4285714285714286,1.2727272727272727,1.1,1.5,1.1666666666666667,1.2222222222222223,1.125,1.5,1.2222222222222223,1.3333333333333333,1.2,1.0,1.2857142857142858,1.1818181818181819,1.1818181818181819,1.1428571428571428,1.6666666666666667,1.1428571428571428,1.4444444444444444,1.5,1.2727272727272727,1.25,1.75,2.25,1.2857142857142858,1.5,1.5714285714285714,1.4,1.1666666666666667,2.0,1.5714285714285714,1.3076923076923077,1.8888888888888888,1.3333333333333333,1.8571428571428572,1.1428571428571428,1.3333333333333333,1.25,1.2857142857142858,1.2727272727272727,1.0,1.0,1.875,1.8,1.6666666666666667,1.0,1.1428571428571428,1.0,1.1666666666666667,1.0,1.0,1.0
SABADO,237.0,1.0,1.0,1.0,0.0,0.0,1.0,1.0,1.0,1.0,0.0,0.0,0.0,0.0,0.0,0.0,1.0,0.0,0.0,1.0,1.0,0.0,1.0,1.0,0.0,1.0,0.0,1.0,1.0,1.0,1.0,0.0,0.0,1.0,1.0,1.5,1.0,1.25,1.0,1.0,1.0,1.0,1.0,1.3333333333333333,1.0,1.25,1.1666666666666667,1.0,1.0,1.3333333333333333,1.125,1.3333333333333333,1.125,1.8571428571428572,1.1666666666666667,1.2222222222222223,1.6,1.1666666666666667,1.2857142857142858,1.5,1.1428571428571428,1.1111111111111112,1.2857142857142858,1.6,1.3333333333333333,1.1666666666666667,1.1,1.6923076923076923,1.25,1.2222222222222223,2.0,1.5714285714285714,1.9090909090909092,1.5333333333333334,2.0,1.1111111111111112,2.0,1.125,1.2222222222222223,1.125,1.3333333333333333,1.125,1.5,1.4,2.0,1.3333333333333333,1.625,1.5555555555555556,1.6,1.4,1.3333333333333333,1.6666666666666667,1.0,1.1428571428571428,1.3333333333333333,2.0,1.0
SABADO,238.0,1.5,1.0,1.0,1.0,1.5,0.0,1.0,0.0,0.0,0.0,0.0,0.0,0.0,0.0,0.0,0.0,0.0,0.0,0.0,0.0,0.0,0.0,1.0,1.0,1.0,1.0,1.5,1.0,1.0,1.0,1.0,1.0,1.4,1.2,1.0,1.2,1.0,1.0,1.0,1.0,1.0,1.0,1.5,1.1666666666666667,1.0,1.0,1.2727272727272727,1.1666666666666667,1.4,1.6666666666666667,1.1428571428571428,1.1428571428571428,1.4,1.0,1.0,1.0,1.5,1.0,1.0,1.5,1.0,1.0,1.0,1.0,1.3333333333333333,1.0,1.0,1.0,1.1666666666666667,1.0,1.2,1.1,1.25,1.4444444444444444,1.1428571428571428,1.75,1.4285714285714286,1.125,1.0,1.4285714285714286,2.3333333333333335,1.1666666666666667,1.25,1.1428571428571428,1.3333333333333333,1.0,1.0,1.2,1.0,1.25,1.5,1.0,1.0,1.0,1.0,0.0
SABADO,239.0,1.0,1.0,1.0,1.0,1.0,1.0,0.0,1.0,1.0,1.0,1.0,0.0,0.0,0.0,0.0,0.0,0.0,1.0,0.0,0.0,0.0,1.0,0.0,0.0,0.0,0.0,1.0,1.0,1.0,2.0,1.0,1.0,1.0,1.5,1.0,1.0,0.0,1.0,1.0,1.3333333333333333,2.0,1.0,1.3333333333333333,1.3333333333333333,1.0,1.2857142857142858,1.1111111111111112,1.3333333333333333,0.0,1.6666666666666667,1.0,1.0,1.1428571428571428,1.3333333333333333,1.1428571428571428,1.0,1.375,1.0,1.0,1.2,1.1666666666666667,1.3333333333333333,1.0,2.0,1.0,1.0,1.3333333333333333,1.6,1.6666666666666667,1.2857142857142858,1.375,1.1,1.75,1.25,1.2,1.1111111111111112,2.2,1.4,1.1428571428571428,1.4285714285714286,1.5,1.375,1.5,1.2,1.3333333333333333,1.0,1.1666666666666667,1.4,1.1,1.4444444444444444,1.6666666666666667,1.0,1.0,1.3333333333333333,1.6666666666666667,1.0
SABADO,243.0,0.0,1.0,1.0,1.0,0.0,1.0,0.0,1.0,0.0,0.0,0.0,0.0,0.0,1.0,0.0,0.0,1.0,0.0,0.0,0.0,1.0,1.0,1.0,1.0,0.0,1.0,1.0,1.0,1.0,1.0,1.5,1.0,1.25,1.0,1.0,1.0,1.0,1.0,1.0,1.0,1.5,1.0,1.0,1.0,1.0,1.0,1.1666666666666667,1.0,1.0,1.0,1.0,1.0,1.0,1.0,1.0,1.0,1.3333333333333333,1.0,1.5,1.4,1.0,1.0,1.0,1.0,1.0,1.0,1.0,1.0,1.0,1.5,0.0,1.0,1.0,1.0,1.0,1.0,1.0,1.0,1.0,1.0,1.0,1.0,1.0,1.0,1.1666666666666667,1.0,1.0,1.0,1.0,1.0,0.0,1.0,1.0,1.0,1.0,1.0
SABADO,244.0,0.0,0.0,1.0,1.0,0.0,0.0,1.0,0.0,0.0,0.0,0.0,0.0,1.0,0.0,0.0,0.0,0.0,1.0,0.0,0.0,1.0,0.0,0.0,0.0,0.0,1.0,0.0,1.0,1.0,1.25,1.0,1.25,1.0,1.0,1.0,1.0,1.0,1.1666666666666667,1.3333333333333333,1.0,1.1666666666666667,1.0,1.0,1.0,1.125,3.0,1.0,1.0,1.0,1.3333333333333333,1.1428571428571428,1.0,1.25,1.1428571428571428,1.5,1.6,1.0,1.2,1.1666666666666667,1.0,1.0,1.0,1.2,1.0,1.0,1.0,1.0,1.0,1.0,1.2,1.0,1.3333333333333333,1.0,2.3333333333333335,1.0,1.0,0.0,1.25,0.0,1.3333333333333333,1.0,1.0,1.0,1.0,1.0,1.0,0.0,1.0,1.0,1.5,1.0,1.0,1.0,0.0,1.0,0.0
SABADO,246.0,1.0,1.0,1.0,1.0,0.0,1.0,1.0,1.0,1.0,0.0,1.0,1.0,0.0,0.0,1.0,0.0,0.0,0.0,1.0,0.0,1.0,0.0,1.0,0.0,1.0,1.0,1.0,1.0,1.0,1.0,1.0,1.0,1.0,1.5,1.4,1.0,1.0,1.125,1.4285714285714286,1.25,1.5,1.2,1.0,1.3333333333333333,1.4545454545454546,1.5454545454545454,1.625,1.5,1.125,1.4615384615384615,2.1666666666666665,1.5,1.4,1.0,1.3076923076923077,1.4666666666666666,1.4285714285714286,1.3333333333333333,1.3,1.5714285714285714,1.6666666666666667,1.2857142857142858,1.375,1.3125,1.3333333333333333,1.7,1.25,1.4166666666666667,1.4545454545454546,1.5384615384615385,1.8461538461538463,1.9090909090909092,1.6923076923076923,2.0,2.1,1.7692307692307692,1.75,1.8461538461538463,1.7692307692307692,1.8571428571428572,1.6,1.75,1.5,1.5555555555555556,1.4166666666666667,1.6,1.3076923076923077,1.6666666666666667,1.3,1.3333333333333333,1.375,1.75,1.2857142857142858,1.2,1.0,1.0
SABADO,249.0,1.3,1.7,1.4,1.5714285714285714,1.375,1.5,1.5,1.0,1.2,1.2,1.0,1.0,1.0,1.3333333333333333,1.0,1.0,1.0,1.0,1.0,1.0,0.0,0.0,0.0,0.0,0.0,1.0,0.0,1.0,1.0,1.0,1.0,0.0,1.0,1.0,1.0,1.0,1.6666666666666667,1.0,1.4,1.0,1.0,1.3333333333333333,1.0,1.2,1.6,1.1428571428571428,1.1666666666666667,1.3333333333333333,1.8,1.2,1.4,1.1428571428571428,1.5,1.1428571428571428,1.0,1.3333333333333333,1.0,1.3333333333333333,1.0,1.4,1.0,1.25,1.6666666666666667,1.4285714285714286,1.7142857142857142,1.2857142857142858,1.4,1.4,1.2,1.25,1.8888888888888888,1.7,1.9090909090909092,1.3636363636363635,1.3333333333333333,1.2,2.111111111111111,1.1428571428571428,1.8333333333333333,1.6923076923076923,1.8888888888888888,1.4615384615384615,1.3333333333333333,1.1538461538461537,1.8461538461538463,1.6666666666666667,1.3571428571428572,1.5384615384615385,1.9090909090909092,1.6363636363636365,1.5833333333333333,2.0,2.2,1.8333333333333333,1.8666666666666667,1.3636363636363635
SABADO,261.0,0.0,0.0,2.0,0.0,1.0,0.0,0.0,0.0,0.0,0.0,0.0,1.0,0.0,0.0,0.0,0.0,0.0,0.0,1.0,0.0,0.0,0.0,0.0,0.0,0.0,0.0,0.0,1.0,1.0,1.0,1.0,1.0,1.5,0.0,0.0,1.0,1.0,1.0,1.0,1.0,1.0,1.0,1.0,0.0,1.0,1.0,1.0,1.0,1.0,1.0,1.0,1.5,1.25,1.0,1.0,1.0,1.0,1.3333333333333333,1.0,1.0,1.5,1.0,1.0,1.0,1.3333333333333333,1.0,1.0,1.5,1.0,1.0,1.6,1.0,1.0,1.0,1.0,1.5,1.0,1.0,1.0,1.1,1.0,1.0,1.0,1.0,1.0,1.0,1.2,1.0,1.0,1.0,1.0,1.0,1.0,1.5,0.0,1.0
SABADO,262.0,1.0,1.0,1.0,1.0,1.0,1.0,0.0,1.0,1.0,1.0,1.0,1.0,0.0,1.0,0.0,1.0,0.0,0.0,0.0,0.0,1.0,0.0,1.0,0.0,0.0,0.0,1.0,1.0,1.0,0.0,1.0,1.0,1.0,1.5,1.0,1.0,1.3333333333333333,1.0,1.25,1.5,1.0,1.25,1.25,1.1428571428571428,1.0,1.0,1.0,1.0,1.5,1.6,1.375,1.5,1.2,1.0,1.5,1.0,1.0,1.0,1.0,1.3333333333333333,1.0,1.75,1.1666666666666667,1.1666666666666667,1.25,1.0,1.0,1.0,1.6,1.25,1.0,1.1666666666666667,1.0,1.3,1.1666666666666667,1.1666666666666667,1.25,1.5,1.0,1.2,1.0,1.0,1.0,1.1666666666666667,1.0,1.1428571428571428,1.25,1.0,1.0,1.0,1.3333333333333333,1.0,1.0,1.5,1.0,1.0
SABADO,263.0,1.3333333333333333,1.5,1.0,1.0,1.0,0.0,1.0,1.0,1.0,2.0,1.0,1.0,1.0,1.0,1.0,0.0,0.0,0.0,0.0,0.0,1.0,0.0,1.0,1.0,0.0,0.0,1.0,1.0,1.0,1.0,1.0,1.0,1.2,2.0,1.0,1.0,0.0,1.3333333333333333,1.25,1.3333333333333333,1.4,1.1428571428571428,1.0,1.4,1.0,1.0,1.0,1.1428571428571428,1.1111111111111112,1.0,1.1111111111111112,1.0,1.0,1.3333333333333333,1.25,1.5,1.2,1.0,1.0,1.0,1.0,1.0,1.25,1.1428571428571428,1.0,1.3333333333333333,1.1428571428571428,1.2,1.3333333333333333,1.0,1.25,1.2222222222222223,1.3,1.25,1.3333333333333333,1.0,1.5,1.2857142857142858,1.0,1.2222222222222223,1.6666666666666667,1.0,1.1666666666666667,1.0,1.0,1.0,1.0,1.0,0.0,1.0,1.0,1.0,1.0,1.0,1.0,1.0
VIERNES,4.0,1.0,0.0,0.0,0.0,0.0,0.0,1.0,1.0,1.0,0.0,0.0,0.0,0.0,0.0,1.0,0.0,0.0,1.0,0.0,0.0,0.0,1.0,1.0,1.0,0.0,1.0,1.0,1.0,1.4444444444444444,1.0,1.0,1.75,1.25,1.3333333333333333,1.6666666666666667,1.1666666666666667,1.4285714285714286,1.4,1.3333333333333333,1.1666666666666667,1.375,1.4444444444444444,1.6666666666666667,1.0,1.3333333333333333,1.0,1.125,1.0,1.6666666666666667,1.125,1.0,1.2,1.5,1.2,1.1428571428571428,1.6666666666666667,1.3333333333333333,1.0,1.5,1.0,1.25,1.0,1.3333333333333333,1.0,1.0,1.25,1.4,1.0,2.0,1.0,1.0,1.0,1.5,1.0,1.0,1.0,1.0,1.3333333333333333,1.0,1.0,1.0,1.2,1.0,1.0,1.2,1.25,1.5,1.25,1.5,1.0,1.0,1.3333333333333333,1.3333333333333333,0.0,1.0,1.0
VIERNES,12.0,0.0,0.0,0.0,0.0,0.0,0.0,0.0,0.0,0.0,0.0,0.0,0.0,0.0,0.0,0.0,0.0,0.0,0.0,0.0,0.0,0.0,0.0,0.0,0.0,0.0,0.0,0.0,0.0,0.0,0.0,0.0,0.0,0.0,0.0,0.0,0.0,0.0,0.0,0.0,0.0,0.0,1.0,0.0,0.0,1.0,0.0,0.0,0.0,0.0,0.0,0.0,0.0,0.0,1.0,0.0,0.0,0.0,0.0,0.0,1.0,1.0,0.0,0.0,0.0,0.0,0.0,0.0,0.0,0.0,0.0,0.0,0.0,0.0,0.0,0.0,0.0,0.0,0.0,0.0,1.0,0.0,0.0,0.0,0.0,0.0,0.0,0.0,0.0,1.0,0.0,0.0,0.0,0.0,0.0,0.0,0.0
VIERNES,13.0,1.0,1.0,1.25,0.0,1.1666666666666667,0.0,1.0,1.0,1.0,1.0,1.0,1.0,1.0,0.0,0.0,0.0,0.0,0.0,0.0,1.0,0.0,1.0,0.0,1.0,1.0,1.0,1.0,1.0,1.0,1.4,1.1428571428571428,1.0,1.125,1.1666666666666667,1.4,1.25,1.1428571428571428,1.0,1.0,1.0,1.5,1.0,1.25,1.0,1.0,1.1666666666666667,1.0,1.5,1.25,1.0,1.0,1.0,1.25,1.0,1.0,1.3333333333333333,1.0,1.0,1.0,1.125,1.2,1.2,1.3333333333333333,1.2,1.4285714285714286,1.6,1.0,1.2,1.125,1.5,1.0,1.2222222222222223,1.3333333333333333,1.3333333333333333,1.5,1.1428571428571428,1.2857142857142858,1.25,1.25,1.5454545454545454,1.5,1.375,1.4,1.125,1.4,1.0,1.2,1.0,1.0,1.2,1.3333333333333333,1.0,1.0,1.5,1.0,1.0
VIERNES,24.0,1.0,0.0,0.0,0.0,0.0,1.0,0.0,0.0,0.0,0.0,0.0,0.0,0.0,1.0,0.0,0.0,0.0,0.0,0.0,0.0,0.0,0.0,1.0,1.0,0.0,0.0,0.0,0.0,1.0,1.0,0.0,1.0,1.5,1.0,1.0,1.0,1.0,1.0,1.0,1.0,1.0,1.0,1.0,1.5,1.0,1.0,1.0,1.5,1.0,1.0,1.3333333333333333,1.0,0.0,1.0,1.0,1.0,1.0,1.0,1.0,1.0,1.0,1.0,1.0,1.0,1.0,1.0,1.0,2.0,0.0,1.0,1.125,1.0,1.0,1.0,1.0,1.0,1.0,2.0,1.0,1.0,1.0,1.0,1.0,1.0,1.0,1.0,1.0,1.0,1.6666666666666667,1.0,1.0,1.0,0.0,1.0,1.0,1.0
VIERNES,41.0,1.0,1.0,1.0,1.0,0.0,0.0,1.0,1.0,1.0,0.0,0.0,1.0,1.0,0.0,0.0,1.0,1.0,0.0,0.0,1.0,1.0,1.0,1.0,1.5,0.0,1.4,1.1,1.25,1.1666666666666667,1.5,1.5714285714285714,1.6,1.4545454545454546,1.5,1.3333333333333333,1.3333333333333333,1.2,1.5714285714285714,1.8,1.9,1.4444444444444444,1.875,1.5555555555555556,1.2727272727272727,1.5833333333333333,1.4,1.125,1.5,1.4,1.5,1.2222222222222223,1.1538461538461537,1.4444444444444444,1.5,1.375,1.3333333333333333,1.25,1.125,1.25,1.25,1.0,1.2,1.25,1.4,1.3333333333333333,1.0,1.0,1.0,1.5,1.25,1.4,1.2857142857142858,1.6,1.0,1.0,1.0,1.5,1.2857142857142858,1.0,1.0,1.0,1.0,1.0,1.0,1.0,1.0,1.0,1.0,1.0,1.0,0.0,1.3333333333333333,1.3333333333333333,1.0,1.0,1.0
VIERNES,42.0,1.1111111111111112,1.2,1.0,1.0,1.0,1.0,1.0,0.0,0.0,1.0,0.0,1.0,0.0,1.0,0.0,1.0,1.0,1.0,1.0,1.0,1.0,1.0,1.0,1.0,1.0,2.3333333333333335,1.25,1.375,1.5454545454545454,1.5,2.2857142857142856,1.6666666666666667,1.6666666666666667,1.8333333333333333,1.4166666666666667,2.3636363636363638,2.1538461538461537,1.5,2.0,1.8666666666666667,1.5714285714285714,1.9,1.5,1.5,2.5,1.375,1.7272727272727273,1.75,2.066666666666667,1.625,1.6428571428571428,1.3846153846153846,2.25,1.6666666666666667,1.4545454545454546,1.6,1.5384615384615385,1.1111111111111112,1.2857142857142858,1.4,1.6153846153846154,1.375,1.4444444444444444,1.2,1.1,1.0,1.1111111111111112,1.25,1.375,1.1,1.3,1.1111111111111112,1.375,1.0,1.5714285714285714,1.3333333333333333,1.4,1.0,1.3333333333333333,1.0,1.3333333333333333,1.0,1.0,1.0,1.0,1.0,1.2,1.5,1.0,1.0,1.5,1.0,1.0,1.0,1.0,1.0
VIERNES,43.0,0.0,0.0,0.0,0.0,0.0,0.0,0.0,0.0,0.0,0.0,0.0,0.0,0.0,0.0,0.0,0.0,0.0,0.0,0.0,0.0,0.0,0.0,0.0,0.0,0.0,0.0,0.0,0.0,0.0,0.0,0.0,1.0,1.0,0.0,0.0,0.0,0.0,0.0,1.0,0.0,1.0,0.0,0.0,1.0,1.0,1.0,1.0,1.0,1.0,1.0,1.0,1.0,1.25,0.0,1.0,1.0,1.0,0.0,1.0,1.0,1.0,1.0,1.0,1.0,1.0,0.0,1.0,1.0,1.5,1.0,1.0,1.5,1.0,1.0,1.0,1.0,1.0,1.0,1.25,1.0,1.0,1.0,0.0,1.0,0.0,1.0,0.0,1.0,1.0,1.0,0.0,1.0,0.0,0.0,0.0,0.0
VIERNES,45.0,1.0,0.0,1.0,0.0,0.0,1.0,0.0,0.0,1.0,0.0,0.0,0.0,0.0,0.0,0.0,0.0,0.0,0.0,0.0,0.0,2.0,1.0,1.0,1.0,0.0,0.0,0.0,1.0,1.0,1.0,1.0,0.0,1.0,1.0,1.1428571428571428,1.0,1.0,1.0,1.0,1.2,1.25,1.0,1.5,1.0,1.1666666666666667,1.0,1.0,1.1428571428571428,1.6666666666666667,1.1666666666666667,1.2857142857142858,1.2,1.6666666666666667,1.6,1.0,1.5,1.4,1.5,1.0,1.6666666666666667,1.0,1.2857142857142858,1.0,1.1666666666666667,1.0,1.0,1.0,1.0,1.0,1.0,1.0,1.1666666666666667,1.0,1.2,1.2857142857142858,1.0,1.0,1.0,1.0,1.25,1.0,1.5,1.0,1.0,1.2,1.5,1.1666666666666667,1.0,1.4,1.0,1.0,1.0,2.0,1.0,1.3333333333333333,1.0
VIERNES,48.0,1.0,1.0,1.25,0.0,1.0,0.0,0.0,1.0,0.0,0.0,1.0,1.0,1.0,1.0,0.0,0.0,0.0,1.0,0.0,0.0,1.0,0.0,1.0,0.0,1.0,1.0,1.0,1.0,1.0,1.3333333333333333,1.2,1.25,1.0,1.2222222222222223,1.4,1.5,1.3,1.125,1.0,1.3333333333333333,1.875,1.3333333333333333,1.8333333333333333,1.1111111111111112,1.3333333333333333,1.2,1.0,1.5,1.4,1.8,1.5,1.5,1.1428571428571428,1.0,1.3333333333333333,1.2857142857142858,1.2,1.0,1.25,1.1666666666666667,1.0,1.4,1.1428571428571428,1.0,1.5,1.8333333333333333,1.5,1.0,1.3333333333333333,1.1666666666666667,1.1428571428571428,2.0,1.4285714285714286,1.375,1.0,1.5,1.2222222222222223,1.2222222222222223,1.4,1.7272727272727273,1.2,1.5833333333333333,1.75,1.3,1.0,1.8888888888888888,1.3636363636363635,1.25,1.625,1.25,1.0,1.1428571428571428,1.0,1.5555555555555556,1.0,1.0
VIERNES,50.0,1.0,1.0,1.0,0.0,0.0,0.0,0.0,1.0,1.0,0.0,0.0,0.0,0.0,0.0,0.0,0.0,1.0,0.0,1.0,0.0,0.0,1.0,1.0,1.0,1.0,1.5,1.25,1.25,1.1666666666666667,1.5714285714285714,1.3333333333333333,1.4285714285714286,1.4545454545454546,1.3333333333333333,1.3,1.6,1.1818181818181819,1.375,1.25,1.6,1.0,1.7142857142857142,1.25,1.7142857142857142,1.125,1.0,1.125,1.3636363636363635,1.1428571428571428,1.2857142857142858,1.0,1.4,1.2,1.2,1.1428571428571428,1.0,1.3333333333333333,1.0,1.0,1.0,0.0,1.25,1.2,2.0,1.2,1.3333333333333333,1.2,1.0909090909090908,1.1818181818181819,1.125,1.375,1.5555555555555556,1.5,1.0909090909090908,1.5,1.7142857142857142,1.2857142857142858,1.3333333333333333,1.1666666666666667,1.4,1.3,1.75,1.5,1.5714285714285714,1.0,1.4444444444444444,1.5,1.3333333333333333,1.5,1.3333333333333333,1.0,1.2,1.4,1.0,1.0,1.0
VIERNES,68.0,1.0,1.0,1.0,1.0,1.0,1.0,2.0,1.0,1.0,1.0,1.0,1.0,0.0,1.0,0.0,0.0,0.0,0.0,0.0,0.0,1.0,1.0,1.0,1.0,0.0,1.0,1.0,1.4,1.1666666666666667,1.0,1.0,1.1666666666666667,1.6666666666666667,1.8571428571428572,1.0833333333333333,1.4285714285714286,1.3636363636363635,1.0,1.25,1.1428571428571428,1.4,2.0,1.6666666666666667,1.1666666666666667,1.25,1.3333333333333333,1.2222222222222223,1.5454545454545454,1.625,1.375,1.0,1.25,1.25,1.5714285714285714,1.1666666666666667,1.2222222222222223,1.5,1.2857142857142858,1.1428571428571428,1.1428571428571428,1.3333333333333333,1.0,1.5,1.2,1.1818181818181819,1.3333333333333333,1.3,1.3,1.2727272727272727,2.0,1.1428571428571428,1.5,1.4444444444444444,1.2222222222222223,1.5,1.5555555555555556,1.5833333333333333,1.4545454545454546,1.7,1.8888888888888888,1.9166666666666667,1.3636363636363635,1.4,1.4166666666666667,3.0,1.6666666666666667,1.5454545454545454,1.3636363636363635,1.5454545454545454,1.5714285714285714,1.4,1.5,2.4,1.4444444444444444,1.2,1.2
VIERNES,74.0,1.0,0.0,1.0,0.0,0.0,0.0,1.0,1.0,0.0,1.0,1.0,0.0,1.0,1.0,1.0,0.0,1.0,0.0,1.0,1.0,1.3333333333333333,1.0,0.0,1.25,1.6666666666666667,2.0,1.0,1.0,1.2222222222222223,1.2,1.3333333333333333,1.375,1.125,1.1428571428571428,1.0833333333333333,1.8333333333333333,1.9,1.4166666666666667,1.9090909090909092,1.5384615384615385,1.4,1.1818181818181819,1.3333333333333333,2.0,1.1111111111111112,1.1111111111111112,1.2,1.5555555555555556,1.6363636363636365,1.0769230769230769,1.5,2.5,1.7272727272727273,1.3636363636363635,1.4444444444444444,1.625,1.7,1.3636363636363635,1.5,1.7,1.375,1.2727272727272727,1.1428571428571428,1.6666666666666667,1.0,1.1111111111111112,1.2857142857142858,1.1428571428571428,1.4285714285714286,1.0,1.2222222222222223,1.5555555555555556,1.7142857142857142,1.1428571428571428,1.2,1.2857142857142858,1.0,1.6,1.0,1.0,1.0,1.0,1.0,1.6,2.5,1.0,1.0,1.0,1.0,1.25,1.4,1.0,1.0,1.0,1.25,1.0
VIERNES,75.0,1.0,1.0,1.0,1.0,1.0,1.0,0.0,1.0,0.0,1.0,1.0,0.0,0.0,0.0,0.0,1.0,1.0,0.0,0.0,1.0,1.0,1.0,1.0,1.1666666666666667,1.4,1.75,1.0,1.3333333333333333,1.4285714285714286,1.4285714285714286,1.1428571428571428,1.25,1.2,1.2857142857142858,1.9411764705882353,1.5714285714285714,1.1,1.4615384615384615,1.75,1.3076923076923077,2.142857142857143,1.6363636363636365,1.5,1.6666666666666667,1.5384615384615385,1.6,1.7272727272727273,1.7,1.4545454545454546,1.3333333333333333,1.3333333333333333,1.3636363636363635,1.8888888888888888,1.6363636363636365,1.6666666666666667,1.5454545454545454,1.5454545454545454,1.6,1.4444444444444444,1.9090909090909092,1.7142857142857142,1.0,1.125,1.7777777777777777,1.4166666666666667,1.1428571428571428,1.4285714285714286,1.6923076923076923,1.7777777777777777,1.1666666666666667,1.4444444444444444,1.5,1.25,1.0,1.3333333333333333,1.0,1.2,1.0,1.5,1.2,2.0,1.0,1.375,1.6,1.0,1.3333333333333333,1.0,1.25,1.0,1.0,1.0,0.0,1.0,1.0,1.0,1.0
VIERNES,79.0,1.4,1.6666666666666667,2.0,1.0,1.0,1.0,1.0,1.25,1.0,1.0,1.0,0.0,0.0,2.0,1.0,1.0,1.0,1.0,0.0,1.0,1.0,0.0,1.0,1.0,1.0,1.5,1.25,1.2,1.0,1.0,1.25,1.0,1.25,1.4285714285714286,1.375,1.4444444444444444,1.25,1.25,1.75,1.2857142857142858,1.3333333333333333,1.0,1.375,1.4285714285714286,1.0,1.0,1.4,1.25,1.1,1.0,1.4,1.0,1.2,1.2222222222222223,1.3333333333333333,1.0,1.4285714285714286,1.1666666666666667,1.0,1.1666666666666667,1.4,1.0,1.3333333333333333,1.25,1.0,1.3333333333333333,1.1,1.5,1.8333333333333333,1.3333333333333333,1.7142857142857142,1.25,1.8571428571428572,1.4444444444444444,1.4545454545454546,1.375,1.5,1.7,1.8333333333333333,1.5384615384615385,1.6666666666666667,1.9166666666666667,1.8333333333333333,2.0,2.2,1.7333333333333334,1.1428571428571428,1.5555555555555556,2.0,1.7142857142857142,1.5,1.7777777777777777,1.625,1.3333333333333333,1.1818181818181819,1.125
VIERNES,87.0,1.3333333333333333,1.0,1.1666666666666667,1.0,1.0,1.0,0.0,0.0,1.0,0.0,0.0,1.0,0.0,0.0,0.0,0.0,1.0,1.0,1.0,0.0,1.0,0.0,1.0,1.0,1.0,0.0,1.0,1.0,1.0,1.0,1.0,1.25,1.0,1.2,1.1428571428571428,1.0,1.1428571428571428,1.4285714285714286,1.1666666666666667,1.2222222222222223,1.25,1.25,1.5714285714285714,1.0,1.125,1.2,1.0,1.0,1.4,1.1666666666666667,1.0,1.0,1.0,1.0,1.2,1.0,1.0,1.0,1.3333333333333333,1.3333333333333333,1.0,1.1428571428571428,1.3333333333333333,1.4,1.5,1.4,1.4285714285714286,1.2857142857142858,1.1428571428571428,1.3333333333333333,1.7142857142857142,1.2,1.0,1.4,1.0909090909090908,1.4615384615384615,1.6666666666666667,1.5,1.5384615384615385,1.625,1.3636363636363635,1.2222222222222223,1.6,1.5,1.3636363636363635,1.4444444444444444,1.4545454545454546,1.2,1.125,1.3333333333333333,1.3,1.0,1.0,1.1666666666666667,1.0,1.0
VIERNES,88.0,1.0,1.0,1.0,1.2,1.0,1.0,1.0,0.0,1.0,0.0,1.0,0.0,0.0,0.0,0.0,0.0,1.0,0.0,1.0,0.0,0.0,0.0,0.0,1.0,0.0,1.0,0.0,1.5,0.0,0.0,1.0,2.0,1.0,1.0,0.0,1.0,1.0,1.0,1.0,1.0,1.0,1.25,1.25,1.0,1.0,1.0,1.2857142857142858,1.6666666666666667,1.2,1.2,1.25,1.0,1.1111111111111112,2.0,1.0,1.3333333333333333,1.6,1.2857142857142858,1.4,1.0,1.5,1.0,1.2,1.0,1.2,1.5,1.0,1.3333333333333333,1.25,1.0,1.5,1.0,1.0,1.0,1.0,1.0,1.0,1.0,1.0,0.0,1.3333333333333333,2.0,1.0,1.375,1.0,1.0,1.25,1.0,1.0,1.2,1.0,1.0,1.0,1.25,1.0,1.0
VIERNES,90.0,1.0,0.0,1.0,1.0,0.0,1.0,1.0,1.0,0.0,1.0,1.0,1.0,0.0,1.0,0.0,0.0,0.0,0.0,1.0,0.0,1.0,0.0,1.0,1.0,0.0,1.0,0.0,1.0,1.6,1.0,0.0,1.0,1.3333333333333333,1.25,1.0,1.25,1.6666666666666667,1.0,1.3333333333333333,1.0,1.3333333333333333,1.25,1.0,1.1428571428571428,1.7142857142857142,1.5,1.1428571428571428,1.3333333333333333,1.0,1.0,1.6,1.0,1.2,1.2,1.0,1.6666666666666667,1.5,1.8,1.4285714285714286,1.1666666666666667,1.0,1.3333333333333333,1.0,1.0,1.5,1.3,1.0,1.0,1.8,1.1666666666666667,1.5,1.125,1.3333333333333333,1.6666666666666667,1.0,1.0,1.1666666666666667,1.1666666666666667,1.3,1.0,1.1428571428571428,1.1666666666666667,1.0,1.4444444444444444,1.25,1.1428571428571428,1.3333333333333333,1.1666666666666667,1.0,1.4,1.0,1.5,1.3333333333333333,1.0,1.25,1.0
VIERNES,100.0,0.0,0.0,0.0,1.0,1.0,0.0,0.0,1.0,0.0,1.0,0.0,0.0,0.0,0.0,0.0,0.0,0.0,0.0,0.0,0.0,0.0,1.0,0.0,1.0,1.0,1.0,0.0,1.0,1.0,1.0,1.0,1.5,1.0,0.0,1.0,0.0,1.0,1.0,1.0,1.3333333333333333,1.0,1.0,1.0,1.0,1.3333333333333333,1.0,1.25,1.6666666666666667,1.5,1.0,1.3333333333333333,1.0,1.4,1.3333333333333333,1.0,1.0,1.0,1.5,1.0,1.25,1.0,1.0,1.3333333333333333,1.5,1.0,1.1666666666666667,1.0,1.0,2.0,1.6666666666666667,1.3333333333333333,1.5,1.2,1.0,1.0,1.0,1.1428571428571428,1.0,1.0,1.0,1.0,1.5,1.3333333333333333,1.0,1.0,1.0,1.0,1.0,1.6666666666666667,1.0,1.0,1.0,1.0,1.0,1.0,0.0
VIERNES,107.0,0.0,1.5,0.0,0.0,1.0,1.0,0.0,0.0,0.0,0.0,0.0,0.0,1.0,1.0,0.0,0.0,0.0,0.0,0.0,0.0,0.0,1.0,1.0,1.0,0.0,1.0,1.0,1.0,1.3333333333333333,1.0,1.0,1.0,1.25,1.3333333333333333,1.4,1.0,1.2222222222222223,1.8333333333333333,1.2,1.0,1.1428571428571428,1.4,1.1111111111111112,1.0,1.0,1.0,1.3846153846153846,1.4285714285714286,1.3333333333333333,1.25,1.1428571428571428,1.2857142857142858,1.4545454545454546,2.0,1.0,1.1111111111111112,1.5,1.8,1.2,1.2,1.0,1.0,1.25,1.125,1.0,1.3333333333333333,1.1428571428571428,1.2857142857142858,1.2857142857142858,1.2,1.125,1.5714285714285714,1.1428571428571428,2.2222222222222223,1.1,1.3,1.8181818181818181,1.7142857142857142,1.5714285714285714,1.125,1.625,1.5555555555555556,1.1111111111111112,1.6363636363636365,1.1666666666666667,1.125,1.6,1.5,1.1666666666666667,1.5,2.0,1.7142857142857142,1.0,1.0,2.0,1.0
VIERNES,113.0,0.0,1.0,0.0,1.0,0.0,0.0,0.0,0.0,0.0,0.0,0.0,1.0,0.0,0.0,0.0,0.0,0.0,0.0,1.0,1.0,0.0,0.0,0.0,1.0,1.0,1.0,1.0,1.0,1.75,1.0,1.1666666666666667,1.0,1.0,1.0,1.0,1.3333333333333333,2.0,1.0,1.4285714285714286,1.25,1.0,1.3333333333333333,1.3333333333333333,1.1666666666666667,1.0,1.2857142857142858,1.1428571428571428,1.4,1.1111111111111112,1.2,1.1666666666666667,1.0,1.0,1.3333333333333333,1.3333333333333333,1.0,1.1666666666666667,1.0,1.0,1.25,1.0,1.0,1.4,1.2,1.0,1.3333333333333333,1.0,1.0,1.25,1.3333333333333333,1.0,1.4285714285714286,1.0,1.0,1.0,1.0,1.5,1.1666666666666667,1.2,1.2,1.0,1.5,1.0,1.0,1.0,1.4,1.6,1.2,1.0,1.3333333333333333,1.2,1.25,1.0,1.0,1.3333333333333333,1.3333333333333333
VIERNES,114.0,1.2,2.0,0.0,1.0,1.0,1.0,1.0,1.0,1.0,1.0,0.0,1.0,0.0,0.0,0.0,0.0,0.0,1.0,0.0,0.0,0.0,0.0,0.0,0.0,1.0,0.0,0.0,0.0,0.0,0.0,0.0,1.0,1.0,1.0,1.0,1.0,1.0,1.0,1.0,1.0,1.0,1.0,1.0,1.0,1.0,1.0,1.0,1.0,1.0,1.0,1.0,1.0,1.3333333333333333,0.0,1.0,1.0,1.4,1.0,1.0,1.0,1.3333333333333333,0.0,1.5,1.0,1.0,1.0,2.5,1.0,1.0,1.0,3.0,1.0,1.0,1.0,1.0,1.25,1.3333333333333333,1.1428571428571428,1.0,1.2,1.1428571428571428,1.7142857142857142,1.375,1.2222222222222223,1.4444444444444444,1.4,1.3333333333333333,1.0,1.2857142857142858,1.3333333333333333,1.6,1.2,1.0,1.1666666666666667,1.1818181818181819,1.0
VIERNES,116.0,1.25,0.0,1.0,0.0,1.0,0.0,0.0,0.0,0.0,0.0,1.0,0.0,1.0,1.0,1.0,1.0,1.0,1.0,1.0,0.0,0.0,0.0,0.0,1.0,0.0,1.5,1.0,1.25,1.25,1.25,1.6666666666666667,1.0,1.25,1.3333333333333333,1.25,1.125,1.375,1.1428571428571428,1.3,2.0,1.5,1.6666666666666667,1.3333333333333333,1.3333333333333333,1.1111111111111112,1.5,1.25,1.6666666666666667,1.1428571428571428,1.1666666666666667,1.1666666666666667,1.3333333333333333,1.1428571428571428,1.6,1.0,1.1428571428571428,1.25,1.0,1.1666666666666667,1.0,1.2,0.0,1.25,1.0,1.0,0.0,1.0,1.1666666666666667,1.3333333333333333,1.0,1.0,1.3333333333333333,1.0,1.0,1.0,1.0,1.0,1.0,1.0,1.0,1.0,1.0,1.0,0.0,1.0,1.0,1.0,1.0,1.0,1.0,1.5,1.0,1.0,0.0,1.0,1.0
VIERNES,120.0,0.0,0.0,0.0,0.0,0.0,0.0,0.0,0.0,0.0,0.0,0.0,0.0,0.0,0.0,0.0,0.0,0.0,0.0,0.0,0.0,0.0,0.0,0.0,0.0,0.0,0.0,0.0,0.0,0.0,0.0,0.0,0.0,0.0,1.0,0.0,0.0,0.0,0.0,0.0,0.0,0.0,0.0,0.0,0.0,0.0,0.0,0.0,0.0,1.0,0.0,0.0,0.0,0.0,0.0,0.0,0.0,0.0,0.0,0.0,0.0,1.0,0.0,0.0,0.0,0.0,0.0,0.0,1.0,0.0,0.0,0.0,0.0,0.0,0.0,0.0,0.0,0.0,1.0,1.0,1.0,0.0,0.0,0.0,0.0,0.0,0.0,0.0,0.0,0.0,0.0,0.0,0.0,0.0,0.0,0.0,0.0
VIERNES,125.0,0.0,0.0,0.0,0.0,1.0,1.0,1.0,1.0,1.0,1.0,0.0,0.0,0.0,0.0,0.0,1.0,0.0,0.0,0.0,0.0,0.0,0.0,0.0,1.0,0.0,1.0,1.0,1.0,1.5,1.0,1.5,1.0,2.0,1.0,1.0,1.0,1.0,1.5,1.0,1.0,1.0,1.0,1.0,1.0,1.3333333333333333,1.0,1.0,1.0,1.0,2.0,0.0,1.0,1.0,0.0,1.0,1.0,1.2,1.0,1.0,1.0,1.25,1.0,1.0,1.0,0.0,1.0,1.0,1.0,1.0,1.0,1.0,1.0,1.6666666666666667,1.0,1.0,1.0,1.5,1.25,1.25,1.25,1.0,1.25,1.1428571428571428,1.0,1.4,1.0,1.3333333333333333,1.0,1.3333333333333333,1.0,1.0,1.0,1.25,1.0,1.0,1.0
VIERNES,127.0,1.0,0.0,0.0,0.0,0.0,0.0,0.0,0.0,0.0,0.0,0.0,0.0,0.0,0.0,0.0,0.0,1.0,0.0,0.0,1.0,1.0,1.0,1.0,1.0,1.0,1.0,1.3333333333333333,1.0,1.0,1.0,1.0,1.0,1.0,1.0,1.0,1.0,1.0,1.0,1.5,1.0,1.0,1.6666666666666667,1.0,1.3333333333333333,1.4,1.0,1.0,0.0,2.0,1.3333333333333333,1.0,2.0,1.0,1.0,1.0,1.0,1.0,1.0,0.0,1.0,0.0,0.0,0.0,2.0,1.0,1.0,1.0,0.0,1.0,1.0,1.0,1.0,1.0,1.0,1.0,0.0,1.0,1.0,1.0,0.0,1.0,0.0,1.0,1.0,0.0,0.0,1.0,1.0,1.0,1.0,1.0,1.0,0.0,1.0,1.0,1.0
VIERNES,128.0,1.0,0.0,0.0,0.0,0.0,0.0,0.0,0.0,0.0,0.0,0.0,0.0,0.0,0.0,0.0,0.0,0.0,0.0,0.0,0.0,0.0,0.0,0.0,0.0,0.0,0.0,0.0,0.0,0.0,0.0,0.0,0.0,0.0,0.0,0.0,0.0,0.0,0.0,0.0,0.0,0.0,0.0,0.0,0.0,0.0,0.0,0.0,0.0,1.0,0.0,1.0,0.0,0.0,0.0,1.0,0.0,0.0,0.0,0.0,0.0,0.0,0.0,0.0,0.0,0.0,0.0,0.0,0.0,0.0,0.0,0.0,1.0,0.0,0.0,0.0,0.0,0.0,0.0,0.0,0.0,0.0,0.0,0.0,0.0,1.0,0.0,0.0,0.0,1.0,0.0,0.0,0.0,0.0,1.0,1.0,0.0
VIERNES,137.0,0.0,2.0,1.0,1.0,0.0,0.0,0.0,0.0,0.0,1.0,0.0,1.0,0.0,0.0,0.0,0.0,0.0,0.0,0.0,0.0,0.0,1.0,1.0,1.0,0.0,1.0,1.0,1.5,1.0,1.1111111111111112,1.2307692307692308,1.0,1.0,1.0,1.6666666666666667,1.1666666666666667,2.0,1.5714285714285714,1.625,1.125,1.4285714285714286,1.3333333333333333,1.5555555555555556,1.1,1.3636363636363635,1.2857142857142858,1.0,1.1428571428571428,1.3636363636363635,1.7777777777777777,1.7142857142857142,1.5714285714285714,1.3333333333333333,1.2,1.0,1.4285714285714286,1.0,1.2857142857142858,1.1666666666666667,1.5,1.25,1.25,1.0,1.3333333333333333,1.2857142857142858,1.4285714285714286,1.8571428571428572,1.5,1.4285714285714286,1.0,1.1,1.25,1.5714285714285714,1.25,1.2,1.4,1.5,1.1818181818181819,1.0,1.3333333333333333,1.75,1.375,1.5,1.125,1.5555555555555556,1.7142857142857142,1.5,1.0,1.3333333333333333,1.3333333333333333,1.0,1.5,1.5,1.0,1.0,1.0
VIERNES,140.0,0.0,1.0,0.0,1.0,0.0,0.0,0.0,0.0,0.0,0.0,0.0,0.0,0.0,0.0,0.0,0.0,0.0,0.0,0.0,0.0,1.0,1.0,1.0,0.0,1.0,1.0,1.5,1.0,1.0,1.0,1.0,1.1111111111111112,1.0,1.1428571428571428,2.4,1.3333333333333333,1.5555555555555556,1.6666666666666667,1.4,1.0,1.3636363636363635,1.5,1.5,1.2,1.5714285714285714,1.125,1.4,1.4,1.2,1.3846153846153846,1.3333333333333333,1.5,1.5,1.3333333333333333,1.3333333333333333,1.5,1.0,1.8333333333333333,1.3636363636363635,1.5555555555555556,1.0,1.75,1.125,1.1818181818181819,1.2,1.5833333333333333,1.625,1.8571428571428572,1.5,1.2727272727272727,1.1,1.3333333333333333,1.5454545454545454,1.6666666666666667,1.5454545454545454,1.4285714285714286,1.6666666666666667,1.7142857142857142,1.4,1.5714285714285714,1.1428571428571428,1.5555555555555556,1.5714285714285714,1.0,1.3333333333333333,1.125,1.0,1.25,1.4,1.0,1.0,1.0,1.0,1.0,1.0,1.0
VIERNES,141.0,1.0,0.0,0.0,1.0,0.0,0.0,1.0,0.0,1.0,0.0,1.0,1.0,1.0,0.0,1.0,1.0,0.0,0.0,0.0,0.0,0.0,0.0,1.0,1.0,1.0,1.0,0.0,1.0,1.0,1.0,1.2857142857142858,1.4,1.1666666666666667,1.25,1.1428571428571428,1.4444444444444444,1.5,1.375,1.1111111111111112,1.0,1.5,1.625,1.4,1.0,1.625,1.0,1.0,1.125,1.25,1.1666666666666667,1.0,1.2857142857142858,1.1111111111111112,1.1666666666666667,1.1666666666666667,1.5,1.7142857142857142,1.0,1.3333333333333333,1.2,1.3,1.1428571428571428,1.5,1.1666666666666667,1.4,1.0,1.2857142857142858,1.4,1.6666666666666667,1.25,1.375,1.4,1.3333333333333333,1.7,1.7777777777777777,1.3333333333333333,1.3636363636363635,1.3636363636363635,1.2857142857142858,1.6666666666666667,1.8333333333333333,1.2,1.5714285714285714,1.1428571428571428,1.4285714285714286,1.375,1.1666666666666667,1.5,1.1666666666666667,2.0,1.2222222222222223,1.6666666666666667,1.25,1.0,0.0,1.5
VIERNES,142.0,1.0,1.0,0.0,0.0,0.0,0.0,0.0,0.0,1.0,1.0,0.0,1.0,0.0,0.0,0.0,0.0,0.0,0.0,0.0,0.0,1.0,1.0,1.0,1.0,1.0,1.0,1.0,1.0,1.0,1.0,1.1666666666666667,1.0,1.5714285714285714,1.0,1.4285714285714286,1.1111111111111112,1.0,1.0,1.0,1.5,1.0,1.3333333333333333,1.8,1.3333333333333333,1.0,1.6,1.3333333333333333,1.1666666666666667,1.5,1.1428571428571428,1.0,1.2,1.1428571428571428,1.0,1.6666666666666667,1.0,1.0,1.0,1.0,1.0,1.0,1.0,1.0,1.2,1.1666666666666667,1.5,1.0,1.0,1.0,1.5,1.5,1.25,1.25,1.125,1.2857142857142858,1.1428571428571428,1.6666666666666667,1.25,1.625,1.5,1.0,1.0,1.25,1.1666666666666667,1.3333333333333333,1.5454545454545454,1.1111111111111112,1.4,1.6,1.2857142857142858,1.2,1.0,1.0,1.5714285714285714,1.0,1.0
VIERNES,143.0,1.0,1.0,1.0,0.0,0.0,1.0,1.0,0.0,0.0,0.0,0.0,0.0,0.0,0.0,0.0,2.0,0.0,0.0,0.0,1.0,0.0,1.0,1.0,1.0,1.0,1.3333333333333333,1.0,1.1428571428571428,1.3333333333333333,1.4285714285714286,1.0,1.8333333333333333,1.4,1.0909090909090908,1.1111111111111112,1.1,1.3636363636363635,1.25,1.2,1.25,1.3636363636363635,1.3333333333333333,1.0,1.0,1.2857142857142858,1.1428571428571428,1.0,1.0,1.5,1.4,1.25,1.25,1.25,1.25,1.0,1.6,1.0,1.0,1.3333333333333333,1.1428571428571428,1.0,1.1666666666666667,1.5,1.2,1.5,1.25,1.0,1.3333333333333333,1.4,1.0,1.1666666666666667,1.8,1.1428571428571428,1.6666666666666667,1.3,1.3333333333333333,1.1428571428571428,1.2,1.0,1.25,1.2857142857142858,1.4285714285714286,1.75,1.5,1.0,1.0,1.0,1.1666666666666667,1.0,0.0,1.0,1.0,1.0,1.0,1.0,1.0
VIERNES,144.0,2.0,1.0,1.0,1.0,1.0,0.0,1.0,1.0,1.0,1.0,1.0,1.0,0.0,0.0,1.0,0.0,0.0,0.0,0.0,1.0,0.0,0.0,1.0,0.0,1.0,0.0,1.0,1.0,1.0,1.3333333333333333,1.5,1.0,1.0,0.0,1.0,1.0,1.0,1.0,1.0,1.2,1.0,1.2222222222222223,1.0,1.1666666666666667,1.375,1.0909090909090908,1.5,1.375,1.5454545454545454,1.0,1.6363636363636365,1.3333333333333333,1.5,1.25,1.1666666666666667,1.375,1.3333333333333333,1.3333333333333333,1.2,1.0,1.2,1.4285714285714286,1.0,1.2,1.0,1.25,1.0,1.1428571428571428,1.25,1.3333333333333333,1.1428571428571428,1.0,1.2857142857142858,1.0,1.0,1.6,1.3333333333333333,1.5714285714285714,1.375,1.2857142857142858,1.375,1.25,1.3333333333333333,1.6,1.0,1.0,1.1428571428571428,1.0,1.4285714285714286,1.1111111111111112,1.2,1.4285714285714286,1.0,1.3333333333333333,1.0,1.1666666666666667
VIERNES,148.0,1.3333333333333333,1.6666666666666667,1.0,1.0,1.0,1.25,1.0,1.0,1.0,1.0,1.0,1.5,1.0,0.0,1.0,0.0,1.0,0.0,0.0,0.0,1.0,1.0,0.0,1.0,1.0,1.0,1.0,1.0,1.3333333333333333,1.0,1.0,1.0,1.1666666666666667,1.3333333333333333,1.0,1.3333333333333333,1.0,1.0,1.1666666666666667,1.25,1.2,1.1111111111111112,1.2,1.3333333333333333,1.4,1.4,1.5,1.25,1.25,1.5,1.125,1.0,1.25,1.7142857142857142,1.2,1.0,1.6666666666666667,1.6666666666666667,1.3333333333333333,1.25,1.0,1.3333333333333333,1.0,1.5,1.0,1.2,1.4,2.0,1.25,1.0,1.3333333333333333,1.0,1.2,1.375,1.5,1.2222222222222223,1.2222222222222223,1.5,1.0,1.4545454545454546,1.3,1.4615384615384615,1.2727272727272727,1.25,1.4,1.4166666666666667,1.3333333333333333,1.4444444444444444,1.5714285714285714,1.5,1.3,1.4285714285714286,1.4444444444444444,1.3076923076923077,1.7,1.1428571428571428
VIERNES,151.0,1.0,1.0,0.0,1.0,1.0,0.0,0.0,0.0,1.0,0.0,0.0,0.0,0.0,0.0,0.0,0.0,0.0,1.0,1.0,1.0,1.0,1.0,0.0,1.0,1.0,1.25,1.0,1.0,1.0,1.0,1.2,1.5,1.0,1.1428571428571428,1.3333333333333333,1.2222222222222223,1.0,1.0,1.2857142857142858,1.0,1.6,2.0,1.0,1.0,1.25,1.0,1.25,1.2,1.0,1.125,1.0,1.0,1.0,1.1428571428571428,1.25,1.0,1.0,0.0,1.3333333333333333,1.3333333333333333,1.0,1.25,1.3333333333333333,1.0,1.0,1.2222222222222223,1.0,1.0,2.0,1.0,0.0,1.0,1.0,3.0,1.2,1.0,1.0,1.0,1.0,1.0,1.0,1.0,1.0,2.0,1.0,1.0,1.0,1.0,1.0,1.0,0.0,0.0,1.0,1.0,1.0,1.0
VIERNES,152.0,0.0,0.0,0.0,0.0,0.0,0.0,0.0,0.0,0.0,0.0,0.0,0.0,0.0,0.0,0.0,0.0,0.0,0.0,0.0,0.0,0.0,1.0,1.0,1.0,1.0,1.0,1.0,1.0,0.0,0.0,1.0,1.0,1.0,1.3333333333333333,1.0,1.0,1.0,1.0,1.25,1.2857142857142858,1.0,1.2,1.0,1.3333333333333333,1.0,1.0,1.0,1.0,1.0,1.0,1.0,1.6666666666666667,1.0,0.0,1.0,1.0,1.0,1.0,1.5,1.0,1.0,1.0,1.0,1.0,1.5,1.0,1.3333333333333333,1.0,1.3333333333333333,1.0,0.0,1.0,1.0,2.0,1.0,1.0,1.0,1.0,2.0,0.0,1.0,0.0,1.0,1.0,0.0,1.0,0.0,1.0,0.0,0.0,0.0,1.0,0.0,0.0,1.0,1.0
VIERNES,153.0,0.0,0.0,0.0,0.0,0.0,0.0,0.0,0.0,0.0,0.0,0.0,0.0,0.0,0.0,0.0,0.0,1.0,0.0,0.0,0.0,0.0,0.0,0.0,0.0,1.0,0.0,0.0,1.0,0.0,0.0,1.0,1.0,1.0,0.0,0.0,1.0,1.0,1.0,1.0,1.0,0.0,1.3333333333333333,0.0,0.0,0.0,0.0,0.0,1.0,1.0,0.0,0.0,0.0,1.0,1.0,0.0,1.0,1.0,0.0,1.0,0.0,0.0,0.0,0.0,0.0,1.0,0.0,1.0,0.0,0.0,0.0,0.0,0.0,0.0,0.0,0.0,0.0,1.0,0.0,0.0,0.0,1.0,0.0,0.0,0.0,0.0,0.0,0.0,0.0,1.0,0.0,0.0,0.0,0.0,0.0,0.0,0.0
VIERNES,158.0,0.0,1.0,1.0,1.0,0.0,0.0,0.0,0.0,1.0,0.0,1.0,1.0,0.0,0.0,0.0,0.0,0.0,0.0,0.0,0.0,0.0,0.0,1.0,1.0,1.0,1.0,0.0,1.0,1.0,0.0,1.6666666666666667,1.5,1.0,1.25,1.0,1.2,1.0,1.5,1.3333333333333333,1.0,1.25,1.0,1.0,1.0,0.0,1.0,1.0,1.3333333333333333,1.0,1.0,1.0,1.8,1.0,1.3333333333333333,1.0,1.25,1.0,1.0,1.25,1.0,1.75,0.0,1.25,1.0,1.0,1.0,1.2,1.0,1.0,1.25,1.2857142857142858,1.4,1.2,1.1428571428571428,1.1,1.2222222222222223,1.75,1.0,1.2857142857142858,1.0,1.1666666666666667,1.7777777777777777,1.3333333333333333,1.1,1.0,1.125,1.4,1.0,1.6666666666666667,1.875,1.5,1.0,1.1666666666666667,1.2727272727272727,1.6,1.4
VIERNES,161.0,1.1428571428571428,1.5,1.0,1.5,0.0,1.0,0.0,1.0,0.0,0.0,0.0,0.0,0.0,0.0,0.0,1.0,0.0,0.0,0.0,0.0,0.0,0.0,0.0,0.0,1.0,0.0,0.0,1.0,1.0,0.0,1.0,1.0,0.0,1.0,1.3333333333333333,1.0,1.0,1.2,1.0,1.1428571428571428,1.25,1.3333333333333333,1.0,1.2857142857142858,1.3333333333333333,1.2857142857142858,1.6,1.2857142857142858,1.125,1.6666666666666667,1.1111111111111112,1.0,1.1666666666666667,1.3333333333333333,1.0,1.2857142857142858,1.0909090909090908,1.2,1.7142857142857142,1.0,1.3636363636363635,1.1428571428571428,1.4,1.2222222222222223,1.5555555555555556,1.3,1.3333333333333333,1.1666666666666667,1.5,1.2222222222222223,1.5714285714285714,1.4166666666666667,1.3076923076923077,1.2857142857142858,1.2,1.3333333333333333,1.6,1.3333333333333333,1.3333333333333333,1.5,1.375,1.25,1.0,1.4444444444444444,1.1,1.3333333333333333,1.75,1.1428571428571428,1.375,1.0,1.2857142857142858,1.25,1.0,1.2,1.5,0.0
VIERNES,162.0,1.0,0.0,0.0,1.0,1.0,0.0,0.0,1.0,1.0,0.0,0.0,1.0,0.0,0.0,0.0,0.0,1.0,0.0,0.0,0.0,1.0,0.0,1.0,0.0,1.5,1.0,1.0,1.0,1.0,1.0,1.0,1.0,1.0,1.1666666666666667,1.0,1.0,1.0,1.0,1.0,1.5,1.2857142857142858,1.0,1.2,1.5,1.3333333333333333,1.1,1.1111111111111112,1.0,1.4,1.0,2.25,1.25,1.4,1.1666666666666667,1.0,1.4444444444444444,1.3333333333333333,1.25,1.4,1.5,1.25,1.2,1.2857142857142858,1.25,1.0,1.0,1.6,1.3333333333333333,1.375,1.0,1.25,1.3333333333333333,1.5555555555555556,1.0,1.3333333333333333,1.0,1.6666666666666667,1.8571428571428572,1.6666666666666667,1.25,1.5,1.3333333333333333,1.2,1.1111111111111112,1.1666666666666667,1.5,1.25,1.4,1.2,1.2,1.25,1.0,1.0,1.0,1.0,0.0
VIERNES,163.0,1.0,1.0,1.0,0.0,1.0,0.0,1.0,1.0,1.0,1.0,0.0,1.0,0.0,0.0,0.0,1.0,0.0,0.0,0.0,0.0,1.0,1.0,0.0,0.0,0.0,0.0,1.0,1.0,1.0,1.0,1.0,2.5,2.0,1.0,1.3333333333333333,1.3333333333333333,1.3333333333333333,1.25,1.125,1.1666666666666667,1.2,1.0,1.0,1.2,1.0,1.2222222222222223,1.3333333333333333,1.0,1.2857142857142858,1.0,1.2,1.1428571428571428,1.0,1.0,1.5,1.0,1.0,1.1428571428571428,1.0,1.6666666666666667,1.0,3.0,1.1666666666666667,1.5714285714285714,1.0,1.3333333333333333,1.0,1.2,1.3333333333333333,1.375,1.1428571428571428,1.5,1.1111111111111112,1.0,1.7142857142857142,1.0,1.1111111111111112,1.1428571428571428,1.1666666666666667,1.4285714285714286,1.4,1.2857142857142858,1.0,1.4,1.1111111111111112,1.3333333333333333,1.4,1.2222222222222223,1.1666666666666667,1.1666666666666667,1.0,1.2,1.0,0.0,1.0,1.0
VIERNES,164.0,1.0,1.0,1.0,1.0,0.0,0.0,0.0,1.0,0.0,1.0,0.0,0.0,0.0,0.0,1.0,0.0,0.0,1.0,0.0,0.0,0.0,0.0,0.0,1.0,1.0,1.0,0.0,1.0,1.0,1.0,1.0,0.0,1.3333333333333333,1.0,1.1666666666666667,1.3333333333333333,1.5714285714285714,1.5,1.1666666666666667,1.3333333333333333,1.2857142857142858,1.5714285714285714,1.25,1.0,1.0,1.3333333333333333,1.0,1.2222222222222223,1.1666666666666667,1.0,1.1666666666666667,1.25,1.25,1.0,1.4285714285714286,1.0,1.1666666666666667,1.25,1.4,1.6666666666666667,1.0,1.0,1.0,1.3333333333333333,1.5555555555555556,1.0,1.1428571428571428,1.125,1.4285714285714286,1.1666666666666667,1.6,1.1111111111111112,1.4285714285714286,1.5714285714285714,1.3333333333333333,1.0,1.2,1.25,1.3636363636363635,1.3333333333333333,1.1428571428571428,1.3333333333333333,1.25,2.5,1.2857142857142858,1.5,1.5,1.1428571428571428,1.2857142857142858,1.1111111111111112,1.0,1.2,1.25,1.2,1.0,1.1666666666666667
VIERNES,166.0,1.0,1.5,0.0,1.0,0.0,0.0,0.0,1.0,1.0,0.0,0.0,0.0,0.0,1.0,0.0,0.0,0.0,0.0,0.0,1.0,0.0,1.0,1.0,1.0,1.0,1.0,1.0,1.3333333333333333,1.0,1.0,1.0,1.0,1.0,1.0,1.0,1.1428571428571428,1.0,1.0,1.0,1.6,1.1666666666666667,1.5,1.5,1.0,1.3333333333333333,1.5,1.2857142857142858,2.4,1.0,1.6666666666666667,1.0,1.0,1.0,1.0,1.5,1.0,1.0,1.1666666666666667,1.0,1.0,2.0,1.25,2.0,1.0,1.0,1.0,1.0,1.0,1.0,1.0,1.0,1.0,1.0,1.3333333333333333,1.0,1.25,1.0,1.0,1.0,1.0,1.5,1.0,1.25,1.0,1.0,1.0,1.5,1.0,1.2857142857142858,1.0,1.0,1.5,1.5,1.0,1.0,1.0
VIERNES,170.0,1.0,1.0,0.0,0.0,1.0,2.0,1.0,1.0,0.0,0.0,1.0,0.0,0.0,0.0,0.0,0.0,0.0,0.0,1.0,1.0,0.0,0.0,1.0,1.0,1.0,1.0,1.0,1.0,1.3333333333333333,1.0,1.5,1.4285714285714286,1.0,1.375,1.25,1.4545454545454546,1.0,1.5,1.8,1.6666666666666667,1.25,1.8888888888888888,1.25,1.25,1.5,1.6666666666666667,1.3,1.4285714285714286,1.1666666666666667,1.3,1.4615384615384615,1.5555555555555556,1.2857142857142858,1.2,1.1428571428571428,1.5,1.8571428571428572,1.125,1.375,1.5,1.1111111111111112,1.25,1.6923076923076923,1.25,1.75,1.3333333333333333,1.6153846153846154,1.2727272727272727,1.6363636363636365,1.7777777777777777,1.3333333333333333,1.2,1.8181818181818181,1.875,1.4545454545454546,1.8,1.5,1.6666666666666667,1.5,1.5714285714285714,1.4166666666666667,1.4166666666666667,1.6666666666666667,1.3,1.5454545454545454,1.7777777777777777,1.5,1.5,1.5,1.3333333333333333,1.2,1.0,1.5,1.3333333333333333,1.0,1.0
VIERNES,186.0,1.0,1.0,0.0,1.0,0.0,0.0,1.0,1.0,0.0,1.0,0.0,0.0,0.0,0.0,1.0,0.0,0.0,0.0,0.0,0.0,0.0,0.0,0.0,0.0,1.0,1.0,0.0,1.0,1.0,1.0,1.0,0.0,1.0909090909090908,1.3333333333333333,1.0,1.5,1.1666666666666667,1.0,1.3333333333333333,1.1428571428571428,1.0,1.0,1.2857142857142858,1.0,1.3333333333333333,2.0,1.0,1.0,1.1428571428571428,1.1428571428571428,1.0,1.25,1.5,1.5,1.5,1.0,1.0,1.0,0.0,1.0,1.0,1.0,1.3333333333333333,1.7142857142857142,1.2,1.0,1.5,1.0,1.0,1.0,1.0,1.0,1.25,1.0,1.3333333333333333,1.4285714285714286,1.0,1.0,1.0,1.0,1.375,1.3333333333333333,1.0,1.0,1.25,1.0,1.0,1.0,1.1666666666666667,1.0,1.0,2.0,1.5,1.0,0.0,1.0
VIERNES,194.0,1.0,0.0,0.0,0.0,0.0,0.0,0.0,0.0,0.0,0.0,0.0,0.0,0.0,0.0,0.0,0.0,0.0,0.0,0.0,0.0,0.0,0.0,0.0,0.0,0.0,0.0,0.0,1.0,0.0,0.0,0.0,0.0,0.0,0.0,0.0,0.0,1.0,0.0,0.0,0.0,0.0,1.0,0.0,0.0,0.0,1.0,0.0,1.0,0.0,0.0,1.0,1.0,0.0,0.0,0.0,0.0,0.0,1.0,0.0,0.0,0.0,0.0,0.0,0.0,1.0,0.0,0.0,0.0,0.0,1.0,1.0,0.0,0.0,0.0,2.0,1.0,0.0,0.0,1.0,0.0,1.0,1.0,1.0,0.0,1.0,0.0,0.0,1.0,0.0,0.0,0.0,0.0,0.0,0.0,0.0,0.0
VIERNES,202.0,0.0,0.0,0.0,1.0,1.0,0.0,0.0,0.0,0.0,0.0,0.0,0.0,0.0,0.0,0.0,0.0,0.0,0.0,0.0,0.0,0.0,0.0,1.0,0.0,0.0,1.0,1.0,1.0,1.5,1.0,1.0,1.0,0.0,1.0,1.3333333333333333,0.0,0.0,1.0,2.0,1.0,1.0,0.0,1.3333333333333333,1.0,1.1666666666666667,0.0,1.0,1.0,1.0,0.0,1.0,1.0,1.0,1.0,1.0,0.0,1.0,0.0,0.0,0.0,1.0,1.5,0.0,1.0,1.0,0.0,1.0,0.0,1.0,1.0,0.0,0.0,0.0,0.0,0.0,1.0,0.0,0.0,1.0,0.0,0.0,1.0,0.0,0.0,0.0,0.0,0.0,0.0,1.0,0.0,1.0,1.0,0.0,0.0,0.0,1.0
VIERNES,209.0,0.0,1.0,0.0,1.0,0.0,1.0,0.0,0.0,0.0,0.0,0.0,0.0,0.0,0.0,0.0,0.0,0.0,0.0,0.0,0.0,0.0,0.0,1.0,0.0,0.0,1.0,1.0,1.0,1.0,2.0,1.0,1.0,1.0,1.0,1.0,1.0,1.0,1.3333333333333333,1.0,1.0,1.0,1.0,1.0,1.0,1.0,1.0,0.0,1.0,1.0,1.0,0.0,1.0,1.0,1.0,1.0,1.0,1.0,1.0,1.0,0.0,1.0,1.0,1.5,1.0,1.0,1.0,1.0,1.3333333333333333,0.0,1.0,1.0,0.0,1.1666666666666667,1.0,1.2857142857142858,1.0,1.25,1.0,1.5,1.25,1.0,1.0,1.0,1.0,1.5,1.0,1.3333333333333333,1.0,1.0,1.0,1.0,1.0,1.0,1.0,0.0,0.0
VIERNES,211.0,1.0,1.0,0.0,1.0,1.0,0.0,0.0,1.0,0.0,1.0,0.0,1.0,0.0,0.0,0.0,0.0,0.0,0.0,0.0,1.0,1.0,1.0,1.0,0.0,1.0,1.0,1.0,1.2,1.3333333333333333,1.25,1.0,1.0,1.0,1.0,1.0,1.0,1.0,1.6666666666666667,1.0,1.0,1.0,1.0,1.0,1.0,1.0,1.0,1.0,1.0,1.1666666666666667,1.0,1.1666666666666667,1.0,1.0,1.25,1.25,1.0,1.0,1.0,1.1666666666666667,1.6666666666666667,1.7142857142857142,1.3333333333333333,1.1666666666666667,1.0,1.2857142857142858,1.0,1.0,1.5,1.5714285714285714,1.2,1.1428571428571428,1.2857142857142858,1.25,1.0,1.1666666666666667,1.5,1.4285714285714286,1.0,1.1666666666666667,1.25,1.375,1.0,1.0,1.2857142857142858,1.0,1.125,1.5,1.0,1.2,1.3333333333333333,1.6666666666666667,1.2,1.0,1.0,1.4,1.0
VIERNES,224.0,0.0,0.0,0.0,0.0,0.0,1.0,0.0,0.0,1.0,0.0,0.0,0.0,0.0,0.0,0.0,0.0,1.0,0.0,1.0,0.0,1.0,0.0,1.0,1.0,1.0,1.0,1.0,1.0,2.0,1.0,1.0,1.2857142857142858,1.5,1.0,1.0,1.0,1.0,1.0,1.5,1.0,1.0,1.0,1.0,1.25,1.5714285714285714,1.0,1.0,1.0,1.5,1.6666666666666667,1.0,1.0,1.0,2.0,1.0,0.0,1.0,1.0,1.0,0.0,1.0,1.0,1.0,1.0,1.0,1.0,1.5,1.0,1.0,1.3333333333333333,1.5,1.0,0.0,1.0,1.0,1.0,1.0,1.0,0.0,1.0,1.2,1.0,1.2,1.0,1.0,1.0,1.0,0.0,1.0,0.0,0.0,1.0,1.0,0.0,1.0,1.0
VIERNES,229.0,1.0,0.0,1.0,1.0,1.0,0.0,0.0,0.0,0.0,0.0,0.0,0.0,0.0,0.0,0.0,0.0,0.0,1.0,0.0,0.0,1.0,1.0,1.0,1.0,1.0,1.3333333333333333,1.3333333333333333,1.2,1.875,1.0,1.0,1.0,1.25,1.5,1.25,2.0,1.4285714285714286,1.2,1.8181818181818181,1.25,1.0,1.1428571428571428,1.375,1.2,1.1111111111111112,1.0,1.375,1.4,1.1538461538461537,1.0,1.1,1.0,1.0,1.1428571428571428,1.1666666666666667,1.0,1.3333333333333333,1.3333333333333333,1.0,1.0,1.2857142857142858,1.0,1.0,1.2,1.25,1.1111111111111112,1.1428571428571428,1.6666666666666667,1.4,2.0,1.3076923076923077,1.1666666666666667,1.6,1.6666666666666667,1.7,1.125,1.2727272727272727,1.2727272727272727,1.4285714285714286,1.4444444444444444,1.2857142857142858,2.0,1.1666666666666667,1.4444444444444444,1.625,1.6666666666666667,1.4285714285714286,1.1818181818181819,1.2222222222222223,1.5,1.1666666666666667,1.5,1.0,1.0,1.0,1.0
VIERNES,230.0,1.875,1.0,1.0,1.0,1.0,1.0,1.0,0.0,0.0,0.0,1.0,0.0,0.0,1.0,0.0,1.0,0.0,1.0,0.0,1.0,0.0,0.0,0.0,1.0,1.0,0.0,1.0,1.0,1.0,1.5,1.0,0.0,1.0,1.4,1.1666666666666667,2.0,1.1818181818181819,1.8,1.0,1.1428571428571428,1.1428571428571428,1.4,1.875,1.1666666666666667,1.0,1.3333333333333333,1.5,1.1666666666666667,1.125,1.1428571428571428,1.3,1.0,1.3333333333333333,1.0,1.0,1.0,1.25,1.25,1.0,1.75,1.2,1.0,1.2,1.2,1.0,1.0,1.0,1.25,1.0,1.2222222222222223,1.1666666666666667,1.4285714285714286,1.5384615384615385,1.1666666666666667,1.25,1.1428571428571428,1.1428571428571428,1.2857142857142858,1.0,1.1666666666666667,1.125,1.5,1.125,1.6666666666666667,1.3333333333333333,1.6923076923076923,2.2666666666666666,2.8125,1.75,1.5,1.5333333333333334,2.0,1.0,1.5714285714285714,1.125,1.0
VIERNES,231.0,1.0,1.0,1.5,0.0,1.0,1.0,1.0,0.0,2.0,0.0,1.0,1.0,1.0,1.0,1.0,1.0,1.0,1.0,0.0,1.0,1.0,1.0,1.0,1.0,1.0,1.0,1.0,1.3,1.3333333333333333,1.0,1.2222222222222223,1.3,1.3333333333333333,1.3333333333333333,1.3333333333333333,1.0,1.0,1.4285714285714286,2.0,1.5,1.8571428571428572,1.1,1.2,1.6666666666666667,1.3636363636363635,1.5,1.5714285714285714,1.7,1.5555555555555556,1.1818181818181819,1.1666666666666667,1.4285714285714286,1.4444444444444444,1.6,1.2222222222222223,1.5,1.25,1.6,1.5555555555555556,1.8333333333333333,1.4285714285714286,1.1,1.2,1.75,1.3636363636363635,1.5,1.3333333333333333,1.1818181818181819,1.8181818181818181,1.4166666666666667,1.75,1.4,1.7272727272727273,1.4444444444444444,2.0833333333333335,1.25,2.272727272727273,1.6,1.3076923076923077,2.0,1.6923076923076923,1.9,1.5,1.6666666666666667,1.6875,1.625,1.5555555555555556,1.2727272727272727,1.2857142857142858,1.7777777777777777,1.3,1.3333333333333333,1.1428571428571428,1.3333333333333333,1.1428571428571428,1.0
VIERNES,232.0,0.0,0.0,0.0,0.0,0.0,0.0,0.0,1.0,1.0,1.0,1.0,0.0,0.0,1.0,0.0,0.0,1.0,1.0,1.2,1.0,1.5,1.0,1.25,1.0,1.4,1.0,1.25,1.625,1.875,1.6,1.8125,1.7777777777777777,1.8181818181818181,1.4166666666666667,1.4,1.4545454545454546,2.0833333333333335,1.7777777777777777,1.9285714285714286,1.8888888888888888,1.4285714285714286,1.4615384615384615,1.9166666666666667,1.4444444444444444,1.4,1.875,1.375,1.3333333333333333,1.5,1.0,1.9090909090909092,1.1428571428571428,1.6666666666666667,1.5555555555555556,1.5,1.25,1.125,1.0,1.3333333333333333,1.0,1.4285714285714286,1.3333333333333333,1.6666666666666667,1.2,1.0,1.0,1.4,1.1666666666666667,1.25,1.0,1.1428571428571428,1.2,1.1428571428571428,1.0,1.3333333333333333,1.5,1.6666666666666667,1.125,1.1666666666666667,1.3333333333333333,1.7777777777777777,1.5,1.5,1.1428571428571428,1.2,1.1428571428571428,1.3333333333333333,1.1428571428571428,1.0,1.0,1.0,1.0,0.0,1.0,1.0,1.0
VIERNES,233.0,1.0,0.0,0.0,0.0,0.0,0.0,0.0,0.0,2.0,0.0,0.0,0.0,1.0,0.0,1.0,0.0,1.0,0.0,0.0,1.0,0.0,0.0,1.0,1.0,0.0,1.0,1.0,1.0,1.0,1.1428571428571428,1.2,1.5,1.0,1.0,1.25,1.5,1.0,1.1666666666666667,1.4,1.0,1.1666666666666667,1.1818181818181819,1.2,1.3333333333333333,1.1666666666666667,2.0,1.8,1.7142857142857142,1.3333333333333333,1.0,1.1666666666666667,1.0,1.2,1.4285714285714286,1.0,1.0,1.1666666666666667,1.6666666666666667,1.6666666666666667,1.2,1.0,1.0,1.8333333333333333,1.1428571428571428,1.0,1.4444444444444444,1.0,1.3,1.8333333333333333,1.1111111111111112,1.0,1.5454545454545454,1.5,1.5833333333333333,1.25,1.5,1.0,1.2857142857142858,1.5,1.6363636363636365,1.1666666666666667,1.5,1.8333333333333333,1.25,1.0,1.0,1.4285714285714286,1.2,1.4285714285714286,1.5,1.2,1.0,1.3333333333333333,1.25,1.0,1.0
VIERNES,234.0,1.5,0.0,1.0,1.0,0.0,0.0,1.0,1.0,0.0,0.0,1.0,0.0,0.0,0.0,0.0,0.0,0.0,0.0,0.0,0.0,0.0,0.0,0.0,0.0,1.0,1.0,0.0,1.25,1.0,1.0,1.5,1.0,1.0,1.2857142857142858,1.1666666666666667,1.0,1.0,1.0,1.5,1.0,1.0,1.125,1.0,1.0,1.2,1.0,1.3333333333333333,1.4,1.1666666666666667,1.0,1.5,1.1111111111111112,1.2,1.0,1.4285714285714286,1.5714285714285714,1.2,1.5,2.0,1.1111111111111112,1.25,1.5,1.5,1.25,1.7,1.5,1.2,1.125,1.5714285714285714,1.7142857142857142,1.4,1.1666666666666667,1.5,1.2222222222222223,1.4545454545454546,1.6666666666666667,1.125,1.6666666666666667,1.5,1.8,2.0,1.5,1.7142857142857142,1.625,1.5555555555555556,1.75,1.5714285714285714,2.111111111111111,1.5,1.5454545454545454,1.25,1.3636363636363635,1.6666666666666667,1.6,1.1428571428571428,1.3333333333333333
VIERNES,236.0,1.0,0.0,0.0,0.0,0.0,0.0,0.0,0.0,0.0,0.0,0.0,0.0,0.0,0.0,0.0,0.0,0.0,0.0,0.0,0.0,1.0,1.0,1.0,1.0,1.1428571428571428,1.0,1.0,1.0,1.5714285714285714,1.2,1.5,1.1428571428571428,1.3333333333333333,1.0,1.125,1.5714285714285714,1.1111111111111112,1.0,1.1428571428571428,1.5,1.2,1.2222222222222223,1.0,1.1428571428571428,1.3333333333333333,1.8571428571428572,1.125,1.25,1.4444444444444444,1.375,1.4166666666666667,1.25,1.1428571428571428,1.5714285714285714,1.0,1.3333333333333333,1.2,1.5714285714285714,1.4,1.75,1.7142857142857142,1.5,1.8571428571428572,1.75,1.2857142857142858,1.2,1.5,1.2,1.375,1.6666666666666667,2.25,1.4545454545454546,1.3,1.5,1.5,1.6,1.5,1.625,1.1666666666666667,1.1428571428571428,1.25,1.1818181818181819,1.1428571428571428,1.4,1.3333333333333333,1.0,1.3333333333333333,1.0,1.0,1.3333333333333333,1.0,1.3333333333333333,2.0,1.0,0.0,1.0
VIERNES,237.0,1.4,1.0,1.0,1.5,1.0,1.0,0.0,1.0,0.0,1.0,0.0,0.0,0.0,0.0,0.0,0.0,0.0,1.0,1.0,1.0,0.0,1.0,1.5,1.0,1.0,1.0,1.4,1.0,1.0,1.5714285714285714,1.2,1.25,1.4444444444444444,1.2727272727272727,1.6666666666666667,1.4,1.4,1.5714285714285714,1.0,1.0,1.5,1.4285714285714286,1.0,1.0,1.75,1.5,1.25,1.375,1.0,1.1428571428571428,1.1666666666666667,1.4,1.125,1.0,1.3333333333333333,1.1428571428571428,1.1428571428571428,1.4285714285714286,1.4285714285714286,1.0,1.2,1.5,1.1538461538461537,1.1666666666666667,1.4444444444444444,1.5,1.6,1.5,1.4444444444444444,1.8333333333333333,1.25,1.6,1.2857142857142858,1.375,1.1111111111111112,2.0,1.0,1.2222222222222223,1.2222222222222223,1.0,1.375,1.0,1.2,1.5,1.25,1.0,1.3333333333333333,1.1818181818181819,1.0,1.4,1.0,1.2,1.25,1.0,1.0,1.3333333333333333
VIERNES,238.0,0.0,1.0,1.0,0.0,0.0,0.0,0.0,0.0,0.0,0.0,0.0,0.0,0.0,1.0,0.0,0.0,1.0,1.0,0.0,0.0,0.0,0.0,1.0,1.0,1.5,1.0,1.1428571428571428,1.0,1.2,1.1666666666666667,1.0,1.2,1.1666666666666667,1.4285714285714286,1.2222222222222223,1.0,1.0,1.2,1.4444444444444444,1.0909090909090908,1.3,1.2857142857142858,1.3333333333333333,1.6,1.3333333333333333,1.1,1.1428571428571428,1.1428571428571428,1.4166666666666667,1.4285714285714286,1.0,1.0,1.6,1.3333333333333333,1.2857142857142858,1.0,1.0,1.4285714285714286,1.25,1.0,1.0,1.0,1.1111111111111112,1.2,1.5,1.0,1.0,1.25,1.0,1.0,1.8333333333333333,1.2857142857142858,1.4,1.0,1.2,1.0,1.0,1.25,1.0,1.75,1.0,1.0,1.0,1.0,1.0,1.3333333333333333,1.3333333333333333,1.0,1.0,1.0,1.0,1.0,1.0,1.5,1.0,2.0
VIERNES,239.0,2.0,1.0,1.0,0.0,1.0,1.0,1.0,0.0,0.0,0.0,1.0,0.0,0.0,1.0,0.0,0.0,0.0,1.0,0.0,1.0,0.0,1.0,1.0,0.0,1.0,1.0,1.5,0.0,1.0,1.2,1.0,1.0,1.0,1.4444444444444444,1.1,1.2,1.2222222222222223,1.0,1.0,1.1428571428571428,1.4,1.25,1.2,1.0,1.1,1.3333333333333333,1.0,1.0,1.5,1.0,1.0,1.25,1.0,1.0,1.0,1.2,1.2,1.3333333333333333,1.0,1.2,1.0,1.1428571428571428,1.0,1.0,1.0,1.5,1.5,1.25,1.0,1.3333333333333333,1.1666666666666667,1.2,1.3333333333333333,1.1428571428571428,1.4,1.0,1.2,1.5,1.0,1.75,1.2,1.0,1.1666666666666667,1.5,1.3,1.0,1.0,1.2,1.375,1.5,1.3333333333333333,2.0,1.0,1.0,1.5,0.0
VIERNES,243.0,0.0,1.0,0.0,0.0,0.0,1.0,0.0,0.0,0.0,0.0,0.0,1.0,0.0,0.0,0.0,0.0,1.0,0.0,0.0,0.0,1.0,0.0,0.0,0.0,1.0,0.0,1.0,1.0,1.4,1.0,1.0,1.75,1.0,1.0,1.0,1.2857142857142858,1.0,1.5,1.25,1.2,1.5,1.25,1.0,1.1666666666666667,1.25,1.1666666666666667,1.2,1.2,1.0,0.0,1.0,1.4,1.2,1.0,1.0,1.0,2.0,1.0,1.0,2.0,1.0,1.0,1.5,1.3333333333333333,1.0,1.0,1.0,1.0,0.0,1.0,1.0,1.0,0.0,1.0,1.0,0.0,0.0,1.0,1.5,1.0,1.0,1.0,1.0,1.0,1.0,2.0,1.0,0.0,1.0,1.0,0.0,1.0,0.0,1.0,1.5,1.0
VIERNES,244.0,1.0,0.0,0.0,1.0,0.0,0.0,0.0,0.0,0.0,0.0,0.0,0.0,0.0,0.0,0.0,1.0,0.0,0.0,0.0,1.0,1.0,1.0,1.0,1.0,1.0,0.0,1.0,1.2,1.4285714285714286,1.4,1.0,1.25,1.2857142857142858,1.0,1.25,1.0,1.75,1.0,1.3333333333333333,1.5,1.625,1.125,1.0769230769230769,1.2222222222222223,1.3,1.2857142857142858,1.25,1.6,1.3333333333333333,1.1666666666666667,1.3333333333333333,1.5,1.1,1.0,1.5,2.0,1.0,1.1666666666666667,1.0,1.125,1.0,1.0,1.2857142857142858,1.0,1.0,1.0,1.0,1.0,1.0,1.0,1.0,1.0,1.0,1.0,1.0,1.0,1.0,1.0,1.0,1.0,1.1666666666666667,1.0,1.0,1.25,1.0,1.0,1.0,1.0,1.0,0.0,1.0,1.0,1.0,1.0,1.0,1.0
VIERNES,246.0,1.0,1.0,1.0,0.0,1.0,1.0,0.0,0.0,0.0,1.0,0.0,0.0,0.0,0.0,0.0,0.0,0.0,0.0,0.0,1.0,0.0,1.4,0.0,0.0,1.0,1.25,1.0,1.1666666666666667,1.0,1.2222222222222223,1.0,1.5,1.1111111111111112,1.2222222222222223,1.0909090909090908,1.7,1.4285714285714286,1.7,1.1666666666666667,1.25,1.3846153846153846,1.6666666666666667,1.9,1.3333333333333333,1.5,1.5555555555555556,1.2857142857142858,1.3,1.1111111111111112,1.2727272727272727,1.4444444444444444,1.3333333333333333,1.2222222222222223,1.4285714285714286,1.3636363636363635,1.4285714285714286,1.0833333333333333,1.1111111111111112,1.8333333333333333,1.5,1.2857142857142858,1.3333333333333333,1.7142857142857142,1.4285714285714286,1.4,1.4285714285714286,1.3636363636363635,1.3846153846153846,1.2,1.7142857142857142,1.4545454545454546,2.2,1.7692307692307692,1.5454545454545454,1.4166666666666667,1.4444444444444444,1.75,2.0,1.5384615384615385,2.0,1.8,1.5454545454545454,1.1666666666666667,2.0,1.6,1.375,1.5833333333333333,1.2,1.3,1.5555555555555556,1.4444444444444444,1.2,2.0,1.0,1.0,1.0
VIERNES,249.0,1.25,1.3333333333333333,1.0,1.0,1.0,1.5,1.0,1.25,1.0,0.0,0.0,1.0,0.0,1.0,1.0,0.0,0.0,0.0,0.0,0.0,0.0,1.0,0.0,0.0,1.0,0.0,1.0,1.0,1.0,1.0,1.0,1.0,1.4285714285714286,1.0,1.375,1.4,1.0,1.0,1.3333333333333333,2.0,1.25,1.75,1.3,1.3333333333333333,1.375,1.5,1.125,1.4444444444444444,1.0,1.2,1.25,1.1666666666666667,1.4,1.2857142857142858,1.25,1.0,1.2,1.0,1.0,1.1666666666666667,1.0,1.2,1.1666666666666667,1.1428571428571428,1.2,1.2,1.4,1.3333333333333333,1.1428571428571428,1.4,1.125,1.0,1.2,1.4,1.2857142857142858,1.5714285714285714,1.3636363636363635,1.6666666666666667,1.25,1.5,1.7777777777777777,1.4,1.5,1.4545454545454546,1.9,1.4615384615384615,1.4,1.9230769230769231,1.5454545454545454,1.0833333333333333,1.8571428571428572,1.4444444444444444,1.5833333333333333,1.5,1.2222222222222223,2.0
VIERNES,261.0,1.0,0.0,0.0,0.0,1.0,1.0,0.0,0.0,0.0,0.0,0.0,0.0,0.0,0.0,0.0,0.0,0.0,0.0,0.0,0.0,0.0,0.0,0.0,0.0,0.0,0.0,1.0,1.0,1.0,1.0,1.1666666666666667,1.0,1.0,1.0,1.0,1.3333333333333333,1.1428571428571428,1.25,1.0,1.0,1.0,1.0,1.0,1.0,1.0,1.5,1.0,1.3333333333333333,1.0,1.5,1.0,1.0,1.25,1.0,1.0,1.1428571428571428,1.25,1.0,1.0,1.0,1.0,1.5,1.0,1.3333333333333333,1.2,1.2,1.1666666666666667,1.0,1.2,1.1666666666666667,1.0,2.0,1.0,1.0,1.0,1.0,1.0,1.0,1.25,1.0,1.0,1.0,1.0,1.0,1.0,1.0,1.5,1.0,0.0,1.0,2.0,0.0,1.3333333333333333,1.0,1.5,1.0
VIERNES,262.0,0.0,1.0,0.0,0.0,0.0,0.0,1.0,0.0,1.0,1.0,1.0,1.0,1.0,0.0,0.0,1.0,1.0,0.0,1.0,1.0,0.0,0.0,1.0,0.0,1.0,1.3333333333333333,1.0,1.0,1.25,1.5555555555555556,1.0,1.0,1.0,1.0,1.3333333333333333,1.2,1.125,1.6666666666666667,1.0,1.0,1.375,1.3333333333333333,1.0,1.2,1.2857142857142858,1.0,1.25,1.25,1.0,1.0,1.0,2.0,1.1428571428571428,1.1666666666666667,1.0,1.0,1.0,1.0,1.0,1.3333333333333333,1.3333333333333333,1.3333333333333333,1.25,1.0,1.1818181818181819,1.0,1.5,1.0,1.5,1.6666666666666667,1.0,1.4285714285714286,1.0,1.2857142857142858,1.0,1.2857142857142858,1.2,1.4,1.0,1.25,1.0,1.1666666666666667,1.0,1.0,2.0,1.0,1.0,1.0,1.0,1.0,1.0,0.0,1.3333333333333333,0.0,0.0,2.0
VIERNES,263.0,1.0,0.0,1.0,0.0,1.0,1.0,0.0,0.0,0.0,1.0,0.0,1.0,1.0,0.0,0.0,0.0,1.0,0.0,1.0,0.0,0.0,0.0,0.0,0.0,0.0,1.0,1.0,1.0,0.0,1.0,1.0,1.0,1.1428571428571428,1.1428571428571428,1.0,1.25,1.0,1.0,1.0,1.0,1.3333333333333333,1.0,1.0,1.25,1.0,1.0,1.6,2.0,1.2,1.0,1.0,1.3333333333333333,1.3333333333333333,1.2,1.3333333333333333,1.3333333333333333,1.0,1.0,1.5,1.0,1.1666666666666667,1.25,1.6,1.4,2.0,1.0,1.5,1.0,1.0,1.0,1.6,1.4285714285714286,1.1428571428571428,1.3333333333333333,1.1111111111111112,1.375,1.6666666666666667,1.4,1.4285714285714286,1.0,1.0,1.375,1.2857142857142858,1.0,1.0,1.0,1.3333333333333333,1.1666666666666667,1.0,1.2857142857142858,1.0,1.0,1.0,1.0,1.0,1.0
