PUlocationID,DOlocationID,n_viajes,pct,pct_acum,frecuente_80,macrozona_origen,macrozona_destino
237.0,236.0,1960,0.006685312777133501,0.006685312777133501,True,1,1
236.0,237.0,1654,0.005641585374172863,0.012326898151306364,True,1,1
237.0,237.0,1413,0.004819564772494713,0.01714646292380108,True,1,1
236.0,236.0,1322,0.004509175250699229,0.021655638174500308,True,1,1
161.0,237.0,829,0.0028276144348182005,0.02448325260931851,True,0,1
239.0,142.0,774,0.0026400163721945562,0.027123268981513064,True,0,0
161.0,236.0,758,0.0025854423903404053,0.02970871137185347,True,0,1
237.0,161.0,716,0.0024421856879732586,0.03215089705982673,True,1,0
239.0,238.0,707,0.0024114878231802986,0.03456238488300703,True,0,1
142.0,239.0,691,0.0023569138413261476,0.03691929872433318,True,0,0
48.0,68.0,691,0.0023569138413261476,0.03927621256565933,True,0,0
186.0,230.0,685,0.002336448598130841,0.04161266116379017,True,0,0
141.0,236.0,670,0.0022852854901425747,0.04389794665393275,True,1,1
238.0,239.0,667,0.0022750528685449214,0.04617299952247767,True,1,0
237.0,162.0,648,0.0022102462650931166,0.04838324578757079,True,1,0
236.0,141.0,645,0.0022000136434954637,0.05058325943106626,True,1,1
263.0,236.0,631,0.0021522614093730814,0.05273552084043934,True,1,1
249.0,79.0,609,0.0020772221843236237,0.05481274302476296,True,2,0
79.0,79.0,602,0.0020533460672624328,0.056866089092025396,True,0,0
263.0,141.0,598,0.0020397025717988947,0.05890579166382429,True,1,1
236.0,239.0,594,0.002026059076335357,0.06093185074015965,True,1,0
162.0,237.0,582,0.0019851285899447437,0.0629169793301044,True,0,1
237.0,141.0,579,0.0019748959683470904,0.06489187529845149,True,1,1
237.0,263.0,567,0.0019339654819564773,0.06682584078040796,True,1,1
141.0,237.0,558,0.0019032676171635173,0.06872910839757147,True,1,1
239.0,236.0,555,0.001893034995565864,0.07062214339313734,True,0,1
239.0,239.0,554,0.0018896241216999796,0.07251176751483732,True,0,0
142.0,238.0,552,0.0018828023739682106,0.07439456988880552,True,0,1
79.0,107.0,551,0.0018793915001023263,0.07627396138890785,True,0,0
161.0,234.0,547,0.0018657480046387885,0.07813970939354664,True,0,0
68.0,48.0,545,0.0018589262569070196,0.07999863565045366,True,0,0
107.0,170.0,543,0.0018521045091752506,0.08185074015962891,True,0,0
262.0,236.0,528,0.0018009414011869842,0.0836516815608159,True,1,1
79.0,170.0,527,0.0017975305273210996,0.085449212088137,True,0,0
48.0,48.0,525,0.0017907087795893308,0.08723992086772632,True,0,0
68.0,68.0,520,0.0017736544102599087,0.08901357527798623,True,0,0
141.0,263.0,517,0.0017634217886622553,0.09077699706664849,True,1,1
236.0,161.0,516,0.0017600109147963708,0.09253700798144486,True,1,0
79.0,249.0,514,0.001753189167064602,0.09429019714850946,True,0,2
249.0,231.0,509,0.0017361347977351799,0.09602633194624464,True,2,2
236.0,238.0,506,0.0017259021761375265,0.09775223412238217,True,1,1
142.0,237.0,502,0.0017122586806739887,0.09946449280305615,True,0,1
237.0,142.0,496,0.001691793437478682,0.10115628624053483,True,1,0
238.0,142.0,489,0.001667917320417491,0.10282420356095232,True,1,0
141.0,141.0,489,0.001667917320417491,0.1044921208813698,True,1,1
236.0,262.0,489,0.001667917320417491,0.1061600382017873,True,1,1
161.0,164.0,487,0.001661095572685722,0.10782113377447301,True,0,0
236.0,142.0,482,0.0016440412033562998,0.10946517497782932,True,1,0
236.0,263.0,480,0.001637219455624531,0.11110239443345385,True,1,1
236.0,162.0,478,0.0016303977078927622,0.11273279214134661,True,1,0
234.0,170.0,471,0.001606521590831571,0.11433931373217819,True,0,0
186.0,107.0,470,0.0016031107169656865,0.11594242444914388,True,0,0
186.0,161.0,470,0.0016031107169656865,0.11754553516610956,True,0,0
163.0,237.0,465,0.0015860563476362644,0.11913159151374583,True,0,1
142.0,236.0,464,0.00158264547377038,0.12071423698751621,True,0,1
238.0,236.0,464,0.00158264547377038,0.12229688246128659,True,1,1
140.0,236.0,459,0.0015655911044409577,0.12386247356572755,True,1,1
162.0,236.0,458,0.0015621802305750734,0.12542465379630263,True,0,1
161.0,161.0,455,0.00155194760897742,0.12697660140528005,True,0,0
237.0,140.0,449,0.0015314823657821134,0.12850808377106215,True,1,1
163.0,236.0,448,0.0015280714919162289,0.13003615526297838,True,0,1
186.0,170.0,446,0.00152124974418446,0.13155740500716284,True,0,0
142.0,48.0,445,0.0015178388703185755,0.13307524387748143,True,0,0
230.0,186.0,445,0.0015178388703185755,0.13459308274780002,True,0,0
148.0,79.0,440,0.0015007845009891534,0.13609386724878916,True,2,0
68.0,230.0,439,0.001497373627123269,0.13759124087591243,True,0,0
263.0,237.0,436,0.0014871410055256158,0.13907838188143803,True,1,1
236.0,75.0,433,0.0014769083839279624,0.140555290265366,True,1,1
236.0,140.0,432,0.001473497510062078,0.14202878777542807,True,1,1
161.0,230.0,430,0.001466675762330309,0.14349546353775838,True,0,0
230.0,230.0,426,0.0014530322668667712,0.14494849580462515,True,0,0
237.0,229.0,426,0.0014530322668667712,0.14640152807149193,True,1,0
249.0,68.0,424,0.0014462105191350024,0.14784773859062694,True,2,0
229.0,237.0,424,0.0014462105191350024,0.14929394910976196,True,0,1
142.0,161.0,416,0.001418923528207927,0.1507128726379699,True,0,0
238.0,238.0,414,0.001412101780476158,0.15212497441844605,True,1,1
186.0,234.0,414,0.001412101780476158,0.1535370761989222,True,0,0
249.0,234.0,414,0.001412101780476158,0.15494917797939836,True,2,0
246.0,48.0,413,0.0014086909066102736,0.15635786888600864,True,0,0
170.0,170.0,411,0.0014018691588785046,0.15775973804488713,True,0,0
249.0,170.0,410,0.0013984582850126203,0.15915819632989975,True,2,0
142.0,142.0,409,0.0013950474111467358,0.1605532437410465,True,0,0
163.0,161.0,408,0.0013916365372808515,0.16194488027832735,True,0,0
237.0,239.0,407,0.001388225663414967,0.1633331059417423,True,1,0
161.0,186.0,406,0.0013848147895490824,0.16471792073129138,True,0,0
141.0,229.0,405,0.0013814039156831981,0.16609932464697458,True,1,0
234.0,68.0,404,0.0013779930418173136,0.1674773176887919,True,0,0
162.0,170.0,403,0.001374582167951429,0.16885189985674331,True,0,0
161.0,163.0,400,0.0013643495463537757,0.1702162494030971,True,0,0
79.0,148.0,400,0.0013643495463537757,0.17158059894945088,True,0,2
48.0,246.0,398,0.001357527798622007,0.17293812674807288,True,0,0
162.0,141.0,396,0.0013507060508902381,0.17428883279896312,True,0,1
239.0,151.0,395,0.0013472951770243536,0.1756361279759875,True,0,1
140.0,237.0,395,0.0013472951770243536,0.17698342315301185,True,1,1
237.0,262.0,394,0.0013438843031584693,0.17832730745617031,True,1,1
170.0,234.0,394,0.0013438843031584693,0.17967119175932877,True,0,0
237.0,163.0,393,0.0013404734292925848,0.18101166518862136,True,1,0
230.0,68.0,386,0.0013165973122313936,0.18232826250085274,True,0,0
262.0,237.0,385,0.0013131864383655093,0.18364144893921824,True,1,1
161.0,141.0,385,0.0013131864383655093,0.18495463537758375,True,0,1
162.0,230.0,383,0.0013063646906337403,0.1862610000682175,True,0,0
161.0,170.0,381,0.0012995429429019714,0.18756054301111946,True,0,0
170.0,237.0,380,0.0012961320690360871,0.18885667508015555,True,0,1
249.0,107.0,379,0.0012927211951702026,0.19014939627532576,True,2,0
151.0,239.0,379,0.0012927211951702026,0.19144211747049597,True,1,0
79.0,137.0,378,0.0012893103213043181,0.19273142779180027,True,0,0
239.0,237.0,377,0.0012858994474384338,0.1940173272392387,True,0,1
186.0,48.0,377,0.0012858994474384338,0.19530322668667713,True,0,0
161.0,68.0,376,0.0012824885735725493,0.19658571526024968,True,0,0
114.0,79.0,376,0.0012824885735725493,0.19786820383382223,True,2,0
140.0,263.0,374,0.0012756668258407805,0.19914387065966302,True,1,1
170.0,107.0,372,0.0012688450781090114,0.20041271573777203,True,0,0
142.0,230.0,370,0.0012620233303772426,0.20167473906814928,True,0,0
161.0,142.0,370,0.0012620233303772426,0.20293676239852654,True,0,0
43.0,161.0,365,0.0012449689610478205,0.20418173135957435,True,1,0
186.0,79.0,364,0.001241558087181936,0.20542328944675628,True,0,0
142.0,163.0,363,0.0012381472133160517,0.20666143666007233,True,0,0
162.0,107.0,363,0.0012381472133160517,0.2078995838733884,True,0,0
68.0,246.0,363,0.0012381472133160517,0.20913773108670444,True,0,0
239.0,143.0,362,0.0012347363394501671,0.21037246742615462,True,0,0
237.0,170.0,361,0.0012313254655842826,0.2116037928917389,True,1,0
236.0,163.0,360,0.0012279145917183983,0.21283170748345728,True,1,0
68.0,249.0,360,0.0012279145917183983,0.21405962207517568,True,0,2
249.0,246.0,354,0.0012074493485230917,0.21526707142369877,True,2,0
163.0,230.0,353,0.0012040384746572071,0.216471109898356,True,0,0
170.0,186.0,350,0.0011938058530595538,0.21766491575141556,True,0,0
143.0,239.0,350,0.0011938058530595538,0.21885872160447511,True,0,0
249.0,90.0,348,0.001186984105327785,0.2200457057098029,True,2,0
234.0,161.0,345,0.0011767514837301317,0.22122245719353303,True,0,0
164.0,230.0,341,0.0011631079882665938,0.22238556518179964,True,0,0
234.0,249.0,340,0.0011596971144007095,0.22354526229620034,True,0,2
186.0,162.0,340,0.0011596971144007095,0.22470495941060104,True,0,0
140.0,262.0,339,0.001156286240534825,0.22586124565113586,True,1,1
170.0,79.0,339,0.001156286240534825,0.22701753189167068,True,0,0
48.0,142.0,337,0.0011494644928030562,0.22816699638447374,True,0,0
107.0,79.0,336,0.0011460536189371717,0.2293130500034109,True,0,0
142.0,143.0,335,0.0011426427450712874,0.23045569274848218,True,0,0
164.0,161.0,335,0.0011426427450712874,0.23159833549355346,True,0,0
234.0,79.0,335,0.0011426427450712874,0.23274097823862475,True,0,0
230.0,161.0,335,0.0011426427450712874,0.23388362098369603,True,0,0
90.0,249.0,334,0.0011392318712054028,0.23502285285490143,True,0,2
90.0,68.0,333,0.0011358209973395183,0.23615867385224096,True,0,0
162.0,162.0,332,0.001132410123473634,0.23729108397571458,True,0,0
79.0,68.0,331,0.0011289992496077495,0.23842008322532232,True,0,0
249.0,249.0,329,0.0011221775018759807,0.2395422607271983,True,2,2
164.0,234.0,327,0.0011153557541442117,0.2406576164813425,True,0,0
161.0,229.0,327,0.0011153557541442117,0.24177297223548672,True,0,0
162.0,234.0,326,0.0011119448802783274,0.24288491711576504,True,0,0
186.0,163.0,326,0.0011119448802783274,0.24399686199604337,True,0,0
161.0,48.0,324,0.0011051231325465583,0.24510198512858994,True,0,0
114.0,249.0,324,0.0011051231325465583,0.2462071082611365,True,2,2
237.0,238.0,323,0.001101712258680674,0.24730882051981717,True,1,1
48.0,239.0,321,0.0010948905109489052,0.24840371103076608,True,0,0
230.0,163.0,321,0.0010948905109489052,0.249498601541715,True,0,0
262.0,140.0,319,0.0010880687632171362,0.25058667030493215,True,1,1
263.0,75.0,318,0.0010846578893512519,0.2516713281942834,True,1,1
158.0,231.0,318,0.0010846578893512519,0.25275598608363464,True,2,2
229.0,140.0,318,0.0010846578893512519,0.2538406439729859,True,0,1
231.0,231.0,317,0.0010812470154853674,0.25492189098847123,True,2,2
114.0,170.0,317,0.0010812470154853674,0.2560031380039566,True,2,0
68.0,234.0,316,0.0010778361416194828,0.25708097414557607,True,0,0
229.0,236.0,315,0.0010744252677535985,0.25815539941332966,True,0,1
239.0,48.0,313,0.0010676035200218295,0.2592230029333515,True,0,0
142.0,68.0,313,0.0010676035200218295,0.2602906064533733,True,0,0
79.0,186.0,312,0.0010641926461559452,0.26135479909952924,True,0,0
114.0,231.0,309,0.0010539600245582919,0.2624087591240875,True,2,2
79.0,233.0,309,0.0010539600245582919,0.2634627191486458,True,0,0
229.0,141.0,308,0.0010505491506924074,0.2645132682993382,True,0,1
141.0,162.0,308,0.0010505491506924074,0.2655638174500306,True,1,0
141.0,262.0,308,0.0010505491506924074,0.266614366600723,True,1,1
263.0,140.0,306,0.0010437274029606385,0.2676580940036837,True,1,1
234.0,186.0,306,0.0010437274029606385,0.26870182140664434,True,0,0
170.0,229.0,305,0.001040316529094754,0.2697421379357391,True,0,0
43.0,237.0,304,0.0010369056552288697,0.27077904359096794,True,1,1
79.0,90.0,304,0.0010369056552288697,0.2718159492461968,True,0,0
170.0,161.0,304,0.0010369056552288697,0.27285285490142563,True,0,0
263.0,263.0,303,0.0010334947813629852,0.27388634968278863,True,1,1
186.0,68.0,302,0.0010300839074971007,0.2749164335902857,True,0,0
170.0,162.0,301,0.0010266730336312164,0.27594310662391697,True,0,0
162.0,186.0,301,0.0010266730336312164,0.2769697796575482,True,0,0
79.0,114.0,301,0.0010266730336312164,0.27799645269117945,True,0,2
43.0,236.0,300,0.0010232621597653319,0.2790197148509448,True,1,1
238.0,151.0,300,0.0010232621597653319,0.2800429770107101,True,1,1
230.0,142.0,299,0.0010198512858994473,0.28106282829660956,True,0,0
140.0,141.0,297,0.0010130295381676785,0.28207585783477723,True,1,1
79.0,234.0,297,0.0010130295381676785,0.2830888873729449,True,0,0
249.0,144.0,296,0.001009618664301794,0.2840985060372467,True,2,2
170.0,230.0,296,0.001009618664301794,0.28510812470154845,True,0,0
234.0,246.0,296,0.001009618664301794,0.2861177433658502,True,0,0
162.0,161.0,295,0.0010062077904359097,0.28712395115628614,True,0,0
143.0,238.0,294,0.0010027969165700252,0.28812674807285615,True,0,1
114.0,234.0,293,0.000999386042704141,0.2891261341155603,True,2,0
237.0,43.0,293,0.000999386042704141,0.2901255201582645,True,1,1
249.0,186.0,293,0.000999386042704141,0.29112490620096865,True,2,0
186.0,249.0,293,0.000999386042704141,0.2921242922436728,True,0,2
79.0,231.0,292,0.0009959751688382564,0.29312026741251107,True,0,2
170.0,141.0,292,0.0009959751688382564,0.29411624258134933,True,0,1
163.0,142.0,292,0.0009959751688382564,0.2951122177501876,True,0,0
246.0,230.0,290,0.0009891534211064876,0.2961013711712941,True,0,0
151.0,238.0,290,0.0009891534211064876,0.2970905245924006,True,1,1
43.0,239.0,288,0.0009823316733747185,0.2980728562657753,True,1,0
164.0,170.0,288,0.0009823316733747185,0.29905518793915,True,0,0
148.0,107.0,288,0.0009823316733747185,0.3000375196125247,True,2,0
230.0,237.0,287,0.0009789207995088342,0.3010164404120335,True,0,1
234.0,230.0,286,0.0009755099256429497,0.30199195033767645,True,0,0
186.0,137.0,285,0.0009720990517770653,0.30296404938945354,True,0,0
170.0,68.0,285,0.0009720990517770653,0.3039361484412306,True,0,0
162.0,229.0,284,0.0009686881779111809,0.3049048366191418,True,0,0
246.0,68.0,283,0.0009652773040452964,0.3058701139231871,True,0,0
236.0,229.0,282,0.000961866430179412,0.3068319803533665,True,1,0
236.0,43.0,281,0.0009584555563135276,0.30779043590968,True,1,1
48.0,161.0,281,0.0009584555563135276,0.30874889146599355,True,0,0
141.0,140.0,281,0.0009584555563135276,0.30970734702230707,True,1,1
186.0,246.0,280,0.000955044682447643,0.31066239170475474,True,0,0
79.0,144.0,279,0.0009516338085817586,0.3116140255133365,True,0,2
163.0,239.0,279,0.0009516338085817586,0.31256565932191827,True,0,0
237.0,230.0,279,0.0009516338085817586,0.31351729313050003,True,1,0
170.0,236.0,278,0.0009482229347158742,0.3144655160652159,True,0,1
231.0,249.0,278,0.0009482229347158742,0.31541373899993175,True,2,2
48.0,50.0,276,0.0009414011869841053,0.31635514018691585,True,0,0
161.0,162.0,276,0.0009414011869841053,0.31729654137389995,True,0,0
113.0,79.0,275,0.0009379903131182209,0.31823453168701815,True,0,0
140.0,140.0,275,0.0009379903131182209,0.31917252200013635,True,1,1
43.0,230.0,275,0.0009379903131182209,0.32011051231325455,True,1,0
249.0,48.0,275,0.0009379903131182209,0.32104850262637274,True,2,0
263.0,229.0,274,0.0009345794392523365,0.3219830820656251,True,1,0
79.0,162.0,274,0.0009345794392523365,0.32291766150487744,True,0,0
249.0,211.0,273,0.000931168565386452,0.3238488300702639,True,2,2
238.0,166.0,273,0.000931168565386452,0.3247799986356503,True,1,1
237.0,234.0,271,0.0009243468176546832,0.325704345453305,True,1,0
79.0,229.0,271,0.0009243468176546832,0.3266286922709597,True,0,0
48.0,230.0,270,0.0009209359437887986,0.3275496282147485,True,0,0
163.0,162.0,270,0.0009209359437887986,0.32847056415853726,True,0,0
186.0,237.0,270,0.0009209359437887986,0.32939150010232604,True,0,1
140.0,162.0,270,0.0009209359437887986,0.3303124360461148,True,1,0
230.0,48.0,270,0.0009209359437887986,0.3312333719899036,True,0,0
162.0,140.0,270,0.0009209359437887986,0.3321543079336924,True,0,1
68.0,50.0,269,0.0009175250699229142,0.3330718330036153,True,0,0
107.0,162.0,268,0.0009141141960570298,0.33398594719967234,True,0,0
238.0,143.0,268,0.0009141141960570298,0.33490006139572936,True,1,0
230.0,164.0,268,0.0009141141960570298,0.3358141755917864,True,0,0
162.0,263.0,267,0.0009107033221911454,0.3367248789139775,True,0,1
262.0,141.0,267,0.0009107033221911454,0.33763558223616863,True,1,1
230.0,239.0,266,0.0009072924483252609,0.3385428746844939,True,0,0
249.0,148.0,265,0.0009038815744593765,0.33944675625895326,True,2,2
100.0,230.0,265,0.0009038815744593765,0.34035063783341263,True,0,0
144.0,79.0,265,0.0009038815744593765,0.341254519407872,True,2,0
238.0,237.0,264,0.0009004707005934921,0.3421549901084655,True,1,1
239.0,163.0,264,0.0009004707005934921,0.343055460809059,True,0,0
148.0,148.0,263,0.0008970598267276076,0.34395252063578663,True,2,2
234.0,231.0,263,0.0008970598267276076,0.34484958046251424,True,0,2
114.0,107.0,262,0.0008936489528617232,0.34574322941537594,True,2,0
90.0,246.0,261,0.0008902380789958387,0.3466334674943718,True,0,0
246.0,246.0,260,0.0008868272051299543,0.34752029469950174,True,0,0
68.0,90.0,260,0.0008868272051299543,0.3484071219046317,True,0,0
170.0,249.0,260,0.0008868272051299543,0.34929394910976164,True,0,2
239.0,263.0,259,0.0008834163312640698,0.35017736544102573,True,0,1
137.0,79.0,259,0.0008834163312640698,0.35106078177228983,True,0,0
186.0,90.0,258,0.0008800054573981854,0.351940787229688,True,0,0
186.0,164.0,258,0.0008800054573981854,0.3528207926870862,True,0,0
68.0,161.0,258,0.0008800054573981854,0.3537007981444844,True,0,0
48.0,186.0,258,0.0008800054573981854,0.3545808036018826,True,0,0
239.0,161.0,258,0.0008800054573981854,0.3554608090592808,True,0,0
68.0,79.0,258,0.0008800054573981854,0.356340814516679,True,0,0
43.0,142.0,257,0.000876594583532301,0.35721740910021127,True,1,0
161.0,239.0,257,0.000876594583532301,0.35809400368374356,True,0,0
107.0,229.0,257,0.000876594583532301,0.35897059826727584,True,0,0
100.0,161.0,256,0.0008731837096664165,0.3598437819769423,True,0,0
234.0,114.0,256,0.0008731837096664165,0.3607169656866087,True,0,2
263.0,262.0,256,0.0008731837096664165,0.36159014939627515,True,1,1
229.0,263.0,256,0.0008731837096664165,0.3624633331059416,True,0,1
170.0,164.0,256,0.0008731837096664165,0.363336516815608,True,0,0
162.0,163.0,255,0.0008697728358005321,0.36420628965140855,True,0,0
239.0,230.0,254,0.0008663619619346477,0.3650726516133432,True,0,0
186.0,236.0,254,0.0008663619619346477,0.3659390135752778,True,0,1
114.0,68.0,254,0.0008663619619346477,0.36680537553721243,True,2,0
107.0,137.0,252,0.0008595402142028787,0.3676649157514153,True,0,0
48.0,143.0,252,0.0008595402142028787,0.36852445596561817,True,0,0
163.0,164.0,251,0.0008561293403369943,0.3693805853059552,True,0,0
161.0,263.0,251,0.0008561293403369943,0.3702367146462922,True,0,1
186.0,50.0,250,0.0008527184664711099,0.3710894331127633,True,0,0
148.0,249.0,250,0.0008527184664711099,0.37194215157923444,True,2,2
236.0,74.0,250,0.0008527184664711099,0.37279487004570555,True,1,1
161.0,140.0,250,0.0008527184664711099,0.37364758851217666,True,0,1
162.0,68.0,250,0.0008527184664711099,0.3745003069786478,True,0,0
163.0,68.0,250,0.0008527184664711099,0.3753530254451189,True,0,0
162.0,164.0,250,0.0008527184664711099,0.37620574391159,True,0,0
43.0,43.0,249,0.0008493075926052254,0.3770550515041952,True,1,1
229.0,162.0,249,0.0008493075926052254,0.3779043590968004,True,0,0
141.0,142.0,249,0.0008493075926052254,0.37875366668940563,True,1,0
142.0,141.0,248,0.000845896718739341,0.379599563408145,True,0,1
68.0,164.0,248,0.000845896718739341,0.38044546012688435,True,0,0
234.0,164.0,248,0.000845896718739341,0.3812913568456237,True,0,0
163.0,186.0,245,0.0008356640971416877,0.3821270209427654,True,0,0
162.0,79.0,245,0.0008356640971416877,0.3829626850399071,True,0,0
186.0,141.0,245,0.0008356640971416877,0.3837983491370488,True,0,1
161.0,107.0,245,0.0008356640971416877,0.3846340132341905,True,0,0
141.0,161.0,245,0.0008356640971416877,0.3854696773313322,True,1,0
230.0,162.0,244,0.0008322532232758033,0.386301930554608,True,0,0
186.0,233.0,244,0.0008322532232758033,0.3871341837778838,True,0,0
249.0,164.0,244,0.0008322532232758033,0.38796643700115957,True,2,0
249.0,114.0,244,0.0008322532232758033,0.38879869022443536,True,2,2
140.0,229.0,243,0.0008288423494099188,0.3896275325738453,True,1,0
148.0,170.0,242,0.0008254314755440343,0.39045296404938934,True,2,0
234.0,237.0,241,0.0008220206016781499,0.39127498465106747,True,0,1
141.0,170.0,241,0.0008220206016781499,0.3920970052527456,True,1,0
107.0,249.0,241,0.0008220206016781499,0.39291902585442373,True,0,2
113.0,170.0,240,0.0008186097278122655,0.393737635582236,True,0,0
230.0,236.0,240,0.0008186097278122655,0.3945562453100483,True,0,1
107.0,237.0,239,0.0008151988539463811,0.39537144416399467,True,0,1
186.0,231.0,239,0.0008151988539463811,0.39618664301794104,True,0,2
48.0,163.0,238,0.0008117879800804966,0.3969984309980215,True,0,0
231.0,79.0,238,0.0008117879800804966,0.397810218978102,True,2,0
161.0,79.0,238,0.0008117879800804966,0.39862200695818245,True,0,0
161.0,113.0,237,0.0008083771062146122,0.39943038406439707,True,0,0
107.0,186.0,237,0.0008083771062146122,0.4002387611706117,True,0,0
237.0,75.0,237,0.0008083771062146122,0.4010471382768263,True,1,1
107.0,107.0,234,0.0007981444846169588,0.40184528276144327,True,0,0
79.0,87.0,233,0.0007947336107510744,0.4026400163721943,True,0,2
142.0,162.0,233,0.0007947336107510744,0.4034347499829454,True,0,0
164.0,68.0,233,0.0007947336107510744,0.4042294835936964,True,0,0
114.0,90.0,233,0.0007947336107510744,0.4050242172044475,True,2,0
68.0,170.0,232,0.00079132273688519,0.4058155399413327,True,0,0
68.0,163.0,232,0.00079132273688519,0.4066068626782179,True,0,0
237.0,164.0,231,0.0007879118630193055,0.4073947745412372,True,1,0
229.0,170.0,231,0.0007879118630193055,0.4081826864042565,True,0,0
230.0,246.0,230,0.0007845009891534211,0.4089671873934099,True,0,0
163.0,48.0,230,0.0007845009891534211,0.4097516883825634,True,0,0
164.0,237.0,229,0.0007810901152875367,0.4105327784978509,True,0,1
163.0,170.0,229,0.0007810901152875367,0.41131386861313846,True,0,0
144.0,249.0,229,0.0007810901152875367,0.412094958728426,True,2,2
161.0,246.0,228,0.0007776792414216522,0.41287263796984763,True,0,0
229.0,161.0,228,0.0007776792414216522,0.41365031721126927,True,0,0
107.0,68.0,227,0.0007742683675557678,0.41442458557882506,True,0,0
234.0,113.0,227,0.0007742683675557678,0.41519885394638084,True,0,0
68.0,186.0,227,0.0007742683675557678,0.4159731223139366,True,0,0
239.0,141.0,226,0.0007708574936898834,0.4167439798076265,True,0,1
79.0,141.0,225,0.000767446619823999,0.4175114264274505,True,0,1
230.0,234.0,225,0.000767446619823999,0.41827887304727446,True,0,0
230.0,50.0,225,0.000767446619823999,0.41904631966709843,True,0,0
234.0,234.0,224,0.0007640357459581144,0.41981035541305656,True,0,0
164.0,164.0,224,0.0007640357459581144,0.4205743911590147,True,0,0
263.0,74.0,223,0.00076062487209223,0.4213350160311069,True,1,1
249.0,113.0,223,0.00076062487209223,0.4220956409031991,True,2,0
162.0,142.0,223,0.00076062487209223,0.42285626577529134,True,0,0
263.0,239.0,223,0.00076062487209223,0.42361689064738356,True,1,0
249.0,137.0,222,0.0007572139982263456,0.42437410464560993,True,2,0
237.0,143.0,222,0.0007572139982263456,0.4251313186438363,True,1,0
68.0,142.0,222,0.0007572139982263456,0.42588853264206267,True,0,0
68.0,231.0,221,0.0007538031243604611,0.42664233576642313,True,0,2
161.0,43.0,221,0.0007538031243604611,0.4273961388907836,True,0,1
48.0,238.0,219,0.0007469813766286923,0.4281431202674123,True,0,1
239.0,68.0,218,0.0007435705027628079,0.4288866907701751,True,0,0
249.0,87.0,217,0.0007401596288969234,0.429626850399072,True,2,2
239.0,166.0,217,0.0007401596288969234,0.4303670100279689,True,0,1
230.0,170.0,217,0.0007401596288969234,0.4311071696568658,True,0,0
211.0,249.0,217,0.0007401596288969234,0.4318473292857627,True,2,2
79.0,48.0,216,0.000736748755031039,0.43258407804079374,True,0,0
262.0,263.0,216,0.000736748755031039,0.4333208267958248,True,1,1
236.0,230.0,216,0.000736748755031039,0.43405757555085583,True,1,0
107.0,233.0,216,0.000736748755031039,0.4347943243058869,True,0,0
162.0,48.0,215,0.0007333378811651545,0.435527662187052,True,0,0
79.0,164.0,215,0.0007333378811651545,0.43626100006821716,True,0,0
234.0,144.0,215,0.0007333378811651545,0.4369943379493823,True,0,2
163.0,229.0,215,0.0007333378811651545,0.43772767583054745,True,0,0
164.0,163.0,215,0.0007333378811651545,0.4384610137117126,True,0,0
163.0,163.0,214,0.00072992700729927,0.4391909407190119,True,0,0
90.0,48.0,213,0.0007265161334333856,0.43991745685244527,True,0,0
90.0,79.0,212,0.0007231052595675012,0.44064056211201275,True,0,0
161.0,249.0,212,0.0007231052595675012,0.4413636673715802,True,0,2
164.0,79.0,212,0.0007231052595675012,0.4420867726311477,True,0,0
90.0,234.0,211,0.0007196943857016168,0.44280646701684934,True,0,0
170.0,163.0,211,0.0007196943857016168,0.44352616140255097,True,0,0
113.0,107.0,210,0.0007162835118357323,0.4442424449143867,True,0,0
186.0,144.0,210,0.0007162835118357323,0.4449587284262224,True,0,2
186.0,229.0,209,0.0007128726379698479,0.4456716010641923,True,0,0
107.0,234.0,209,0.0007128726379698479,0.44638447370216217,True,0,0
48.0,90.0,209,0.0007128726379698479,0.44709734634013204,True,0,0
163.0,141.0,208,0.0007094617641039635,0.447806808104236,True,0,1
144.0,170.0,207,0.000706050890238079,0.4485128589944741,True,2,0
143.0,142.0,207,0.000706050890238079,0.44921890988471214,True,0,0
43.0,163.0,207,0.000706050890238079,0.4499249607749502,True,1,0
163.0,234.0,207,0.000706050890238079,0.45063101166518826,True,0,0
163.0,143.0,207,0.000706050890238079,0.4513370625554263,True,0,0
170.0,113.0,206,0.0007026400163721945,0.45203970257179854,True,0,0
141.0,233.0,205,0.0006992291425063101,0.45273893171430485,True,1,0
142.0,246.0,205,0.0006992291425063101,0.45343816085681116,True,0,0
230.0,100.0,205,0.0006992291425063101,0.45413738999931746,True,0,0
186.0,186.0,205,0.0006992291425063101,0.4548366191418238,True,0,0
143.0,48.0,205,0.0006992291425063101,0.4555358482843301,True,0,0
236.0,170.0,204,0.0006958182686404257,0.4562316665529705,True,1,0
186.0,113.0,204,0.0006958182686404257,0.4569274848216109,True,0,0
234.0,107.0,204,0.0006958182686404257,0.4576233030902513,True,0,0
186.0,142.0,204,0.0006958182686404257,0.4583191213588917,True,0,0
170.0,114.0,204,0.0006958182686404257,0.4590149396275321,True,0,2
164.0,162.0,204,0.0006958182686404257,0.4597107578961725,True,0,0
107.0,141.0,203,0.0006924073947745412,0.46040316529094705,True,0,1
161.0,90.0,202,0.0006889965209086568,0.4610921618118557,True,0,0
229.0,233.0,202,0.0006889965209086568,0.46178115833276434,True,0,0
100.0,163.0,201,0.0006855856470427724,0.46246674397980714,True,0,0
79.0,211.0,201,0.0006855856470427724,0.46315232962684993,True,0,2
234.0,162.0,201,0.0006855856470427724,0.46383791527389273,True,0,0
114.0,186.0,201,0.0006855856470427724,0.46452350092093553,True,2,0
142.0,151.0,200,0.0006821747731768879,0.4652056756941124,True,0,1
68.0,158.0,200,0.0006821747731768879,0.4658878504672893,True,0,2
113.0,249.0,200,0.0006821747731768879,0.4665700252404662,True,0,2
234.0,211.0,200,0.0006821747731768879,0.4672522000136431,True,0,2
230.0,229.0,200,0.0006821747731768879,0.46793437478682,True,0,0
107.0,114.0,199,0.0006787638993110035,0.46861313868613097,True,0,2
162.0,137.0,199,0.0006787638993110035,0.46929190258544196,True,0,0
140.0,161.0,198,0.0006753530254451191,0.4699672556108871,True,1,0
161.0,100.0,198,0.0006753530254451191,0.4706426086363322,True,0,0
211.0,79.0,198,0.0006753530254451191,0.47131796166177736,True,2,0
148.0,231.0,198,0.0006753530254451191,0.4719933146872225,True,2,2
234.0,163.0,197,0.0006719421515792346,0.47266525683880173,True,0,0
90.0,90.0,197,0.0006719421515792346,0.47333719899038096,True,0,0
234.0,48.0,197,0.0006719421515792346,0.4740091411419602,True,0,0
158.0,68.0,196,0.0006685312777133501,0.4746776724196735,True,2,0
137.0,170.0,196,0.0006685312777133501,0.47534620369738684,True,0,0
48.0,164.0,196,0.0006685312777133501,0.47601473497510016,True,0,0
90.0,186.0,196,0.0006685312777133501,0.4766832662528135,True,0,0
75.0,75.0,196,0.0006685312777133501,0.4773517975305268,True,1,1
246.0,234.0,196,0.0006685312777133501,0.47802032880824014,True,0,0
75.0,236.0,195,0.0006651204038474657,0.4786854492120876,True,1,1
249.0,158.0,195,0.0006651204038474657,0.4793505696159351,True,2,2
68.0,107.0,194,0.0006617095299815813,0.48001227914591665,True,0,0
114.0,164.0,194,0.0006617095299815813,0.4806739886758982,True,2,0
158.0,79.0,194,0.0006617095299815813,0.4813356982058798,True,2,0
141.0,239.0,194,0.0006617095299815813,0.48199740773586136,True,1,0
249.0,161.0,193,0.0006582986561156968,0.4826557063919771,True,2,0
48.0,249.0,193,0.0006582986561156968,0.4833140050480928,True,0,2
186.0,239.0,193,0.0006582986561156968,0.4839723037042085,True,0,0
231.0,158.0,192,0.0006548877822498124,0.48462719148645833,True,2,2
151.0,142.0,192,0.0006548877822498124,0.48528207926870814,True,1,0
113.0,234.0,192,0.0006548877822498124,0.48593696705095796,True,0,0
144.0,107.0,191,0.000651476908383928,0.48658844395934187,True,2,0
231.0,246.0,191,0.000651476908383928,0.4872399208677258,True,2,0
158.0,246.0,191,0.000651476908383928,0.4878913977761097,True,2,0
142.0,50.0,191,0.000651476908383928,0.4885428746844936,True,0,0
263.0,142.0,191,0.000651476908383928,0.4891943515928775,True,1,0
90.0,107.0,191,0.000651476908383928,0.4898458285012614,True,0,0
164.0,48.0,191,0.000651476908383928,0.4904973054096453,True,0,0
79.0,263.0,191,0.000651476908383928,0.4911487823180292,True,0,1
237.0,68.0,190,0.0006480660345180436,0.4917968483525473,True,1,0
233.0,79.0,190,0.0006480660345180436,0.49244491438706534,True,0,0
75.0,74.0,190,0.0006480660345180436,0.4930929804215834,True,1,1
113.0,68.0,189,0.0006446551606521591,0.49373763558223555,True,0,0
43.0,238.0,189,0.0006446551606521591,0.4943822907428877,True,1,1
229.0,229.0,188,0.0006412442867862746,0.495023535029674,True,0,0
90.0,230.0,188,0.0006412442867862746,0.4956647793164603,True,0,0
234.0,229.0,188,0.0006412442867862746,0.4963060236032466,True,0,0
107.0,161.0,188,0.0006412442867862746,0.4969472678900329,True,0,0
144.0,231.0,188,0.0006412442867862746,0.4975885121768192,True,2,2
246.0,249.0,187,0.0006378334129203902,0.4982263455897396,True,0,2
230.0,43.0,187,0.0006378334129203902,0.49886417900266,True,0,1
246.0,50.0,186,0.0006344225390545057,0.4994986015417145,True,0,0
170.0,48.0,186,0.0006344225390545057,0.500133024080769,True,0,0
231.0,87.0,186,0.0006344225390545057,0.5007674466198235,True,2,2
170.0,137.0,185,0.0006310116651886213,0.5013984582850122,True,0,0
239.0,162.0,185,0.0006310116651886213,0.5020294699502008,True,0,0
161.0,238.0,185,0.0006310116651886213,0.5026604816153895,True,0,1
162.0,262.0,184,0.0006276007913227369,0.5032880824067122,True,0,1
211.0,231.0,184,0.0006276007913227369,0.5039156831980349,True,2,2
170.0,233.0,184,0.0006276007913227369,0.5045432839893577,True,0,0
107.0,148.0,183,0.0006241899174568525,0.5051674739068145,True,0,2
164.0,113.0,183,0.0006241899174568525,0.5057916638242713,True,0,0
161.0,233.0,183,0.0006241899174568525,0.5064158537417282,True,0,0
164.0,186.0,183,0.0006241899174568525,0.507040043659185,True,0,0
237.0,48.0,183,0.0006241899174568525,0.5076642335766418,True,1,0
100.0,170.0,182,0.000620779043590968,0.5082850126202327,True,0,0
113.0,90.0,182,0.000620779043590968,0.5089057916638237,True,0,0
113.0,231.0,181,0.0006173681697250836,0.5095231598335488,True,0,2
90.0,170.0,181,0.0006173681697250836,0.5101405280032739,True,0,0
114.0,148.0,181,0.0006173681697250836,0.510757896172999,True,2,2
170.0,90.0,180,0.0006139572958591992,0.5113718534688583,True,0,0
68.0,114.0,180,0.0006139572958591992,0.5119858107647175,True,0,2
170.0,246.0,180,0.0006139572958591992,0.5125997680605767,True,0,0
262.0,262.0,180,0.0006139572958591992,0.513213725356436,True,1,1
163.0,238.0,180,0.0006139572958591992,0.5138276826522952,True,0,1
238.0,75.0,179,0.0006105464219933146,0.5144382290742885,True,1,1
246.0,164.0,179,0.0006105464219933146,0.5150487754962818,True,0,0
233.0,229.0,179,0.0006105464219933146,0.5156593219182751,True,0,0
263.0,238.0,178,0.0006071355481274302,0.5162664574664025,True,1,1
48.0,236.0,178,0.0006071355481274302,0.51687359301453,True,0,1
68.0,162.0,178,0.0006071355481274302,0.5174807285626574,True,0,0
234.0,148.0,178,0.0006071355481274302,0.5180878641107848,True,0,2
114.0,158.0,178,0.0006071355481274302,0.5186949996589122,True,2,2
163.0,246.0,178,0.0006071355481274302,0.5193021352070396,True,0,0
246.0,142.0,178,0.0006071355481274302,0.519909270755167,True,0,0
68.0,239.0,177,0.0006037246742615458,0.5205129954294285,True,0,0
142.0,43.0,177,0.0006037246742615458,0.52111672010369,True,0,1
164.0,246.0,177,0.0006037246742615458,0.5217204447779515,True,0,0
113.0,186.0,177,0.0006037246742615458,0.522324169452213,True,0,0
263.0,162.0,176,0.0006003138003956614,0.5229244832526088,True,1,0
100.0,48.0,175,0.0005969029265297769,0.5235213861791386,True,0,0
79.0,113.0,175,0.0005969029265297769,0.5241182891056684,True,0,0
234.0,236.0,175,0.0005969029265297769,0.5247151920321982,True,0,1
237.0,186.0,175,0.0005969029265297769,0.525312094958728,True,1,0
158.0,249.0,174,0.0005934920526638925,0.5259055870113919,True,2,2
90.0,164.0,174,0.0005934920526638925,0.5264990790640558,True,0,0
238.0,263.0,174,0.0005934920526638925,0.5270925711167197,True,1,1
161.0,262.0,174,0.0005934920526638925,0.5276860631693836,True,0,1
144.0,186.0,173,0.0005900811787980081,0.5282761443481816,True,2,0
107.0,164.0,173,0.0005900811787980081,0.5288662255269796,True,0,0
142.0,263.0,173,0.0005900811787980081,0.5294563067057776,True,0,1
48.0,170.0,173,0.0005900811787980081,0.5300463878845756,True,0,0
186.0,263.0,173,0.0005900811787980081,0.5306364690633736,True,0,1
170.0,140.0,173,0.0005900811787980081,0.5312265502421716,True,0,1
162.0,239.0,173,0.0005900811787980081,0.5318166314209696,True,0,0
249.0,230.0,173,0.0005900811787980081,0.5324067125997676,True,2,0
137.0,162.0,173,0.0005900811787980081,0.5329967937785656,True,0,0
143.0,163.0,172,0.0005866703049321236,0.5335834640834977,True,0,0
246.0,186.0,172,0.0005866703049321236,0.5341701343884298,True,0,0
79.0,232.0,172,0.0005866703049321236,0.5347568046933618,True,0,0
48.0,237.0,172,0.0005866703049321236,0.5353434749982939,True,0,1
186.0,140.0,172,0.0005866703049321236,0.535930145303226,True,0,1
68.0,113.0,172,0.0005866703049321236,0.5365168156081581,True,0,0
48.0,162.0,171,0.0005832594310662392,0.5371000750392243,True,0,0
113.0,144.0,171,0.0005832594310662392,0.5376833344702905,True,0,2
229.0,107.0,171,0.0005832594310662392,0.5382665939013567,True,0,0
234.0,233.0,171,0.0005832594310662392,0.5388498533324229,True,0,0
148.0,68.0,171,0.0005832594310662392,0.539433112763489,True,2,0
164.0,236.0,170,0.0005798485572003548,0.5400129613206894,True,0,1
246.0,231.0,170,0.0005798485572003548,0.5405928098778898,True,0,2
148.0,137.0,170,0.0005798485572003548,0.5411726584350902,True,2,0
161.0,50.0,170,0.0005798485572003548,0.5417525069922906,True,0,0
229.0,262.0,170,0.0005798485572003548,0.542332355549491,True,0,1
162.0,233.0,170,0.0005798485572003548,0.5429122041066914,True,0,0
162.0,249.0,170,0.0005798485572003548,0.5434920526638918,True,0,2
79.0,140.0,169,0.0005764376833344703,0.5440684903472263,True,0,1
164.0,229.0,169,0.0005764376833344703,0.5446449280305607,True,0,0
143.0,236.0,169,0.0005764376833344703,0.5452213657138952,True,0,1
162.0,90.0,169,0.0005764376833344703,0.5457978033972297,True,0,0
231.0,211.0,169,0.0005764376833344703,0.5463742410805642,True,2,2
170.0,263.0,168,0.0005730268094685858,0.5469472678900328,True,0,1
231.0,144.0,168,0.0005730268094685858,0.5475202946995014,True,2,2
236.0,143.0,168,0.0005730268094685858,0.5480933215089699,True,1,0
231.0,68.0,168,0.0005730268094685858,0.5486663483184385,True,2,0
186.0,114.0,167,0.0005696159356027014,0.5492359642540412,True,0,2
79.0,158.0,167,0.0005696159356027014,0.5498055801896439,True,0,2
239.0,140.0,167,0.0005696159356027014,0.5503751961252465,True,0,1
164.0,249.0,167,0.0005696159356027014,0.5509448120608492,True,0,2
148.0,87.0,167,0.0005696159356027014,0.5515144279964519,True,2,2
144.0,87.0,166,0.000566205061736817,0.5520806330581887,True,2,2
234.0,137.0,166,0.000566205061736817,0.5526468381199254,True,0,0
229.0,79.0,166,0.000566205061736817,0.5532130431816622,True,0,0
144.0,234.0,166,0.000566205061736817,0.553779248243399,True,2,0
151.0,166.0,166,0.000566205061736817,0.5543454533051357,True,1,1
48.0,234.0,166,0.000566205061736817,0.5549116583668725,True,0,0
114.0,144.0,165,0.0005627941878709325,0.5554744525547435,True,2,2
237.0,233.0,165,0.0005627941878709325,0.5560372467426145,True,1,0
107.0,140.0,165,0.0005627941878709325,0.5566000409304854,True,0,1
107.0,90.0,165,0.0005627941878709325,0.5571628351183564,True,0,0
68.0,144.0,164,0.0005593833140050481,0.5577222184323615,True,0,2
186.0,100.0,164,0.0005593833140050481,0.5582816017463665,True,0,0
163.0,263.0,164,0.0005593833140050481,0.5588409850603716,True,0,1
246.0,163.0,164,0.0005593833140050481,0.5594003683743767,True,0,0
236.0,151.0,164,0.0005593833140050481,0.5599597516883817,True,1,1
68.0,100.0,163,0.0005559724401391637,0.5605157241285209,True,0,0
142.0,229.0,163,0.0005559724401391637,0.5610716965686601,True,0,0
186.0,148.0,163,0.0005559724401391637,0.5616276690087992,True,0,2
113.0,148.0,163,0.0005559724401391637,0.5621836414489384,True,0,2
140.0,142.0,163,0.0005559724401391637,0.5627396138890776,True,1,0
231.0,234.0,163,0.0005559724401391637,0.5632955863292167,True,2,0
237.0,107.0,162,0.0005525615662732792,0.56384814789549,True,1,0
234.0,158.0,162,0.0005525615662732792,0.5644007094617632,True,0,2
79.0,4.0,162,0.0005525615662732792,0.5649532710280365,True,0,0
100.0,68.0,162,0.0005525615662732792,0.5655058325943098,True,0,0
90.0,231.0,161,0.0005491506924073948,0.5660549832867171,True,0,2
164.0,233.0,161,0.0005491506924073948,0.5666041339791245,True,0,0
142.0,140.0,161,0.0005491506924073948,0.5671532846715318,True,0,1
75.0,263.0,161,0.0005491506924073948,0.5677024353639392,True,1,1
79.0,161.0,161,0.0005491506924073948,0.5682515860563465,True,0,0
170.0,142.0,160,0.0005457398185415103,0.5687973258748881,True,0,0
87.0,79.0,160,0.0005457398185415103,0.5693430656934296,True,2,0
234.0,90.0,160,0.0005457398185415103,0.5698888055119712,True,0,0
68.0,148.0,160,0.0005457398185415103,0.5704345453305127,True,0,2
142.0,186.0,160,0.0005457398185415103,0.5709802851490543,True,0,0
143.0,143.0,159,0.0005423289446756259,0.57152261409373,True,0,0
90.0,161.0,159,0.0005423289446756259,0.5720649430384056,True,0,0
68.0,143.0,159,0.0005423289446756259,0.5726072719830813,True,0,0
113.0,114.0,159,0.0005423289446756259,0.5731496009277569,True,0,2
233.0,141.0,159,0.0005423289446756259,0.5736919298724326,True,0,1
161.0,144.0,158,0.0005389180708097414,0.5742308479432423,True,0,2
74.0,75.0,158,0.0005389180708097414,0.574769766014052,True,1,1
79.0,246.0,158,0.0005389180708097414,0.5753086840848618,True,0,0
79.0,230.0,158,0.0005389180708097414,0.5758476021556715,True,0,0
236.0,234.0,158,0.0005389180708097414,0.5763865202264813,True,1,0
148.0,234.0,157,0.000535507196943857,0.5769220274234251,True,2,0
48.0,79.0,157,0.000535507196943857,0.577457534620369,True,0,0
50.0,68.0,157,0.000535507196943857,0.5779930418173128,True,0,0
246.0,158.0,157,0.000535507196943857,0.5785285490142567,True,0,2
239.0,246.0,156,0.0005320963230779726,0.5790606453373346,True,0,0
170.0,148.0,156,0.0005320963230779726,0.5795927416604125,True,0,2
239.0,43.0,156,0.0005320963230779726,0.5801248379834905,True,0,1
114.0,114.0,156,0.0005320963230779726,0.5806569343065684,True,2,2
141.0,137.0,156,0.0005320963230779726,0.5811890306296463,True,1,0
142.0,170.0,155,0.0005286854492120881,0.5817177160788585,True,0,0
142.0,234.0,155,0.0005286854492120881,0.5822464015280706,True,0,0
158.0,170.0,155,0.0005286854492120881,0.5827750869772828,True,2,0
163.0,50.0,154,0.0005252745753462037,0.583300361552629,True,0,0
140.0,239.0,154,0.0005252745753462037,0.5838256361279752,True,1,0
231.0,113.0,154,0.0005252745753462037,0.5843509107033215,True,2,0
114.0,87.0,154,0.0005252745753462037,0.5848761852786677,True,2,2
164.0,107.0,154,0.0005252745753462037,0.5854014598540139,True,0,0
164.0,141.0,153,0.0005218637014803193,0.5859233235554943,True,0,1
238.0,161.0,153,0.0005218637014803193,0.5864451872569746,True,1,0
114.0,137.0,153,0.0005218637014803193,0.5869670509584549,True,2,0
230.0,143.0,153,0.0005218637014803193,0.5874889146599352,True,0,0
90.0,113.0,153,0.0005218637014803193,0.5880107783614156,True,0,0
236.0,68.0,152,0.0005184528276144349,0.58852923118903,True,1,0
161.0,231.0,152,0.0005184528276144349,0.5890476840166444,True,0,2
141.0,163.0,152,0.0005184528276144349,0.5895661368442588,True,1,0
249.0,13.0,151,0.0005150419537485503,0.5900811787980074,True,2,2
90.0,114.0,151,0.0005150419537485503,0.5905962207517559,True,0,2
186.0,158.0,151,0.0005150419537485503,0.5911112627055044,True,0,2
68.0,237.0,151,0.0005150419537485503,0.5916263046592529,True,0,1
234.0,142.0,151,0.0005150419537485503,0.5921413466130014,True,0,0
100.0,234.0,150,0.0005116310798826659,0.592652977692884,True,0,0
114.0,246.0,150,0.0005116310798826659,0.5931646087727667,True,2,0
229.0,137.0,150,0.0005116310798826659,0.5936762398526493,True,0,0
249.0,229.0,150,0.0005116310798826659,0.5941878709325319,True,2,0
158.0,234.0,150,0.0005116310798826659,0.5946995020124145,True,2,0
68.0,13.0,150,0.0005116310798826659,0.5952111330922971,True,0,2
230.0,249.0,150,0.0005116310798826659,0.5957227641721797,True,0,2
161.0,211.0,150,0.0005116310798826659,0.5962343952520623,True,0,2
107.0,236.0,149,0.0005082202060167815,0.5967426154580792,True,0,1
166.0,238.0,149,0.0005082202060167815,0.597250835664096,True,1,1
162.0,100.0,149,0.0005082202060167815,0.5977590558701128,True,0,0
161.0,114.0,149,0.0005082202060167815,0.5982672760761296,True,0,2
238.0,48.0,149,0.0005082202060167815,0.5987754962821464,True,1,0
234.0,141.0,149,0.0005082202060167815,0.5992837164881633,True,0,1
163.0,140.0,148,0.000504809332150897,0.5997885258203142,True,0,1
148.0,90.0,148,0.000504809332150897,0.6002933351524651,True,2,0
263.0,161.0,148,0.000504809332150897,0.600798144484616,True,1,0
231.0,186.0,148,0.000504809332150897,0.6013029538167669,True,2,0
231.0,114.0,148,0.000504809332150897,0.6018077631489178,True,2,2
141.0,107.0,148,0.000504809332150897,0.6023125724810687,True,1,0
262.0,162.0,148,0.000504809332150897,0.6028173818132196,True,1,0
79.0,236.0,147,0.0005013984582850126,0.6033187802715047,True,0,1
161.0,143.0,147,0.0005013984582850126,0.6038201787297897,True,0,0
148.0,186.0,146,0.0004979875844191282,0.6043181663142088,True,2,0
142.0,164.0,146,0.0004979875844191282,0.6048161538986279,True,0,0
238.0,141.0,146,0.0004979875844191282,0.605314141483047,True,1,1
233.0,170.0,146,0.0004979875844191282,0.6058121290674661,True,0,0
162.0,231.0,145,0.0004945767105532438,0.6063067057780193,True,0,2
113.0,113.0,145,0.0004945767105532438,0.6068012824885725,True,0,0
231.0,230.0,145,0.0004945767105532438,0.6072958591991257,True,2,0
246.0,90.0,145,0.0004945767105532438,0.6077904359096789,True,0,0
230.0,90.0,145,0.0004945767105532438,0.608285012620232,True,0,0
236.0,48.0,145,0.0004945767105532438,0.6087795893307852,True,1,0
170.0,231.0,145,0.0004945767105532438,0.6092741660413384,True,0,2
162.0,50.0,145,0.0004945767105532438,0.6097687427518916,True,0,0
144.0,68.0,144,0.0004911658366873593,0.610259908588579,True,2,0
144.0,90.0,144,0.0004911658366873593,0.6107510744252664,True,2,0
161.0,158.0,144,0.0004911658366873593,0.6112422402619538,True,0,2
246.0,161.0,144,0.0004911658366873593,0.6117334060986412,True,0,0
239.0,262.0,143,0.00048775496282147486,0.6122211610614627,True,0,1
211.0,234.0,143,0.00048775496282147486,0.6127089160242842,True,2,0
43.0,164.0,143,0.00048775496282147486,0.6131966709871057,True,1,0
140.0,170.0,143,0.00048775496282147486,0.6136844259499272,True,1,0
158.0,90.0,143,0.00048775496282147486,0.6141721809127487,True,2,0
262.0,229.0,142,0.00048434408895559045,0.6146565250017043,True,1,0
238.0,41.0,142,0.00048434408895559045,0.6151408690906599,True,1,1
143.0,237.0,142,0.00048434408895559045,0.6156252131796155,True,0,1
230.0,238.0,142,0.00048434408895559045,0.6161095572685711,True,0,1
107.0,144.0,142,0.00048434408895559045,0.6165939013575267,True,0,2
137.0,107.0,141,0.000480933215089706,0.6170748345726164,True,0,0
249.0,141.0,141,0.000480933215089706,0.617555767787706,True,2,1
158.0,211.0,141,0.000480933215089706,0.6180367010027957,True,2,2
238.0,163.0,141,0.000480933215089706,0.6185176342178854,True,1,0
100.0,246.0,141,0.000480933215089706,0.6189985674329751,True,0,0
143.0,246.0,141,0.000480933215089706,0.6194795006480648,True,0,0
141.0,238.0,140,0.0004775223412238215,0.6199570229892886,True,1,1
137.0,229.0,140,0.0004775223412238215,0.6204345453305123,True,0,0
164.0,144.0,140,0.0004775223412238215,0.6209120676717361,True,0,2
166.0,239.0,140,0.0004775223412238215,0.6213895900129599,True,1,0
113.0,211.0,140,0.0004775223412238215,0.6218671123541837,True,0,2
114.0,230.0,140,0.0004775223412238215,0.6223446346954075,True,2,0
234.0,100.0,139,0.0004741114673579371,0.6228187461627654,True,0,0
137.0,186.0,138,0.00047070059349205265,0.6232894467562575,True,0,0
48.0,229.0,138,0.00047070059349205265,0.6237601473497496,True,0,0
68.0,236.0,138,0.00047070059349205265,0.6242308479432417,True,0,1
151.0,151.0,138,0.00047070059349205265,0.6247015485367338,True,1,1
141.0,79.0,138,0.00047070059349205265,0.6251722491302258,True,1,0
90.0,158.0,138,0.00047070059349205265,0.6256429497237179,True,0,2
125.0,249.0,138,0.00047070059349205265,0.62611365031721,True,2,2
163.0,43.0,138,0.00047070059349205265,0.6265843509107021,True,0,1
100.0,162.0,137,0.00046728971962616824,0.6270516406303283,True,0,0
262.0,75.0,137,0.00046728971962616824,0.6275189303499544,True,1,1
162.0,113.0,137,0.00046728971962616824,0.6279862200695806,True,0,0
75.0,238.0,137,0.00046728971962616824,0.6284535097892068,True,1,1
263.0,170.0,137,0.00046728971962616824,0.628920799508833,True,1,0
141.0,75.0,137,0.00046728971962616824,0.6293880892284591,True,1,1
140.0,75.0,137,0.00046728971962616824,0.6298553789480853,True,1,1
151.0,236.0,136,0.0004638788457602838,0.6303192577938456,True,1,1
246.0,79.0,136,0.0004638788457602838,0.6307831366396058,True,0,0
161.0,137.0,136,0.0004638788457602838,0.6312470154853661,True,0,0
249.0,237.0,136,0.0004638788457602838,0.6317108943311264,True,2,1
43.0,48.0,136,0.0004638788457602838,0.6321747731768866,True,1,0
68.0,211.0,135,0.0004604679718943993,0.632635241148781,True,0,2
170.0,100.0,135,0.0004604679718943993,0.6330957091206754,True,0,0
107.0,113.0,135,0.0004604679718943993,0.6335561770925697,True,0,0
233.0,161.0,135,0.0004604679718943993,0.6340166450644641,True,0,0
211.0,68.0,135,0.0004604679718943993,0.6344771130363585,True,2,0
233.0,230.0,135,0.0004604679718943993,0.6349375810082528,True,0,0
237.0,113.0,135,0.0004604679718943993,0.6353980489801472,True,1,0
246.0,143.0,135,0.0004604679718943993,0.6358585169520415,True,0,0
164.0,137.0,135,0.0004604679718943993,0.6363189849239359,True,0,0
249.0,125.0,135,0.0004604679718943993,0.6367794528958303,True,2,2
79.0,237.0,135,0.0004604679718943993,0.6372399208677246,True,0,1
68.0,229.0,134,0.0004570570980285149,0.6376969779657532,True,0,0
233.0,107.0,134,0.0004570570980285149,0.6381540350637818,True,0,0
107.0,263.0,134,0.0004570570980285149,0.6386110921618103,True,0,1
239.0,50.0,134,0.0004570570980285149,0.6390681492598389,True,0,0
158.0,13.0,134,0.0004570570980285149,0.6395252063578675,True,2,2
163.0,233.0,134,0.0004570570980285149,0.639982263455896,True,0,0
229.0,234.0,133,0.00045364622416263045,0.6404359096800587,True,0,0
233.0,140.0,133,0.00045364622416263045,0.6408895559042214,True,0,1
50.0,246.0,133,0.00045364622416263045,0.641343202128384,True,0,0
158.0,48.0,133,0.00045364622416263045,0.6417968483525467,True,2,0
43.0,162.0,133,0.00045364622416263045,0.6422504945767094,True,1,0
186.0,13.0,132,0.00045023535029674604,0.6427007299270061,True,0,2
107.0,230.0,132,0.00045023535029674604,0.6431509652773029,True,0,0
142.0,166.0,132,0.00045023535029674604,0.6436012006275996,True,0,1
236.0,164.0,132,0.00045023535029674604,0.6440514359778964,True,1,0
261.0,231.0,132,0.00045023535029674604,0.6445016713281931,True,2,2
186.0,262.0,132,0.00045023535029674604,0.6449519066784899,True,0,1
249.0,233.0,131,0.0004468244764308616,0.6453987311549207,True,2,0
41.0,74.0,131,0.0004468244764308616,0.6458455556313516,True,1,1
231.0,90.0,131,0.0004468244764308616,0.6462923801077824,True,2,0
144.0,148.0,130,0.00044341360256497717,0.6467357937103474,True,2,2
230.0,141.0,130,0.00044341360256497717,0.6471792073129123,True,0,1
246.0,170.0,130,0.00044341360256497717,0.6476226209154773,True,0,0
246.0,239.0,130,0.00044341360256497717,0.6480660345180422,True,0,0
249.0,163.0,130,0.00044341360256497717,0.6485094481206072,True,2,0
238.0,43.0,130,0.00044341360256497717,0.6489528617231721,True,1,1
263.0,233.0,130,0.00044341360256497717,0.6493962753257371,True,1,0
113.0,164.0,129,0.0004400027286990927,0.6498362780544361,True,0,0
186.0,143.0,129,0.0004400027286990927,0.6502762807831352,True,0,0
230.0,233.0,129,0.0004400027286990927,0.6507162835118342,True,0,0
170.0,144.0,129,0.0004400027286990927,0.6511562862405332,True,0,2
164.0,142.0,129,0.0004400027286990927,0.6515962889692323,True,0,0
142.0,262.0,129,0.0004400027286990927,0.6520362916979313,True,0,1
100.0,186.0,129,0.0004400027286990927,0.6524762944266304,True,0,0
170.0,158.0,129,0.0004400027286990927,0.6529162971553294,True,0,2
137.0,234.0,129,0.0004400027286990927,0.6533562998840284,True,0,0
114.0,113.0,129,0.0004400027286990927,0.6537963026127275,True,2,0
186.0,238.0,128,0.00043659185483320824,0.6542328944675607,True,0,1
68.0,238.0,128,0.00043659185483320824,0.654669486322394,True,0,1
162.0,246.0,128,0.00043659185483320824,0.6551060781772272,True,0,0
164.0,90.0,128,0.00043659185483320824,0.6555426700320605,True,0,0
148.0,114.0,128,0.00043659185483320824,0.6559792618868937,True,2,2
262.0,161.0,128,0.00043659185483320824,0.656415853741727,True,1,0
143.0,161.0,127,0.00043318098096732383,0.6568490347226943,True,0,0
229.0,230.0,127,0.00043318098096732383,0.6572822157036616,True,0,0
41.0,41.0,127,0.00043318098096732383,0.657715396684629,True,1,1
43.0,141.0,127,0.00043318098096732383,0.6581485776655963,True,1,1
249.0,162.0,127,0.00043318098096732383,0.6585817586465637,True,2,0
230.0,79.0,127,0.00043318098096732383,0.659014939627531,True,0,0
158.0,144.0,126,0.00042977010710143937,0.6594447097346324,True,2,2
113.0,158.0,126,0.00042977010710143937,0.6598744798417339,True,0,2
166.0,166.0,125,0.00042635923323555496,0.6603008390749694,True,1,1
231.0,170.0,125,0.00042635923323555496,0.6607271983082049,True,2,0
231.0,148.0,125,0.00042635923323555496,0.6611535575414405,True,2,2
233.0,186.0,125,0.00042635923323555496,0.661579916774676,True,0,0
249.0,142.0,125,0.00042635923323555496,0.6620062760079115,True,2,0
140.0,238.0,124,0.0004229483593696705,0.6624292243672811,True,1,1
79.0,239.0,124,0.0004229483593696705,0.6628521727266508,True,0,0
90.0,211.0,124,0.0004229483593696705,0.6632751210860204,True,0,2
148.0,211.0,124,0.0004229483593696705,0.66369806944539,True,2,2
211.0,170.0,124,0.0004229483593696705,0.6641210178047596,True,2,0
158.0,186.0,124,0.0004229483593696705,0.6645439661641293,True,2,0
48.0,158.0,124,0.0004229483593696705,0.6649669145234989,True,0,2
148.0,233.0,124,0.0004229483593696705,0.6653898628828685,True,2,0
42.0,41.0,124,0.0004229483593696705,0.6658128112422381,True,1,1
170.0,239.0,124,0.0004229483593696705,0.6662357596016077,True,0,0
141.0,164.0,124,0.0004229483593696705,0.6666587079609774,True,1,0
107.0,231.0,124,0.0004229483593696705,0.667081656320347,True,0,2
211.0,148.0,123,0.0004195374855037861,0.6675011938058508,True,2,2
158.0,107.0,123,0.0004195374855037861,0.6679207312913547,True,2,0
100.0,90.0,123,0.0004195374855037861,0.6683402687768585,True,0,0
113.0,246.0,123,0.0004195374855037861,0.6687598062623623,True,0,0
48.0,107.0,123,0.0004195374855037861,0.6691793437478661,True,0,0
211.0,230.0,123,0.0004195374855037861,0.66959888123337,True,2,0
158.0,148.0,123,0.0004195374855037861,0.6700184187188738,True,2,2
162.0,43.0,123,0.0004195374855037861,0.6704379562043776,True,0,1
148.0,144.0,123,0.0004195374855037861,0.6708574936898815,True,2,2
238.0,74.0,122,0.00041612661163790163,0.6712736203015194,True,1,1
229.0,163.0,122,0.00041612661163790163,0.6716897469131573,True,0,0
246.0,100.0,122,0.00041612661163790163,0.6721058735247952,True,0,0
230.0,231.0,122,0.00041612661163790163,0.6725220001364332,True,0,2
231.0,107.0,122,0.00041612661163790163,0.6729381267480711,True,2,0
211.0,90.0,122,0.00041612661163790163,0.673354253359709,True,2,0
238.0,68.0,122,0.00041612661163790163,0.6737703799713469,True,1,0
249.0,236.0,122,0.00041612661163790163,0.6741865065829848,True,2,1
148.0,113.0,122,0.00041612661163790163,0.6746026331946228,True,2,0
164.0,231.0,121,0.00041271573777201717,0.6750153489323948,True,0,2
233.0,233.0,121,0.00041271573777201717,0.6754280646701668,True,0,0
163.0,100.0,121,0.00041271573777201717,0.6758407804079388,True,0,0
237.0,79.0,121,0.00041271573777201717,0.6762534961457108,True,1,0
229.0,142.0,121,0.00041271573777201717,0.6766662118834829,True,0,0
229.0,164.0,121,0.00041271573777201717,0.6770789276212549,True,0,0
100.0,164.0,120,0.00040930486390613276,0.677488232485161,True,0,0
100.0,50.0,120,0.00040930486390613276,0.6778975373490671,True,0,0
87.0,148.0,120,0.00040930486390613276,0.6783068422129732,True,2,2
113.0,161.0,120,0.00040930486390613276,0.6787161470768793,True,0,0
158.0,114.0,120,0.00040930486390613276,0.6791254519407854,True,2,2
140.0,233.0,120,0.00040930486390613276,0.6795347568046916,True,1,0
143.0,68.0,120,0.00040930486390613276,0.6799440616685977,True,0,0
42.0,42.0,120,0.00040930486390613276,0.6803533665325038,True,1,1
233.0,237.0,119,0.0004058939900402483,0.680759260522544,True,0,1
50.0,48.0,119,0.0004058939900402483,0.6811651545125842,True,0,0
262.0,239.0,119,0.0004058939900402483,0.6815710485026244,True,1,0
48.0,141.0,119,0.0004058939900402483,0.6819769424926646,True,0,1
107.0,246.0,119,0.0004058939900402483,0.6823828364827048,True,0,0
125.0,231.0,118,0.0004024831161743639,0.6827853195988792,True,2,2
231.0,161.0,118,0.0004024831161743639,0.6831878027150536,True,2,0
233.0,234.0,118,0.0004024831161743639,0.683590285831228,True,0,0
161.0,148.0,118,0.0004024831161743639,0.6839927689474025,True,0,2
261.0,230.0,118,0.0004024831161743639,0.6843952520635769,True,2,0
186.0,211.0,118,0.0004024831161743639,0.6847977351797513,True,0,2
143.0,230.0,118,0.0004024831161743639,0.6852002182959257,True,0,0
144.0,144.0,118,0.0004024831161743639,0.6856027014121001,True,2,2
137.0,233.0,118,0.0004024831161743639,0.6860051845282745,True,0,0
211.0,186.0,118,0.0004024831161743639,0.6864076676444489,True,2,0
262.0,74.0,118,0.0004024831161743639,0.6868101507606234,True,1,1
13.0,231.0,118,0.0004024831161743639,0.6872126338767978,True,2,2
234.0,239.0,117,0.0003990722423084794,0.6876117061191063,True,0,0
143.0,50.0,117,0.0003990722423084794,0.6880107783614148,True,0,0
158.0,158.0,117,0.0003990722423084794,0.6884098506037233,True,2,2
100.0,100.0,116,0.000395661368442595,0.6888055119721659,True,0,0
48.0,100.0,116,0.000395661368442595,0.6892011733406085,True,0,0
236.0,186.0,116,0.000395661368442595,0.6895968347090511,True,1,0
141.0,186.0,116,0.000395661368442595,0.6899924960774937,True,1,0
100.0,233.0,116,0.000395661368442595,0.6903881574459363,True,0,0
114.0,211.0,116,0.000395661368442595,0.6907838188143789,True,2,2
148.0,141.0,116,0.000395661368442595,0.6911794801828215,True,2,1
170.0,211.0,116,0.000395661368442595,0.6915751415512641,True,0,2
239.0,24.0,115,0.00039225049457671055,0.6919673920458408,True,0,1
144.0,158.0,115,0.00039225049457671055,0.6923596425404175,True,2,2
237.0,249.0,115,0.00039225049457671055,0.6927518930349942,True,1,2
113.0,237.0,115,0.00039225049457671055,0.6931441435295709,True,0,1
137.0,141.0,115,0.00039225049457671055,0.6935363940241476,True,0,1
144.0,230.0,114,0.0003888396207108261,0.6939252336448584,True,2,0
262.0,142.0,114,0.0003888396207108261,0.6943140732655692,True,1,0
246.0,211.0,114,0.0003888396207108261,0.6947029128862799,True,0,2
186.0,87.0,113,0.0003854287468449417,0.6950883416331249,True,0,2
234.0,87.0,113,0.0003854287468449417,0.6954737703799699,True,0,2
239.0,41.0,113,0.0003854287468449417,0.6958591991268149,True,0,1
148.0,164.0,113,0.0003854287468449417,0.6962446278736599,True,2,0
141.0,48.0,113,0.0003854287468449417,0.6966300566205049,True,1,0
113.0,230.0,113,0.0003854287468449417,0.6970154853673499,True,0,0
79.0,142.0,113,0.0003854287468449417,0.6974009141141949,True,0,0
249.0,239.0,113,0.0003854287468449417,0.6977863428610399,True,2,0
263.0,137.0,113,0.0003854287468449417,0.6981717716078849,True,1,0
90.0,100.0,112,0.0003820178729790572,0.698553789480864,True,0,0
75.0,237.0,112,0.0003820178729790572,0.6989358073538431,True,1,1
48.0,233.0,112,0.0003820178729790572,0.6993178252268222,True,0,0
141.0,74.0,112,0.0003820178729790572,0.6996998430998013,True,1,1
238.0,230.0,112,0.0003820178729790572,0.7000818609727804,True,1,0
162.0,114.0,111,0.0003786069991131728,0.7004604679718935,True,0,2
148.0,229.0,111,0.0003786069991131728,0.7008390749710067,True,2,0
68.0,233.0,111,0.0003786069991131728,0.7012176819701199,True,0,0
79.0,163.0,111,0.0003786069991131728,0.7015962889692331,True,0,0
238.0,24.0,111,0.0003786069991131728,0.7019748959683463,True,1,1
211.0,158.0,111,0.0003786069991131728,0.7023535029674595,True,2,2
158.0,164.0,110,0.00037519612524728835,0.7027286990927067,True,2,0
50.0,239.0,110,0.00037519612524728835,0.703103895217954,True,0,0
249.0,100.0,110,0.00037519612524728835,0.7034790913432013,True,2,0
107.0,48.0,110,0.00037519612524728835,0.7038542874684486,True,0,0
237.0,90.0,110,0.00037519612524728835,0.7042294835936959,True,1,0
43.0,170.0,110,0.00037519612524728835,0.7046046797189431,True,1,0
211.0,107.0,110,0.00037519612524728835,0.7049798758441904,True,2,0
74.0,74.0,110,0.00037519612524728835,0.7053550719694377,True,1,1
114.0,48.0,110,0.00037519612524728835,0.705730268094685,True,2,0
162.0,238.0,110,0.00037519612524728835,0.7061054642199323,True,0,1
114.0,161.0,110,0.00037519612524728835,0.7064806603451795,True,2,0
158.0,230.0,110,0.00037519612524728835,0.7068558564704268,True,2,0
249.0,263.0,109,0.00037178525138140394,0.7072276417218082,True,2,1
239.0,229.0,109,0.00037178525138140394,0.7075994269731896,True,0,0
170.0,50.0,109,0.00037178525138140394,0.7079712122245709,True,0,0
161.0,75.0,109,0.00037178525138140394,0.7083429974759523,True,0,1
137.0,249.0,109,0.00037178525138140394,0.7087147827273337,True,0,2
234.0,50.0,109,0.00037178525138140394,0.709086567978715,True,0,0
90.0,148.0,108,0.0003683743775155195,0.7094549423562305,True,0,2
239.0,170.0,108,0.0003683743775155195,0.709823316733746,True,0,0
114.0,233.0,108,0.0003683743775155195,0.7101916911112615,True,2,0
90.0,144.0,108,0.0003683743775155195,0.7105600654887769,True,0,2
211.0,246.0,108,0.0003683743775155195,0.7109284398662924,True,2,0
164.0,50.0,108,0.0003683743775155195,0.7112968142438079,True,0,0
137.0,137.0,107,0.000364963503649635,0.7116617777474575,True,0,0
43.0,263.0,107,0.000364963503649635,0.7120267412511072,True,1,1
68.0,87.0,107,0.000364963503649635,0.7123917047547569,True,0,2
249.0,50.0,106,0.0003615526297837506,0.7127532573845407,True,2,0
238.0,140.0,106,0.0003615526297837506,0.7131148100143244,True,1,1
68.0,137.0,106,0.0003615526297837506,0.7134763626441082,True,0,0
162.0,144.0,106,0.0003615526297837506,0.713837915273892,True,0,2
74.0,263.0,106,0.0003615526297837506,0.7141994679036757,True,1,1
148.0,4.0,106,0.0003615526297837506,0.7145610205334595,True,2,0
137.0,148.0,106,0.0003615526297837506,0.7149225731632433,True,0,2
87.0,231.0,105,0.00035814175591786614,0.7152807149191611,True,2,2
162.0,143.0,105,0.00035814175591786614,0.715638856675079,True,0,0
41.0,42.0,105,0.00035814175591786614,0.7159969984309968,True,1,1
43.0,143.0,105,0.00035814175591786614,0.7163551401869147,True,1,0
186.0,224.0,105,0.00035814175591786614,0.7167132819428326,True,0,0
164.0,158.0,104,0.00035473088205198173,0.7170680128248845,True,0,2
68.0,141.0,104,0.00035473088205198173,0.7174227437069365,True,0,1
246.0,13.0,104,0.00035473088205198173,0.7177774745889884,True,0,2
170.0,262.0,104,0.00035473088205198173,0.7181322054710404,True,0,1
236.0,233.0,104,0.00035473088205198173,0.7184869363530924,True,1,0
100.0,249.0,104,0.00035473088205198173,0.7188416672351443,True,0,2
144.0,48.0,104,0.00035473088205198173,0.7191963981171963,True,2,0
114.0,229.0,104,0.00035473088205198173,0.7195511289992482,True,2,0
164.0,114.0,104,0.00035473088205198173,0.7199058598813002,True,0,2
144.0,113.0,104,0.00035473088205198173,0.7202605907633521,True,2,0
24.0,239.0,104,0.00035473088205198173,0.7206153216454041,True,1,0
113.0,137.0,104,0.00035473088205198173,0.720970052527456,True,0,0
162.0,148.0,103,0.00035132000818609727,0.7213213725356421,True,0,2
144.0,246.0,103,0.00035132000818609727,0.7216726925438282,True,2,0
68.0,125.0,103,0.00035132000818609727,0.7220240125520142,True,0,2
231.0,164.0,103,0.00035132000818609727,0.7223753325602003,True,2,0
211.0,113.0,103,0.00035132000818609727,0.7227266525683863,True,2,0
230.0,263.0,102,0.00034790913432021286,0.7230745617027066,True,0,1
263.0,163.0,102,0.00034790913432021286,0.7234224708370268,True,1,0
79.0,100.0,102,0.00034790913432021286,0.7237703799713471,True,0,0
236.0,166.0,102,0.00034790913432021286,0.7241182891056673,True,1,1
164.0,100.0,102,0.00034790913432021286,0.7244661982399876,True,0,0
100.0,237.0,102,0.00034790913432021286,0.7248141073743078,True,0,1
79.0,262.0,102,0.00034790913432021286,0.7251620165086281,True,0,1
144.0,164.0,102,0.00034790913432021286,0.7255099256429484,True,2,0
229.0,186.0,102,0.00034790913432021286,0.7258578347772686,True,0,0
230.0,107.0,101,0.0003444982604543284,0.726202333037723,True,0,0
163.0,262.0,101,0.0003444982604543284,0.7265468312981773,True,0,1
24.0,238.0,101,0.0003444982604543284,0.7268913295586317,True,1,1
48.0,231.0,101,0.0003444982604543284,0.727235827819086,True,0,2
231.0,13.0,101,0.0003444982604543284,0.7275803260795404,True,2,2
43.0,234.0,101,0.0003444982604543284,0.7279248243399947,True,1,0
237.0,246.0,101,0.0003444982604543284,0.7282693226004491,True,1,0
230.0,144.0,101,0.0003444982604543284,0.7286138208609034,True,0,2
163.0,107.0,100,0.00034108738658844394,0.7289549082474919,True,0,0
262.0,238.0,100,0.00034108738658844394,0.7292959956340803,True,1,1
141.0,234.0,99,0.00033767651272255953,0.7296336721468029,True,1,0
144.0,162.0,99,0.00033767651272255953,0.7299713486595254,True,2,0
238.0,262.0,99,0.00033767651272255953,0.7303090251722479,True,1,1
236.0,246.0,99,0.00033767651272255953,0.7306467016849705,True,1,0
230.0,211.0,99,0.00033767651272255953,0.730984378197693,True,0,2
158.0,87.0,99,0.00033767651272255953,0.7313220547104156,True,2,2
233.0,164.0,99,0.00033767651272255953,0.7316597312231381,True,0,0
237.0,231.0,99,0.00033767651272255953,0.7319974077358606,True,1,2
211.0,211.0,98,0.00033426563885667507,0.7323316733747173,True,2,2
142.0,90.0,98,0.00033426563885667507,0.7326659390135739,True,0,0
137.0,263.0,98,0.00033426563885667507,0.7330002046524305,True,0,1
163.0,249.0,98,0.00033426563885667507,0.7333344702912872,True,0,2
141.0,230.0,98,0.00033426563885667507,0.7336687359301438,True,1,0
48.0,151.0,98,0.00033426563885667507,0.7340030015690004,True,0,1
107.0,262.0,98,0.00033426563885667507,0.7343372672078571,True,0,1
114.0,163.0,98,0.00033426563885667507,0.7346715328467137,True,2,0
125.0,68.0,98,0.00033426563885667507,0.7350057984855703,True,2,0
48.0,43.0,98,0.00033426563885667507,0.735340064124427,True,0,1
143.0,151.0,98,0.00033426563885667507,0.7356743297632836,True,0,1
263.0,79.0,97,0.00033085476499079066,0.7360051845282745,True,1,0
43.0,68.0,97,0.00033085476499079066,0.7363360392932653,True,1,0
141.0,143.0,97,0.00033085476499079066,0.7366668940582561,True,1,0
142.0,107.0,97,0.00033085476499079066,0.736997748823247,True,0,0
229.0,68.0,97,0.00033085476499079066,0.7373286035882378,True,0,0
113.0,162.0,97,0.00033085476499079066,0.7376594583532287,True,0,0
100.0,142.0,97,0.00033085476499079066,0.7379903131182195,True,0,0
90.0,142.0,96,0.0003274438911249062,0.7383177570093444,True,0,0
249.0,4.0,96,0.0003274438911249062,0.7386452009004694,True,2,0
230.0,140.0,96,0.0003274438911249062,0.7389726447915943,True,0,1
137.0,114.0,96,0.0003274438911249062,0.7393000886827192,True,0,2
158.0,113.0,96,0.0003274438911249062,0.7396275325738442,True,2,0
50.0,142.0,96,0.0003274438911249062,0.7399549764649691,True,0,0
141.0,43.0,96,0.0003274438911249062,0.740282420356094,True,1,1
148.0,48.0,95,0.0003240330172590218,0.7406064533733531,True,2,0
164.0,211.0,95,0.0003240330172590218,0.7409304863906121,True,0,2
137.0,140.0,95,0.0003240330172590218,0.7412545194078711,True,0,1
230.0,158.0,95,0.0003240330172590218,0.7415785524251302,True,0,2
142.0,249.0,95,0.0003240330172590218,0.7419025854423892,True,0,2
246.0,237.0,94,0.0003206221433931373,0.7422232075857823,True,0,1
114.0,141.0,94,0.0003206221433931373,0.7425438297291754,True,2,1
148.0,246.0,94,0.0003206221433931373,0.7428644518725686,True,2,0
166.0,151.0,94,0.0003206221433931373,0.7431850740159617,True,1,1
186.0,43.0,94,0.0003206221433931373,0.7435056961593548,True,0,1
48.0,263.0,94,0.0003206221433931373,0.7438263183027479,True,0,1
43.0,246.0,94,0.0003206221433931373,0.744146940446141,True,1,0
229.0,48.0,94,0.0003206221433931373,0.7444675625895342,True,0,0
107.0,142.0,94,0.0003206221433931373,0.7447881847329273,True,0,0
50.0,230.0,94,0.0003206221433931373,0.7451088068763204,True,0,0
236.0,107.0,93,0.00031721126952725286,0.7454260181458476,True,1,0
114.0,162.0,93,0.00031721126952725286,0.7457432294153749,True,2,0
114.0,237.0,93,0.00031721126952725286,0.7460604406849021,True,2,1
43.0,229.0,93,0.00031721126952725286,0.7463776519544293,True,1,0
107.0,163.0,93,0.00031721126952725286,0.7466948632239565,True,0,0
233.0,162.0,93,0.00031721126952725286,0.7470120744934837,True,0,0
90.0,229.0,92,0.00031380039566136845,0.7473258748891451,True,0,0
239.0,75.0,92,0.00031380039566136845,0.7476396752848066,True,0,1
163.0,90.0,92,0.00031380039566136845,0.747953475680468,True,0,0
50.0,186.0,92,0.00031380039566136845,0.7482672760761294,True,0,0
141.0,68.0,92,0.00031380039566136845,0.7485810764717908,True,1,0
164.0,148.0,92,0.00031380039566136845,0.7488948768674523,True,0,2
231.0,125.0,92,0.00031380039566136845,0.7492086772631137,True,2,2
263.0,186.0,91,0.000310389521795484,0.7495190667849092,True,1,0
234.0,125.0,91,0.000310389521795484,0.7498294563067047,True,0,2
236.0,41.0,91,0.000310389521795484,0.7501398458285002,True,1,1
239.0,244.0,91,0.000310389521795484,0.7504502353502958,True,0,3
151.0,41.0,91,0.000310389521795484,0.7507606248720913,True,1,1
233.0,68.0,91,0.000310389521795484,0.7510710143938868,True,0,0
233.0,263.0,91,0.000310389521795484,0.7513814039156823,True,0,1
79.0,13.0,91,0.000310389521795484,0.7516917934374778,True,0,2
48.0,244.0,91,0.000310389521795484,0.7520021829592733,True,0,3
211.0,164.0,90,0.0003069786479295996,0.752309161607203,True,2,0
211.0,144.0,90,0.0003069786479295996,0.7526161402551326,True,2,2
50.0,163.0,90,0.0003069786479295996,0.7529231189030622,True,0,0
249.0,140.0,90,0.0003069786479295996,0.7532300975509918,True,2,1
239.0,186.0,90,0.0003069786479295996,0.7535370761989214,True,0,0
170.0,43.0,90,0.0003069786479295996,0.753844054846851,True,0,1
50.0,50.0,90,0.0003069786479295996,0.7541510334947806,True,0,0
151.0,74.0,90,0.0003069786479295996,0.7544580121427102,True,1,1
164.0,263.0,90,0.0003069786479295996,0.7547649907906399,True,0,1
166.0,142.0,90,0.0003069786479295996,0.7550719694385695,True,1,0
233.0,249.0,89,0.0003035677740637151,0.7553755372126332,True,0,2
50.0,161.0,89,0.0003035677740637151,0.7556791049866969,True,0,0
43.0,140.0,89,0.0003035677740637151,0.7559826727607606,True,1,1
13.0,246.0,89,0.0003035677740637151,0.7562862405348243,True,2,0
144.0,114.0,89,0.0003035677740637151,0.756589808308888,True,2,2
107.0,211.0,89,0.0003035677740637151,0.7568933760829517,True,0,2
233.0,137.0,88,0.0003001569001978307,0.7571935329831495,True,0,0
239.0,234.0,88,0.0003001569001978307,0.7574936898833473,True,0,0
162.0,158.0,88,0.0003001569001978307,0.7577938467835451,True,0,2
137.0,68.0,88,0.0003001569001978307,0.7580940036837429,True,0,0
148.0,263.0,88,0.0003001569001978307,0.7583941605839407,True,2,1
113.0,229.0,88,0.0003001569001978307,0.7586943174841385,True,0,0
263.0,43.0,88,0.0003001569001978307,0.7589944743843363,True,1,1
74.0,41.0,88,0.0003001569001978307,0.7592946312845341,True,1,1
148.0,232.0,88,0.0003001569001978307,0.7595947881847319,True,2,0
142.0,41.0,88,0.0003001569001978307,0.7598949450849297,True,0,1
163.0,79.0,88,0.0003001569001978307,0.7601951019851275,True,0,0
229.0,239.0,88,0.0003001569001978307,0.7604952588853253,True,0,0
114.0,239.0,88,0.0003001569001978307,0.7607954157855231,True,2,0
142.0,79.0,88,0.0003001569001978307,0.7610955726857209,True,0,0
140.0,79.0,88,0.0003001569001978307,0.7613957295859187,True,1,0
144.0,161.0,87,0.00029674602633194625,0.7616924756122506,True,2,0
231.0,162.0,87,0.00029674602633194625,0.7619892216385825,True,2,0
233.0,236.0,87,0.00029674602633194625,0.7622859676649144,True,0,1
231.0,48.0,87,0.00029674602633194625,0.7625827136912463,True,2,0
144.0,137.0,87,0.00029674602633194625,0.7628794597175782,True,2,0
137.0,164.0,87,0.00029674602633194625,0.7631762057439101,True,0,0
68.0,140.0,87,0.00029674602633194625,0.763472951770242,True,0,1
143.0,141.0,87,0.00029674602633194625,0.7637696977965739,True,0,1
114.0,142.0,87,0.00029674602633194625,0.7640664438229058,True,2,0
246.0,229.0,87,0.00029674602633194625,0.7643631898492377,True,0,0
186.0,261.0,86,0.0002933351524660618,0.7646565250017038,True,0,2
13.0,68.0,86,0.0002933351524660618,0.7649498601541699,True,2,0
211.0,87.0,86,0.0002933351524660618,0.765243195306636,True,2,2
262.0,170.0,86,0.0002933351524660618,0.7655365304591021,True,1,0
246.0,236.0,86,0.0002933351524660618,0.7658298656115682,True,0,1
148.0,158.0,86,0.0002933351524660618,0.7661232007640343,True,2,2
249.0,143.0,86,0.0002933351524660618,0.7664165359165004,True,2,0
140.0,186.0,85,0.0002899242786001774,0.7667064601951006,True,1,0
90.0,162.0,85,0.0002899242786001774,0.7669963844737008,True,0,0
90.0,237.0,85,0.0002899242786001774,0.767286308752301,True,0,1
68.0,263.0,85,0.0002899242786001774,0.7675762330309012,True,0,1
246.0,162.0,85,0.0002899242786001774,0.7678661573095014,True,0,0
166.0,41.0,85,0.0002899242786001774,0.7681560815881016,True,1,1
100.0,79.0,85,0.0002899242786001774,0.7684460058667018,True,0,0
238.0,244.0,85,0.0002899242786001774,0.768735930145302,True,1,3
163.0,231.0,85,0.0002899242786001774,0.7690258544239021,True,0,2
238.0,50.0,85,0.0002899242786001774,0.7693157787025023,True,1,0
75.0,141.0,85,0.0002899242786001774,0.7696057029811025,True,1,1
48.0,137.0,85,0.0002899242786001774,0.7698956272597027,True,0,0
237.0,114.0,85,0.0002899242786001774,0.7701855515383029,True,1,2
263.0,107.0,85,0.0002899242786001774,0.7704754758169031,True,1,0
125.0,158.0,84,0.0002865134047342929,0.7707619892216374,True,2,2
142.0,100.0,84,0.0002865134047342929,0.7710485026263717,True,0,0
75.0,42.0,84,0.0002865134047342929,0.771335016031106,True,1,1
113.0,48.0,84,0.0002865134047342929,0.7716215294358403,True,0,0
87.0,144.0,84,0.0002865134047342929,0.7719080428405746,True,2,2
113.0,125.0,84,0.0002865134047342929,0.7721945562453089,True,0,2
114.0,4.0,84,0.0002865134047342929,0.7724810696500432,True,2,0
144.0,261.0,84,0.0002865134047342929,0.7727675830547774,True,2,2
246.0,107.0,84,0.0002865134047342929,0.7730540964595117,True,0,0
151.0,143.0,84,0.0002865134047342929,0.773340609864246,True,1,0
75.0,239.0,84,0.0002865134047342929,0.7736271232689803,True,1,0
261.0,246.0,84,0.0002865134047342929,0.7739136366737146,True,2,0
238.0,246.0,84,0.0002865134047342929,0.7742001500784489,True,1,0
249.0,261.0,84,0.0002865134047342929,0.7744866634831832,True,2,2
75.0,41.0,84,0.0002865134047342929,0.7747731768879175,True,1,1
90.0,137.0,84,0.0002865134047342929,0.7750596902926518,True,0,0
79.0,50.0,84,0.0002865134047342929,0.775346203697386,True,0,0
79.0,45.0,83,0.0002831025308684085,0.7756293062282544,True,0,2
249.0,238.0,83,0.0002831025308684085,0.7759124087591228,True,2,1
68.0,261.0,83,0.0002831025308684085,0.7761955112899912,True,0,2
186.0,125.0,83,0.0002831025308684085,0.7764786138208596,True,0,2
140.0,163.0,83,0.0002831025308684085,0.776761716351728,True,1,0
234.0,13.0,83,0.0002831025308684085,0.7770448188825964,True,0,2
107.0,158.0,83,0.0002831025308684085,0.7773279214134647,True,0,2
170.0,87.0,82,0.00027969165700252404,0.7776076130704672,True,0,2
164.0,239.0,82,0.00027969165700252404,0.7778873047274697,True,0,0
90.0,239.0,82,0.00027969165700252404,0.7781669963844722,True,0,0
43.0,186.0,82,0.00027969165700252404,0.7784466880414747,True,1,0
237.0,100.0,82,0.00027969165700252404,0.7787263796984771,True,1,0
239.0,74.0,82,0.00027969165700252404,0.7790060713554796,True,0,1
230.0,13.0,82,0.00027969165700252404,0.7792857630124821,True,0,2
142.0,75.0,82,0.00027969165700252404,0.7795654546694846,True,0,1
162.0,87.0,82,0.00027969165700252404,0.779845146326487,True,0,2
137.0,113.0,82,0.00027969165700252404,0.7801248379834895,True,0,0
166.0,74.0,81,0.0002762807831366396,0.7804011187666262,True,1,1
90.0,163.0,81,0.0002762807831366396,0.7806773995497629,True,0,0
41.0,75.0,81,0.0002762807831366396,0.7809536803328996,True,1,1
170.0,143.0,81,0.0002762807831366396,0.7812299611160363,True,0,0
234.0,143.0,80,0.00027286990927075517,0.781502831025307,True,0,0
142.0,158.0,80,0.00027286990927075517,0.7817757009345778,True,0,2
90.0,50.0,80,0.00027286990927075517,0.7820485708438486,True,0,0
236.0,79.0,80,0.00027286990927075517,0.7823214407531194,True,1,0
13.0,249.0,80,0.00027286990927075517,0.7825943106623902,True,2,2
87.0,232.0,80,0.00027286990927075517,0.7828671805716609,True,2,0
186.0,232.0,80,0.00027286990927075517,0.7831400504809317,True,0,0
90.0,233.0,80,0.00027286990927075517,0.7834129203902025,True,0,0
50.0,143.0,80,0.00027286990927075517,0.7836857902994733,True,0,0
162.0,13.0,80,0.00027286990927075517,0.783958660208744,True,0,2
249.0,262.0,80,0.00027286990927075517,0.7842315301180148,True,2,1
113.0,4.0,80,0.00027286990927075517,0.7845044000272856,True,0,0
164.0,43.0,80,0.00027286990927075517,0.7847772699365564,True,0,1
87.0,249.0,79,0.0002694590354048707,0.7850467289719613,True,2,2
74.0,42.0,79,0.0002694590354048707,0.7853161880073661,True,1,1
237.0,74.0,79,0.0002694590354048707,0.785585647042771,True,1,1
100.0,229.0,79,0.0002694590354048707,0.7858551060781759,True,0,0
234.0,140.0,79,0.0002694590354048707,0.7861245651135808,True,0,1
114.0,13.0,79,0.0002694590354048707,0.7863940241489856,True,2,2
233.0,48.0,79,0.0002694590354048707,0.7866634831843905,True,0,0
142.0,113.0,79,0.0002694590354048707,0.7869329422197954,True,0,0
249.0,232.0,79,0.0002694590354048707,0.7872024012552002,True,2,0
230.0,261.0,79,0.0002694590354048707,0.7874718602906051,True,0,2
140.0,43.0,78,0.0002660481615389863,0.7877379084521441,True,1,1
140.0,107.0,78,0.0002660481615389863,0.788003956613683,True,1,0
140.0,74.0,78,0.0002660481615389863,0.788270004775222,True,1,1
211.0,163.0,78,0.0002660481615389863,0.788536052936761,True,2,0
114.0,100.0,78,0.0002660481615389863,0.7888021010983,True,2,0
79.0,75.0,78,0.0002660481615389863,0.7890681492598389,True,0,1
163.0,113.0,78,0.0002660481615389863,0.7893341974213779,True,0,0
142.0,233.0,78,0.0002660481615389863,0.7896002455829169,True,0,0
261.0,68.0,78,0.0002660481615389863,0.7898662937444558,True,2,0
143.0,166.0,78,0.0002660481615389863,0.7901323419059948,True,0,1
143.0,162.0,78,0.0002660481615389863,0.7903983900675338,True,0,0
237.0,211.0,78,0.0002660481615389863,0.7906644382290727,True,1,2
114.0,236.0,78,0.0002660481615389863,0.7909304863906117,True,2,1
246.0,238.0,78,0.0002660481615389863,0.7911965345521507,True,0,1
144.0,211.0,78,0.0002660481615389863,0.7914625827136896,True,2,2
79.0,238.0,78,0.0002660481615389863,0.7917286308752286,True,0,1
230.0,148.0,78,0.0002660481615389863,0.7919946790367676,True,0,2
230.0,114.0,78,0.0002660481615389863,0.7922607271983065,True,0,2
148.0,161.0,78,0.0002660481615389863,0.7925267753598455,True,2,0
113.0,233.0,77,0.00026263728767310184,0.7927894126475186,True,0,0
148.0,230.0,77,0.00026263728767310184,0.7930520499351916,True,2,0
100.0,107.0,77,0.00026263728767310184,0.7933146872228647,True,0,0
148.0,140.0,77,0.00026263728767310184,0.7935773245105378,True,2,1
234.0,238.0,77,0.00026263728767310184,0.7938399617982108,True,0,1
170.0,238.0,77,0.00026263728767310184,0.7941025990858839,True,0,1
48.0,148.0,77,0.00026263728767310184,0.7943652363735569,True,0,2
107.0,100.0,77,0.00026263728767310184,0.79462787366123,True,0,0
48.0,262.0,77,0.00026263728767310184,0.7948905109489031,True,0,1
90.0,141.0,77,0.00026263728767310184,0.7951531482365761,True,0,1
161.0,87.0,77,0.00026263728767310184,0.7954157855242492,True,0,2
114.0,125.0,77,0.00026263728767310184,0.7956784228119222,True,2,2
125.0,234.0,77,0.00026263728767310184,0.7959410600995953,True,2,0
90.0,236.0,77,0.00026263728767310184,0.7962036973872684,True,0,1
230.0,262.0,76,0.00025922641380721743,0.7964629238010756,True,0,1
211.0,161.0,76,0.00025922641380721743,0.7967221502148829,True,2,0
144.0,141.0,76,0.00025922641380721743,0.7969813766286902,True,2,1
43.0,262.0,76,0.00025922641380721743,0.7972406030424974,True,1,1
238.0,162.0,76,0.00025922641380721743,0.7974998294563047,True,1,0
79.0,88.0,76,0.00025922641380721743,0.797759055870112,True,0,2
113.0,141.0,76,0.00025922641380721743,0.7980182822839192,True,0,1
233.0,148.0,76,0.00025922641380721743,0.7982775086977265,True,0,2
140.0,137.0,76,0.00025922641380721743,0.7985367351115338,True,1,0
262.0,107.0,75,0.00025581553994133297,0.7987925506514751,True,1,0
246.0,114.0,75,0.00025581553994133297,0.7990483661914165,True,0,2
87.0,211.0,75,0.00025581553994133297,0.7993041817313579,True,2,2
233.0,163.0,75,0.00025581553994133297,0.7995599972712992,True,0,0
237.0,137.0,75,0.00025581553994133297,0.7998158128112406,True,1,0
4.0,79.0,75,0.00025581553994133297,0.800071628351182,False,0,0
262.0,233.0,75,0.00025581553994133297,0.8003274438911233,False,1,0
263.0,68.0,75,0.00025581553994133297,0.8005832594310647,False,1,0
163.0,211.0,75,0.00025581553994133297,0.800839074971006,False,0,2
246.0,141.0,75,0.00025581553994133297,0.8010948905109474,False,0,1
79.0,261.0,75,0.00025581553994133297,0.8013507060508888,False,0,2
229.0,43.0,75,0.00025581553994133297,0.8016065215908301,False,0,1
158.0,161.0,74,0.0002524046660754485,0.8018589262569056,False,2,0
13.0,87.0,74,0.0002524046660754485,0.802111330922981,False,2,2
48.0,144.0,74,0.0002524046660754485,0.8023637355890565,False,0,2
164.0,143.0,74,0.0002524046660754485,0.802616140255132,False,0,0
151.0,237.0,74,0.0002524046660754485,0.8028685449212074,False,1,1
229.0,249.0,74,0.0002524046660754485,0.8031209495872829,False,0,2
151.0,75.0,74,0.0002524046660754485,0.8033733542533583,False,1,1
263.0,230.0,74,0.0002524046660754485,0.8036257589194338,False,1,0
161.0,13.0,73,0.0002489937922095641,0.8038747527116433,False,0,2
237.0,50.0,73,0.0002489937922095641,0.8041237465038529,False,1,0
233.0,114.0,73,0.0002489937922095641,0.8043727402960624,False,0,2
162.0,75.0,73,0.0002489937922095641,0.804621734088272,False,0,1
164.0,140.0,73,0.0002489937922095641,0.8048707278804815,False,0,1
144.0,232.0,73,0.0002489937922095641,0.8051197216726911,False,2,0
249.0,224.0,73,0.0002489937922095641,0.8053687154649006,False,2,0
142.0,244.0,73,0.0002489937922095641,0.8056177092571102,False,0,3
137.0,48.0,73,0.0002489937922095641,0.8058667030493197,False,0,0
68.0,262.0,73,0.0002489937922095641,0.8061156968415293,False,0,1
79.0,224.0,73,0.0002489937922095641,0.8063646906337388,False,0,0
48.0,114.0,73,0.0002489937922095641,0.8066136844259484,False,0,2
137.0,161.0,73,0.0002489937922095641,0.8068626782181579,False,0,0
231.0,232.0,72,0.00024558291834367963,0.8071082611365016,False,2,0
144.0,233.0,72,0.00024558291834367963,0.8073538440548452,False,2,0
114.0,232.0,72,0.00024558291834367963,0.8075994269731889,False,2,0
79.0,209.0,72,0.00024558291834367963,0.8078450098915325,False,0,2
137.0,237.0,72,0.00024558291834367963,0.8080905928098762,False,0,1
13.0,230.0,72,0.00024558291834367963,0.8083361757282198,False,2,0
237.0,144.0,72,0.00024558291834367963,0.8085817586465635,False,1,2
143.0,170.0,72,0.00024558291834367963,0.8088273415649071,False,0,0
125.0,79.0,72,0.00024558291834367963,0.8090729244832507,False,2,0
137.0,144.0,72,0.00024558291834367963,0.8093185074015944,False,0,2
162.0,224.0,71,0.00024217204447779522,0.8095606794460721,False,0,0
237.0,166.0,71,0.00024217204447779522,0.8098028514905499,False,1,1
234.0,263.0,71,0.00024217204447779522,0.8100450235350276,False,0,1
148.0,162.0,71,0.00024217204447779522,0.8102871955795053,False,2,0
140.0,48.0,71,0.00024217204447779522,0.8105293676239831,False,1,0
231.0,237.0,71,0.00024217204447779522,0.8107715396684608,False,2,1
236.0,90.0,71,0.00024217204447779522,0.8110137117129386,False,1,0
230.0,87.0,71,0.00024217204447779522,0.8112558837574163,False,0,2
48.0,75.0,71,0.00024217204447779522,0.811498055801894,False,0,1
163.0,114.0,71,0.00024217204447779522,0.8117402278463718,False,0,2
263.0,48.0,71,0.00024217204447779522,0.8119823998908495,False,1,0
13.0,158.0,71,0.00024217204447779522,0.8122245719353273,False,2,2
144.0,163.0,71,0.00024217204447779522,0.812466743979805,False,2,0
79.0,125.0,71,0.00024217204447779522,0.8127089160242827,False,0,2
262.0,234.0,70,0.00023876117061191076,0.8129476771948947,False,1,0
148.0,125.0,70,0.00023876117061191076,0.8131864383655066,False,2,2
236.0,231.0,70,0.00023876117061191076,0.8134251995361186,False,1,2
246.0,113.0,70,0.00023876117061191076,0.8136639607067305,False,0,0
100.0,141.0,70,0.00023876117061191076,0.8139027218773425,False,0,1
142.0,231.0,70,0.00023876117061191076,0.8141414830479544,False,0,2
231.0,45.0,70,0.00023876117061191076,0.8143802442185664,False,2,2
13.0,211.0,70,0.00023876117061191076,0.8146190053891783,False,2,2
158.0,50.0,70,0.00023876117061191076,0.8148577665597903,False,2,0
144.0,237.0,70,0.00023876117061191076,0.8150965277304022,False,2,1
79.0,143.0,70,0.00023876117061191076,0.8153352889010141,False,0,0
230.0,113.0,70,0.00023876117061191076,0.8155740500716261,False,0,0
211.0,237.0,70,0.00023876117061191076,0.815812811242238,False,2,1
211.0,48.0,70,0.00023876117061191076,0.81605157241285,False,2,0
148.0,261.0,69,0.00023535029674602633,0.816286922709596,False,2,2
140.0,234.0,69,0.00023535029674602633,0.8165222730063421,False,1,0
100.0,43.0,69,0.00023535029674602633,0.8167576233030881,False,0,1
162.0,232.0,69,0.00023535029674602633,0.8169929735998341,False,0,0
163.0,144.0,69,0.00023535029674602633,0.8172283238965802,False,0,2
170.0,224.0,69,0.00023535029674602633,0.8174636741933262,False,0,0
237.0,151.0,69,0.00023535029674602633,0.8176990244900723,False,1,1
239.0,79.0,69,0.00023535029674602633,0.8179343747868183,False,0,0
13.0,79.0,69,0.00023535029674602633,0.8181697250835643,False,2,0
48.0,113.0,69,0.00023535029674602633,0.8184050753803104,False,0,0
125.0,90.0,69,0.00023535029674602633,0.8186404256770564,False,2,0
100.0,231.0,69,0.00023535029674602633,0.8188757759738025,False,0,2
239.0,164.0,68,0.0002319394228801419,0.8191077153966826,False,0,0
100.0,236.0,68,0.0002319394228801419,0.8193396548195627,False,0,1
50.0,238.0,68,0.0002319394228801419,0.8195715942424429,False,0,1
113.0,236.0,68,0.0002319394228801419,0.819803533665323,False,0,1
246.0,87.0,68,0.0002319394228801419,0.8200354730882031,False,0,2
113.0,87.0,68,0.0002319394228801419,0.8202674125110833,False,0,2
151.0,24.0,68,0.0002319394228801419,0.8204993519339634,False,1,1
74.0,236.0,68,0.0002319394228801419,0.8207312913568435,False,1,1
42.0,74.0,68,0.0002319394228801419,0.8209632307797237,False,1,1
43.0,100.0,67,0.00022852854901425745,0.8211917593287379,False,1,0
148.0,236.0,67,0.00022852854901425745,0.8214202878777521,False,2,1
262.0,79.0,67,0.00022852854901425745,0.8216488164267663,False,1,0
143.0,263.0,67,0.00022852854901425745,0.8218773449757806,False,0,1
100.0,239.0,67,0.00022852854901425745,0.8221058735247948,False,0,0
261.0,211.0,67,0.00022852854901425745,0.822334402073809,False,2,2
211.0,261.0,67,0.00022852854901425745,0.8225629306228233,False,2,2
144.0,100.0,67,0.00022852854901425745,0.8227914591718375,False,2,0
113.0,142.0,67,0.00022852854901425745,0.8230199877208517,False,0,0
151.0,48.0,67,0.00022852854901425745,0.823248516269866,False,1,0
231.0,261.0,67,0.00022852854901425745,0.8234770448188802,False,2,2
48.0,42.0,67,0.00022852854901425745,0.8237055733678944,False,0,1
141.0,246.0,67,0.00022852854901425745,0.8239341019169086,False,1,0
158.0,142.0,66,0.00022511767514837302,0.824159219592057,False,2,0
246.0,144.0,66,0.00022511767514837302,0.8243843372672053,False,0,2
87.0,45.0,66,0.00022511767514837302,0.8246094549423536,False,2,2
158.0,137.0,66,0.00022511767514837302,0.8248345726175019,False,2,0
229.0,148.0,66,0.00022511767514837302,0.8250596902926502,False,0,2
234.0,262.0,66,0.00022511767514837302,0.8252848079677986,False,0,1
144.0,229.0,66,0.00022511767514837302,0.8255099256429469,False,2,0
144.0,236.0,66,0.00022511767514837302,0.8257350433180952,False,2,1
151.0,263.0,66,0.00022511767514837302,0.8259601609932435,False,1,1
229.0,90.0,66,0.00022511767514837302,0.8261852786683919,False,0,0
48.0,13.0,66,0.00022511767514837302,0.8264103963435402,False,0,2
125.0,148.0,66,0.00022511767514837302,0.8266355140186885,False,2,2
233.0,262.0,66,0.00022511767514837302,0.8268606316938368,False,0,1
186.0,151.0,66,0.00022511767514837302,0.8270857493689852,False,0,1
107.0,224.0,65,0.00022170680128248858,0.8273074561702677,False,0,0
90.0,125.0,65,0.00022170680128248858,0.8275291629715502,False,0,2
236.0,249.0,65,0.00022170680128248858,0.8277508697728327,False,1,2
186.0,75.0,65,0.00022170680128248858,0.8279725765741153,False,0,1
164.0,87.0,65,0.00022170680128248858,0.8281942833753978,False,0,2
162.0,211.0,65,0.00022170680128248858,0.8284159901766803,False,0,2
230.0,88.0,65,0.00022170680128248858,0.8286376969779629,False,0,2
211.0,114.0,65,0.00022170680128248858,0.8288594037792454,False,2,2
100.0,137.0,65,0.00022170680128248858,0.8290811105805279,False,0,0
50.0,236.0,65,0.00022170680128248858,0.8293028173818104,False,0,1
41.0,166.0,65,0.00022170680128248858,0.829524524183093,False,1,1
87.0,87.0,64,0.00021829592741660412,0.8297428201105096,False,2,2
41.0,238.0,64,0.00021829592741660412,0.8299611160379262,False,1,1
263.0,143.0,64,0.00021829592741660412,0.8301794119653428,False,1,0
87.0,164.0,64,0.00021829592741660412,0.8303977078927595,False,2,0
263.0,151.0,64,0.00021829592741660412,0.8306160038201761,False,1,1
263.0,41.0,64,0.00021829592741660412,0.8308342997475927,False,1,1
231.0,88.0,64,0.00021829592741660412,0.8310525956750093,False,2,2
229.0,114.0,64,0.00021829592741660412,0.831270891602426,False,0,2
48.0,140.0,64,0.00021829592741660412,0.8314891875298426,False,0,1
43.0,151.0,64,0.00021829592741660412,0.8317074834572592,False,1,1
75.0,262.0,64,0.00021829592741660412,0.8319257793846758,False,1,1
186.0,4.0,64,0.00021829592741660412,0.8321440753120924,False,0,0
144.0,13.0,64,0.00021829592741660412,0.8323623712395091,False,2,2
87.0,68.0,64,0.00021829592741660412,0.8325806671669257,False,2,0
237.0,41.0,64,0.00021829592741660412,0.8327989630943423,False,1,1
114.0,263.0,64,0.00021829592741660412,0.8330172590217589,False,2,1
143.0,229.0,64,0.00021829592741660412,0.8332355549491756,False,0,0
137.0,230.0,63,0.00021488505355071969,0.8334504400027263,False,0,0
113.0,232.0,63,0.00021488505355071969,0.833665325056277,False,0,0
233.0,100.0,63,0.00021488505355071969,0.8338802101098277,False,0,0
231.0,163.0,63,0.00021488505355071969,0.8340950951633784,False,2,0
75.0,140.0,63,0.00021488505355071969,0.8343099802169291,False,1,1
234.0,224.0,63,0.00021488505355071969,0.8345248652704799,False,0,0
125.0,144.0,63,0.00021488505355071969,0.8347397503240306,False,2,2
141.0,114.0,63,0.00021488505355071969,0.8349546353775813,False,1,2
231.0,137.0,62,0.00021147417968483525,0.8351661095572661,False,2,0
209.0,148.0,62,0.00021147417968483525,0.8353775837369509,False,2,2
148.0,239.0,62,0.00021147417968483525,0.8355890579166357,False,2,0
140.0,230.0,62,0.00021147417968483525,0.8358005320963205,False,1,0
68.0,43.0,62,0.00021147417968483525,0.8360120062760054,False,0,1
43.0,50.0,62,0.00021147417968483525,0.8362234804556902,False,1,0
125.0,246.0,62,0.00021147417968483525,0.836434954635375,False,2,0
246.0,233.0,62,0.00021147417968483525,0.8366464288150598,False,0,0
43.0,249.0,62,0.00021147417968483525,0.8368579029947446,False,1,2
158.0,125.0,62,0.00021147417968483525,0.8370693771744294,False,2,2
263.0,234.0,62,0.00021147417968483525,0.8372808513541142,False,1,0
90.0,238.0,61,0.00020806330581895081,0.8374889146599331,False,0,1
234.0,261.0,61,0.00020806330581895081,0.837696977965752,False,0,2
75.0,142.0,61,0.00020806330581895081,0.837905041271571,False,1,0
239.0,90.0,61,0.00020806330581895081,0.8381131045773899,False,0,0
234.0,43.0,61,0.00020806330581895081,0.8383211678832088,False,0,1
239.0,107.0,61,0.00020806330581895081,0.8385292311890277,False,0,0
140.0,164.0,61,0.00020806330581895081,0.8387372944948466,False,1,0
148.0,209.0,61,0.00020806330581895081,0.8389453578006655,False,2,2
262.0,137.0,61,0.00020806330581895081,0.8391534211064844,False,1,0
261.0,161.0,61,0.00020806330581895081,0.8393614844123033,False,2,0
87.0,186.0,61,0.00020806330581895081,0.8395695477181222,False,2,0
87.0,170.0,61,0.00020806330581895081,0.8397776110239411,False,2,0
141.0,113.0,61,0.00020806330581895081,0.83998567432976,False,1,0
100.0,13.0,61,0.00020806330581895081,0.8401937376355789,False,0,2
232.0,79.0,60,0.00020465243195306638,0.840398390067532,False,0,0
114.0,261.0,60,0.00020465243195306638,0.8406030424994851,False,2,2
161.0,261.0,60,0.00020465243195306638,0.8408076949314383,False,0,2
239.0,100.0,60,0.00020465243195306638,0.8410123473633914,False,0,0
107.0,232.0,60,0.00020465243195306638,0.8412169997953445,False,0,0
148.0,142.0,60,0.00020465243195306638,0.8414216522272976,False,2,0
107.0,238.0,60,0.00020465243195306638,0.8416263046592507,False,0,1
236.0,113.0,60,0.00020465243195306638,0.8418309570912038,False,1,0
88.0,79.0,60,0.00020465243195306638,0.8420356095231569,False,2,0
140.0,249.0,60,0.00020465243195306638,0.84224026195511,False,1,2
114.0,140.0,60,0.00020465243195306638,0.8424449143870631,False,2,1
140.0,68.0,60,0.00020465243195306638,0.8426495668190163,False,1,0
113.0,163.0,60,0.00020465243195306638,0.8428542192509694,False,0,0
209.0,79.0,59,0.00020124155808718194,0.8430554608090566,False,2,0
48.0,41.0,59,0.00020124155808718194,0.8432567023671438,False,0,1
141.0,231.0,59,0.00020124155808718194,0.843457943925231,False,1,2
230.0,41.0,59,0.00020124155808718194,0.8436591854833182,False,0,1
236.0,137.0,59,0.00020124155808718194,0.8438604270414054,False,1,0
43.0,41.0,59,0.00020124155808718194,0.8440616685994926,False,1,1
100.0,144.0,59,0.00020124155808718194,0.8442629101575798,False,0,2
230.0,151.0,59,0.00020124155808718194,0.844464151715667,False,0,1
166.0,236.0,59,0.00020124155808718194,0.8446653932737542,False,1,1
233.0,142.0,58,0.0001978306842212975,0.8448632239579755,False,0,0
234.0,232.0,58,0.0001978306842212975,0.8450610546421968,False,0,0
144.0,4.0,58,0.0001978306842212975,0.8452588853264181,False,2,0
144.0,88.0,58,0.0001978306842212975,0.8454567160106394,False,2,2
75.0,151.0,58,0.0001978306842212975,0.8456545466948607,False,1,1
75.0,161.0,58,0.0001978306842212975,0.845852377379082,False,1,0
48.0,243.0,58,0.0001978306842212975,0.8460502080633033,False,0,3
107.0,4.0,58,0.0001978306842212975,0.8462480387475246,False,0,0
50.0,234.0,58,0.0001978306842212975,0.8464458694317459,False,0,0
148.0,100.0,58,0.0001978306842212975,0.8466437001159672,False,2,0
90.0,87.0,58,0.0001978306842212975,0.8468415308001885,False,0,2
137.0,232.0,58,0.0001978306842212975,0.8470393614844098,False,0,0
239.0,249.0,58,0.0001978306842212975,0.8472371921686311,False,0,2
229.0,246.0,58,0.0001978306842212975,0.8474350228528524,False,0,0
141.0,249.0,58,0.0001978306842212975,0.8476328535370737,False,1,2
163.0,158.0,58,0.0001978306842212975,0.847830684221295,False,0,2
170.0,232.0,58,0.0001978306842212975,0.8480285149055163,False,0,0
236.0,100.0,58,0.0001978306842212975,0.8482263455897376,False,1,0
141.0,90.0,58,0.0001978306842212975,0.8484241762739589,False,1,0
158.0,143.0,57,0.00019441981035541304,0.8486185960843143,False,2,0
261.0,158.0,57,0.00019441981035541304,0.8488130158946697,False,2,2
261.0,186.0,57,0.00019441981035541304,0.8490074357050251,False,2,0
261.0,79.0,57,0.00019441981035541304,0.8492018555153805,False,2,0
262.0,163.0,57,0.00019441981035541304,0.8493962753257359,False,1,0
158.0,239.0,57,0.00019441981035541304,0.8495906951360913,False,2,0
237.0,158.0,57,0.00019441981035541304,0.8497851149464467,False,1,2
233.0,246.0,57,0.00019441981035541304,0.8499795347568021,False,0,0
163.0,151.0,57,0.00019441981035541304,0.8501739545671575,False,0,1
48.0,211.0,57,0.00019441981035541304,0.8503683743775129,False,0,2
113.0,100.0,57,0.00019441981035541304,0.8505627941878683,False,0,0
50.0,170.0,57,0.00019441981035541304,0.8507572139982237,False,0,0
261.0,164.0,57,0.00019441981035541304,0.8509516338085791,False,2,0
87.0,161.0,56,0.0001910089364895286,0.8511426427450686,False,2,0
88.0,231.0,56,0.0001910089364895286,0.8513336516815581,False,2,2
262.0,186.0,56,0.0001910089364895286,0.8515246606180475,False,1,0
13.0,186.0,56,0.0001910089364895286,0.851715669554537,False,2,0
164.0,232.0,56,0.0001910089364895286,0.8519066784910265,False,0,0
100.0,114.0,56,0.0001910089364895286,0.852097687427516,False,0,2
262.0,43.0,56,0.0001910089364895286,0.8522886963640055,False,1,1
246.0,148.0,56,0.0001910089364895286,0.852479705300495,False,0,2
137.0,236.0,56,0.0001910089364895286,0.8526707142369845,False,0,1
246.0,43.0,56,0.0001910089364895286,0.852861723173474,False,0,1
114.0,143.0,56,0.0001910089364895286,0.8530527321099635,False,2,0
238.0,229.0,56,0.0001910089364895286,0.853243741046453,False,1,0
261.0,249.0,56,0.0001910089364895286,0.8534347499829424,False,2,2
229.0,100.0,56,0.0001910089364895286,0.8536257589194319,False,0,0
143.0,43.0,56,0.0001910089364895286,0.8538167678559214,False,0,1
233.0,90.0,56,0.0001910089364895286,0.8540077767924109,False,0,0
236.0,42.0,55,0.00018759806262364417,0.8541953748550346,False,1,1
143.0,140.0,55,0.00018759806262364417,0.8543829729176583,False,0,1
164.0,262.0,55,0.00018759806262364417,0.854570570980282,False,0,1
148.0,13.0,55,0.00018759806262364417,0.8547581690429057,False,2,2
87.0,234.0,55,0.00018759806262364417,0.8549457671055294,False,2,0
148.0,163.0,55,0.00018759806262364417,0.8551333651681531,False,2,0
87.0,233.0,55,0.00018759806262364417,0.8553209632307768,False,2,0
125.0,164.0,55,0.00018759806262364417,0.8555085612934005,False,2,0
140.0,231.0,55,0.00018759806262364417,0.8556961593560242,False,1,2
163.0,75.0,55,0.00018759806262364417,0.8558837574186479,False,0,1
141.0,148.0,55,0.00018759806262364417,0.8560713554812716,False,1,2
211.0,13.0,55,0.00018759806262364417,0.8562589535438953,False,2,2
231.0,142.0,55,0.00018759806262364417,0.856446551606519,False,2,0
90.0,13.0,55,0.00018759806262364417,0.8566341496691426,False,0,2
164.0,238.0,55,0.00018759806262364417,0.8568217477317663,False,0,1
107.0,87.0,55,0.00018759806262364417,0.85700934579439,False,0,2
229.0,113.0,54,0.00018418718875775974,0.8571935329831478,False,0,0
158.0,163.0,54,0.00018418718875775974,0.8573777201719056,False,2,0
261.0,148.0,54,0.00018418718875775974,0.8575619073606634,False,2,2
125.0,113.0,54,0.00018418718875775974,0.8577460945494212,False,2,0
107.0,75.0,54,0.00018418718875775974,0.857930281738179,False,0,1
143.0,186.0,54,0.00018418718875775974,0.8581144689269368,False,0,0
48.0,87.0,54,0.00018418718875775974,0.8582986561156946,False,0,2
113.0,263.0,54,0.00018418718875775974,0.8584828433044523,False,0,1
50.0,164.0,54,0.00018418718875775974,0.8586670304932101,False,0,0
114.0,50.0,54,0.00018418718875775974,0.8588512176819679,False,2,0
87.0,246.0,54,0.00018418718875775974,0.8590354048707257,False,2,0
50.0,237.0,54,0.00018418718875775974,0.8592195920594835,False,0,1
244.0,244.0,54,0.00018418718875775974,0.8594037792482413,False,3,3
87.0,230.0,54,0.00018418718875775974,0.8595879664369991,False,2,0
137.0,231.0,54,0.00018418718875775974,0.8597721536257569,False,0,2
231.0,209.0,54,0.00018418718875775974,0.8599563408145147,False,2,2
231.0,229.0,54,0.00018418718875775974,0.8601405280032725,False,2,0
263.0,164.0,54,0.00018418718875775974,0.8603247151920302,False,1,0
236.0,114.0,53,0.0001807763148918753,0.8605054915069221,False,1,2
236.0,50.0,53,0.0001807763148918753,0.860686267821814,False,1,0
137.0,100.0,53,0.0001807763148918753,0.8608670441367059,False,0,0
68.0,232.0,53,0.0001807763148918753,0.8610478204515978,False,0,0
211.0,100.0,53,0.0001807763148918753,0.8612285967664897,False,2,0
24.0,151.0,53,0.0001807763148918753,0.8614093730813815,False,1,1
13.0,48.0,53,0.0001807763148918753,0.8615901493962734,False,2,0
144.0,125.0,53,0.0001807763148918753,0.8617709257111653,False,2,2
144.0,142.0,53,0.0001807763148918753,0.8619517020260572,False,2,0
151.0,68.0,53,0.0001807763148918753,0.8621324783409491,False,1,0
246.0,137.0,53,0.0001807763148918753,0.862313254655841,False,0,0
113.0,239.0,53,0.0001807763148918753,0.8624940309707329,False,0,0
239.0,233.0,53,0.0001807763148918753,0.8626748072856247,False,0,0
125.0,87.0,53,0.0001807763148918753,0.8628555836005166,False,2,2
125.0,114.0,53,0.0001807763148918753,0.8630363599154085,False,2,2
48.0,116.0,53,0.0001807763148918753,0.8632171362303004,False,0,1
162.0,88.0,53,0.0001807763148918753,0.8633979125451923,False,0,2
238.0,116.0,53,0.0001807763148918753,0.8635786888600842,False,1,1
238.0,42.0,53,0.0001807763148918753,0.863759465174976,False,1,1
144.0,263.0,53,0.0001807763148918753,0.8639402414898679,False,2,1
239.0,158.0,53,0.0001807763148918753,0.8641210178047598,False,0,2
158.0,261.0,52,0.00017736544102599087,0.8642983832457858,False,2,2
158.0,233.0,52,0.00017736544102599087,0.8644757486868118,False,2,0
137.0,90.0,52,0.00017736544102599087,0.8646531141278377,False,0,0
231.0,141.0,52,0.00017736544102599087,0.8648304795688637,False,2,1
261.0,261.0,52,0.00017736544102599087,0.8650078450098897,False,2,2
68.0,151.0,52,0.00017736544102599087,0.8651852104509157,False,0,1
170.0,13.0,52,0.00017736544102599087,0.8653625758919417,False,0,2
87.0,107.0,52,0.00017736544102599087,0.8655399413329676,False,2,0
140.0,143.0,52,0.00017736544102599087,0.8657173067739936,False,1,0
107.0,43.0,52,0.00017736544102599087,0.8658946722150196,False,0,1
164.0,75.0,52,0.00017736544102599087,0.8660720376560456,False,0,1
249.0,209.0,52,0.00017736544102599087,0.8662494030970715,False,2,2
164.0,13.0,52,0.00017736544102599087,0.8664267685380975,False,0,2
50.0,249.0,52,0.00017736544102599087,0.8666041339791235,False,0,2
100.0,158.0,52,0.00017736544102599087,0.8667814994201495,False,0,2
238.0,186.0,52,0.00017736544102599087,0.8669588648611755,False,1,0
263.0,246.0,52,0.00017736544102599087,0.8671362303022014,False,1,0
211.0,233.0,52,0.00017736544102599087,0.8673135957432274,False,2,0
107.0,239.0,52,0.00017736544102599087,0.8674909611842534,False,0,0
166.0,116.0,52,0.00017736544102599087,0.8676683266252794,False,1,1
114.0,262.0,52,0.00017736544102599087,0.8678456920663054,False,2,1
125.0,107.0,52,0.00017736544102599087,0.8680230575073313,False,2,0
137.0,262.0,51,0.00017395456716010643,0.8681970120744914,False,0,1
231.0,236.0,51,0.00017395456716010643,0.8683709666416515,False,2,1
24.0,166.0,51,0.00017395456716010643,0.8685449212088115,False,1,1
229.0,238.0,51,0.00017395456716010643,0.8687188757759716,False,0,1
230.0,42.0,51,0.00017395456716010643,0.8688928303431317,False,0,1
234.0,4.0,51,0.00017395456716010643,0.8690667849102918,False,0,0
170.0,75.0,51,0.00017395456716010643,0.8692407394774518,False,0,1
230.0,137.0,51,0.00017395456716010643,0.8694146940446119,False,0,0
143.0,164.0,51,0.00017395456716010643,0.869588648611772,False,0,0
100.0,143.0,51,0.00017395456716010643,0.8697626031789321,False,0,0
13.0,114.0,51,0.00017395456716010643,0.8699365577460921,False,2,2
137.0,4.0,51,0.00017395456716010643,0.8701105123132522,False,0,0
68.0,166.0,51,0.00017395456716010643,0.8702844668804123,False,0,1
249.0,45.0,51,0.00017395456716010643,0.8704584214475724,False,2,2
246.0,261.0,51,0.00017395456716010643,0.8706323760147324,False,0,2
43.0,79.0,51,0.00017395456716010643,0.8708063305818925,False,1,0
87.0,114.0,51,0.00017395456716010643,0.8709802851490526,False,2,2
166.0,42.0,51,0.00017395456716010643,0.8711542397162126,False,1,1
148.0,262.0,51,0.00017395456716010643,0.8713281942833727,False,2,1
158.0,162.0,51,0.00017395456716010643,0.8715021488505328,False,2,0
68.0,224.0,50,0.00017054369329422197,0.871672692543827,False,0,0
90.0,263.0,50,0.00017054369329422197,0.8718432362371211,False,0,1
262.0,68.0,50,0.00017054369329422197,0.8720137799304153,False,1,0
231.0,140.0,50,0.00017054369329422197,0.8721843236237095,False,2,1
261.0,234.0,50,0.00017054369329422197,0.8723548673170036,False,2,0
90.0,140.0,50,0.00017054369329422197,0.8725254110102978,False,0,1
161.0,125.0,50,0.00017054369329422197,0.872695954703592,False,0,2
158.0,237.0,50,0.00017054369329422197,0.8728664983968861,False,2,1
261.0,144.0,50,0.00017054369329422197,0.8730370420901803,False,2,2
151.0,116.0,50,0.00017054369329422197,0.8732075857834745,False,1,1
43.0,75.0,50,0.00017054369329422197,0.8733781294767686,False,1,1
24.0,142.0,50,0.00017054369329422197,0.8735486731700628,False,1,0
125.0,186.0,50,0.00017054369329422197,0.873719216863357,False,2,0
233.0,231.0,50,0.00017054369329422197,0.8738897605566511,False,0,2
166.0,143.0,50,0.00017054369329422197,0.8740603042499453,False,1,0
148.0,50.0,50,0.00017054369329422197,0.8742308479432395,False,2,0
48.0,24.0,50,0.00017054369329422197,0.8744013916365336,False,0,1
142.0,42.0,50,0.00017054369329422197,0.8745719353298278,False,0,1
43.0,107.0,50,0.00017054369329422197,0.874742479023122,False,1,0
229.0,75.0,50,0.00017054369329422197,0.8749130227164161,False,0,1
170.0,88.0,50,0.00017054369329422197,0.8750835664097103,False,0,2
100.0,238.0,49,0.00016713281942833753,0.8752506992291387,False,0,1
261.0,170.0,49,0.00016713281942833753,0.875417832048567,False,2,0
161.0,151.0,49,0.00016713281942833753,0.8755849648679954,False,0,1
100.0,140.0,49,0.00016713281942833753,0.8757520976874238,False,0,1
137.0,224.0,49,0.00016713281942833753,0.8759192305068522,False,0,0
4.0,170.0,49,0.00016713281942833753,0.8760863633262805,False,0,0
137.0,87.0,49,0.00016713281942833753,0.8762534961457089,False,0,2
87.0,13.0,49,0.00016713281942833753,0.8764206289651373,False,2,2
151.0,141.0,49,0.00016713281942833753,0.8765877617845657,False,1,1
211.0,232.0,49,0.00016713281942833753,0.876754894603994,False,2,0
113.0,13.0,49,0.00016713281942833753,0.8769220274234224,False,0,2
211.0,229.0,49,0.00016713281942833753,0.8770891602428508,False,2,0
87.0,137.0,49,0.00016713281942833753,0.8772562930622791,False,2,0
48.0,166.0,49,0.00016713281942833753,0.8774234258817075,False,0,1
48.0,232.0,49,0.00016713281942833753,0.8775905587011359,False,0,0
125.0,230.0,49,0.00016713281942833753,0.8777576915205643,False,2,0
238.0,234.0,49,0.00016713281942833753,0.8779248243399926,False,1,0
43.0,233.0,49,0.00016713281942833753,0.878091957159421,False,1,0
211.0,141.0,48,0.0001637219455624531,0.8782556791049835,False,2,1
158.0,100.0,48,0.0001637219455624531,0.878419401050546,False,2,0
68.0,75.0,48,0.0001637219455624531,0.8785831229961084,False,0,1
158.0,141.0,48,0.0001637219455624531,0.8787468449416709,False,2,1
261.0,100.0,48,0.0001637219455624531,0.8789105668872333,False,2,0
114.0,238.0,48,0.0001637219455624531,0.8790742888327958,False,2,1
43.0,90.0,48,0.0001637219455624531,0.8792380107783583,False,1,0
50.0,90.0,48,0.0001637219455624531,0.8794017327239207,False,0,0
239.0,42.0,48,0.0001637219455624531,0.8795654546694832,False,0,1
88.0,148.0,48,0.0001637219455624531,0.8797291766150457,False,2,2
161.0,166.0,48,0.0001637219455624531,0.8798928985606081,False,0,1
68.0,244.0,48,0.0001637219455624531,0.8800566205061706,False,0,3
48.0,125.0,48,0.0001637219455624531,0.8802203424517331,False,0,2
142.0,114.0,48,0.0001637219455624531,0.8803840643972956,False,0,2
151.0,42.0,48,0.0001637219455624531,0.880547786342858,False,1,1
87.0,113.0,48,0.0001637219455624531,0.8807115082884205,False,2,0
148.0,224.0,48,0.0001637219455624531,0.880875230233983,False,2,0
48.0,261.0,47,0.00016031107169656866,0.8810355413056795,False,0,2
142.0,24.0,47,0.00016031107169656866,0.8811958523773761,False,0,1
263.0,90.0,47,0.00016031107169656866,0.8813561634490726,False,1,0
43.0,113.0,47,0.00016031107169656866,0.8815164745207692,False,1,0
263.0,231.0,47,0.00016031107169656866,0.8816767855924658,False,1,2
74.0,116.0,47,0.00016031107169656866,0.8818370966641623,False,1,1
163.0,137.0,47,0.00016031107169656866,0.8819974077358589,False,0,0
236.0,24.0,47,0.00016031107169656866,0.8821577188075554,False,1,1
246.0,125.0,47,0.00016031107169656866,0.882318029879252,False,0,2
148.0,237.0,47,0.00016031107169656866,0.8824783409509486,False,2,1
164.0,261.0,47,0.00016031107169656866,0.8826386520226451,False,0,2
151.0,244.0,47,0.00016031107169656866,0.8827989630943417,False,1,3
233.0,113.0,47,0.00016031107169656866,0.8829592741660383,False,0,0
137.0,246.0,47,0.00016031107169656866,0.8831195852377348,False,0,0
68.0,41.0,47,0.00016031107169656866,0.8832798963094314,False,0,1
161.0,88.0,47,0.00016031107169656866,0.8834402073811279,False,0,2
88.0,230.0,47,0.00016031107169656866,0.8836005184528245,False,2,0
143.0,234.0,46,0.00015690019783068423,0.8837574186506552,False,0,0
87.0,162.0,46,0.00015690019783068423,0.8839143188484858,False,2,0
43.0,166.0,46,0.00015690019783068423,0.8840712190463165,False,1,1
233.0,239.0,46,0.00015690019783068423,0.8842281192441471,False,0,0
144.0,209.0,46,0.00015690019783068423,0.8843850194419778,False,2,2
87.0,158.0,46,0.00015690019783068423,0.8845419196398084,False,2,2
41.0,116.0,46,0.00015690019783068423,0.8846988198376391,False,1,1
166.0,24.0,46,0.00015690019783068423,0.8848557200354698,False,1,1
4.0,249.0,46,0.00015690019783068423,0.8850126202333004,False,0,2
114.0,209.0,46,0.00015690019783068423,0.8851695204311311,False,2,2
48.0,74.0,46,0.00015690019783068423,0.8853264206289617,False,0,1
13.0,170.0,46,0.00015690019783068423,0.8854833208267924,False,2,0
74.0,262.0,46,0.00015690019783068423,0.885640221024623,False,1,1
162.0,4.0,46,0.00015690019783068423,0.8857971212224537,False,0,0
263.0,166.0,46,0.00015690019783068423,0.8859540214202843,False,1,1
90.0,232.0,46,0.00015690019783068423,0.886110921618115,False,0,0
100.0,211.0,45,0.0001534893239647998,0.8862644109420798,False,0,2
163.0,148.0,45,0.0001534893239647998,0.8864179002660445,False,0,2
230.0,244.0,45,0.0001534893239647998,0.8865713895900093,False,0,3
186.0,88.0,45,0.0001534893239647998,0.886724878913974,False,0,2
42.0,75.0,45,0.0001534893239647998,0.8868783682379388,False,1,1
90.0,143.0,45,0.0001534893239647998,0.8870318575619035,False,0,0
45.0,79.0,45,0.0001534893239647998,0.8871853468858683,False,2,0
116.0,74.0,45,0.0001534893239647998,0.887338836209833,False,1,1
50.0,79.0,45,0.0001534893239647998,0.8874923255337978,False,0,0
144.0,239.0,45,0.0001534893239647998,0.8876458148577625,False,2,0
87.0,140.0,45,0.0001534893239647998,0.8877993041817273,False,2,1
79.0,43.0,45,0.0001534893239647998,0.887952793505692,False,0,1
4.0,148.0,44,0.00015007845009891536,0.888102871955791,False,0,2
263.0,42.0,44,0.00015007845009891536,0.8882529504058899,False,1,1
151.0,163.0,44,0.00015007845009891536,0.8884030288559889,False,1,0
233.0,158.0,44,0.00015007845009891536,0.8885531073060878,False,0,2
262.0,143.0,44,0.00015007845009891536,0.8887031857561868,False,1,0
140.0,87.0,44,0.00015007845009891536,0.8888532642062857,False,1,2
13.0,148.0,44,0.00015007845009891536,0.8890033426563847,False,2,2
262.0,48.0,44,0.00015007845009891536,0.8891534211064837,False,1,0
262.0,230.0,44,0.00015007845009891536,0.8893034995565826,False,1,0
13.0,13.0,44,0.00015007845009891536,0.8894535780066816,False,2,2
161.0,74.0,44,0.00015007845009891536,0.8896036564567805,False,0,1
68.0,4.0,44,0.00015007845009891536,0.8897537349068795,False,0,0
166.0,75.0,44,0.00015007845009891536,0.8899038133569784,False,1,1
143.0,262.0,44,0.00015007845009891536,0.8900538918070774,False,0,1
230.0,75.0,44,0.00015007845009891536,0.8902039702571763,False,0,1
113.0,261.0,44,0.00015007845009891536,0.8903540487072753,False,0,2
232.0,186.0,44,0.00015007845009891536,0.8905041271573743,False,0,0
148.0,238.0,43,0.0001466675762330309,0.8906507947336073,False,2,1
13.0,88.0,43,0.0001466675762330309,0.8907974623098404,False,2,2
100.0,263.0,43,0.0001466675762330309,0.8909441298860734,False,0,1
163.0,166.0,43,0.0001466675762330309,0.8910907974623065,False,0,1
231.0,100.0,43,0.0001466675762330309,0.8912374650385395,False,2,0
163.0,13.0,43,0.0001466675762330309,0.8913841326147726,False,0,2
263.0,114.0,43,0.0001466675762330309,0.8915308001910056,False,1,2
238.0,243.0,43,0.0001466675762330309,0.8916774677672387,False,1,3
229.0,143.0,43,0.0001466675762330309,0.8918241353434717,False,0,0
238.0,164.0,43,0.0001466675762330309,0.8919708029197048,False,1,0
262.0,249.0,43,0.0001466675762330309,0.8921174704959378,False,1,2
142.0,148.0,43,0.0001466675762330309,0.8922641380721709,False,0,2
239.0,231.0,43,0.0001466675762330309,0.8924108056484039,False,0,2
87.0,48.0,43,0.0001466675762330309,0.892557473224637,False,2,0
141.0,50.0,43,0.0001466675762330309,0.89270414080087,False,1,0
151.0,43.0,43,0.0001466675762330309,0.8928508083771031,False,1,1
79.0,74.0,43,0.0001466675762330309,0.8929974759533361,False,0,1
161.0,224.0,42,0.00014325670236714646,0.8931407326557033,False,0,0
100.0,75.0,42,0.00014325670236714646,0.8932839893580704,False,0,1
231.0,143.0,42,0.00014325670236714646,0.8934272460604376,False,2,0
137.0,163.0,42,0.00014325670236714646,0.8935705027628047,False,0,0
231.0,233.0,42,0.00014325670236714646,0.8937137594651718,False,2,0
164.0,74.0,42,0.00014325670236714646,0.893857016167539,False,0,1
164.0,125.0,42,0.00014325670236714646,0.8940002728699061,False,0,2
158.0,236.0,42,0.00014325670236714646,0.8941435295722733,False,2,1
140.0,114.0,42,0.00014325670236714646,0.8942867862746404,False,1,2
41.0,151.0,42,0.00014325670236714646,0.8944300429770076,False,1,1
113.0,143.0,42,0.00014325670236714646,0.8945732996793747,False,0,0
170.0,4.0,42,0.00014325670236714646,0.8947165563817419,False,0,0
141.0,87.0,42,0.00014325670236714646,0.894859813084109,False,1,2
186.0,45.0,42,0.00014325670236714646,0.8950030697864761,False,0,2
148.0,143.0,42,0.00014325670236714646,0.8951463264888433,False,2,0
79.0,151.0,42,0.00014325670236714646,0.8952895831912104,False,0,1
142.0,13.0,42,0.00014325670236714646,0.8954328398935776,False,0,2
125.0,13.0,42,0.00014325670236714646,0.8955760965959447,False,2,2
143.0,100.0,42,0.00014325670236714646,0.8957193532983119,False,0,0
263.0,249.0,42,0.00014325670236714646,0.895862610000679,False,1,2
4.0,114.0,42,0.00014325670236714646,0.8960058667030462,False,0,2
4.0,231.0,41,0.00013984582850126202,0.8961457125315474,False,0,2
41.0,142.0,41,0.00013984582850126202,0.8962855583600486,False,1,0
142.0,74.0,41,0.00013984582850126202,0.8964254041885499,False,0,1
158.0,263.0,41,0.00013984582850126202,0.8965652500170511,False,2,1
143.0,107.0,41,0.00013984582850126202,0.8967050958455524,False,0,0
229.0,231.0,41,0.00013984582850126202,0.8968449416740536,False,0,2
246.0,263.0,41,0.00013984582850126202,0.8969847875025548,False,0,1
166.0,237.0,41,0.00013984582850126202,0.8971246333310561,False,1,1
239.0,116.0,41,0.00013984582850126202,0.8972644791595573,False,0,1
141.0,151.0,41,0.00013984582850126202,0.8974043249880586,False,1,1
50.0,151.0,41,0.00013984582850126202,0.8975441708165598,False,0,1
164.0,88.0,41,0.00013984582850126202,0.897684016645061,False,0,2
140.0,151.0,41,0.00013984582850126202,0.8978238624735623,False,1,1
13.0,162.0,41,0.00013984582850126202,0.8979637083020635,False,2,0
224.0,170.0,41,0.00013984582850126202,0.8981035541305648,False,0,0
4.0,137.0,41,0.00013984582850126202,0.898243399959066,False,0,0
161.0,232.0,41,0.00013984582850126202,0.8983832457875672,False,0,0
236.0,158.0,41,0.00013984582850126202,0.8985230916160685,False,1,2
211.0,162.0,41,0.00013984582850126202,0.8986629374445697,False,2,0
74.0,238.0,41,0.00013984582850126202,0.898802783273071,False,1,1
231.0,4.0,41,0.00013984582850126202,0.8989426291015722,False,2,0
148.0,88.0,41,0.00013984582850126202,0.8990824749300734,False,2,2
261.0,48.0,41,0.00013984582850126202,0.8992223207585747,False,2,0
233.0,211.0,41,0.00013984582850126202,0.8993621665870759,False,0,2
13.0,164.0,41,0.00013984582850126202,0.8995020124155771,False,2,0
170.0,125.0,41,0.00013984582850126202,0.8996418582440784,False,0,2
75.0,230.0,40,0.00013643495463537759,0.8997782931987137,False,1,0
143.0,249.0,40,0.00013643495463537759,0.899914728153349,False,0,2
249.0,43.0,40,0.00013643495463537759,0.9000511631079844,False,2,1
161.0,41.0,40,0.00013643495463537759,0.9001875980626197,False,0,1
211.0,236.0,40,0.00013643495463537759,0.900324033017255,False,2,1
233.0,144.0,40,0.00013643495463537759,0.9004604679718904,False,0,2
75.0,43.0,40,0.00013643495463537759,0.9005969029265257,False,1,1
209.0,231.0,40,0.00013643495463537759,0.9007333378811611,False,2,2
142.0,137.0,40,0.00013643495463537759,0.9008697728357964,False,0,0
261.0,114.0,40,0.00013643495463537759,0.9010062077904317,False,2,2
137.0,211.0,40,0.00013643495463537759,0.9011426427450671,False,0,2
239.0,137.0,40,0.00013643495463537759,0.9012790776997024,False,0,0
239.0,113.0,40,0.00013643495463537759,0.9014155126543377,False,0,0
74.0,239.0,40,0.00013643495463537759,0.9015519476089731,False,1,0
262.0,231.0,40,0.00013643495463537759,0.9016883825636084,False,1,2
24.0,75.0,40,0.00013643495463537759,0.9018248175182437,False,1,1
244.0,243.0,40,0.00013643495463537759,0.9019612524728791,False,3,3
238.0,170.0,40,0.00013643495463537759,0.9020976874275144,False,1,0
140.0,148.0,40,0.00013643495463537759,0.9022341223821497,False,1,2
13.0,161.0,40,0.00013643495463537759,0.9023705573367851,False,2,0
50.0,158.0,40,0.00013643495463537759,0.9025069922914204,False,0,2
162.0,261.0,40,0.00013643495463537759,0.9026434272460557,False,0,2
107.0,50.0,40,0.00013643495463537759,0.9027798622006911,False,0,0
107.0,13.0,40,0.00013643495463537759,0.9029162971553264,False,0,2
238.0,79.0,40,0.00013643495463537759,0.9030527321099617,False,1,0
237.0,148.0,39,0.00013302408076949315,0.9031857561907313,False,1,2
90.0,4.0,39,0.00013302408076949315,0.9033187802715008,False,0,0
143.0,75.0,39,0.00013302408076949315,0.9034518043522703,False,0,1
90.0,224.0,39,0.00013302408076949315,0.9035848284330399,False,0,0
125.0,125.0,39,0.00013302408076949315,0.9037178525138094,False,2,2
158.0,229.0,39,0.00013302408076949315,0.903850876594579,False,2,0
137.0,142.0,39,0.00013302408076949315,0.9039839006753485,False,0,0
88.0,170.0,39,0.00013302408076949315,0.904116924756118,False,2,0
50.0,100.0,39,0.00013302408076949315,0.9042499488368876,False,0,0
41.0,244.0,39,0.00013302408076949315,0.9043829729176571,False,1,3
74.0,244.0,39,0.00013302408076949315,0.9045159969984267,False,1,3
211.0,137.0,39,0.00013302408076949315,0.9046490210791962,False,2,0
230.0,12.0,39,0.00013302408076949315,0.9047820451599657,False,0,2
68.0,45.0,39,0.00013302408076949315,0.9049150692407353,False,0,2
116.0,41.0,39,0.00013302408076949315,0.9050480933215048,False,1,1
158.0,238.0,39,0.00013302408076949315,0.9051811174022744,False,2,1
142.0,243.0,39,0.00013302408076949315,0.9053141414830439,False,0,3
100.0,148.0,39,0.00013302408076949315,0.9054471655638134,False,0,2
164.0,224.0,38,0.00012961320690360871,0.9055767787707171,False,0,0
229.0,211.0,38,0.00012961320690360871,0.9057063919776207,False,0,2
231.0,263.0,38,0.00012961320690360871,0.9058360051845243,False,2,1
142.0,211.0,38,0.00012961320690360871,0.905965618391428,False,0,2
229.0,50.0,38,0.00012961320690360871,0.9060952315983316,False,0,0
140.0,113.0,38,0.00012961320690360871,0.9062248448052352,False,1,0
186.0,41.0,38,0.00012961320690360871,0.9063544580121389,False,0,1
231.0,239.0,38,0.00012961320690360871,0.9064840712190425,False,2,0
249.0,166.0,38,0.00012961320690360871,0.9066136844259461,False,2,1
68.0,88.0,38,0.00012961320690360871,0.9067432976328498,False,0,2
151.0,50.0,38,0.00012961320690360871,0.9068729108397534,False,1,0
209.0,144.0,38,0.00012961320690360871,0.907002524046657,False,2,2
261.0,87.0,38,0.00012961320690360871,0.9071321372535607,False,2,2
87.0,141.0,38,0.00012961320690360871,0.9072617504604643,False,2,1
75.0,244.0,38,0.00012961320690360871,0.907391363667368,False,1,3
186.0,74.0,38,0.00012961320690360871,0.9075209768742716,False,0,1
79.0,41.0,38,0.00012961320690360871,0.9076505900811752,False,0,1
43.0,231.0,38,0.00012961320690360871,0.9077802032880788,False,1,2
232.0,232.0,38,0.00012961320690360871,0.9079098164949825,False,0,0
232.0,170.0,38,0.00012961320690360871,0.9080394297018861,False,0,0
4.0,87.0,38,0.00012961320690360871,0.9081690429087897,False,0,2
151.0,246.0,38,0.00012961320690360871,0.9082986561156934,False,1,0
50.0,162.0,38,0.00012961320690360871,0.908428269322597,False,0,0
113.0,140.0,38,0.00012961320690360871,0.9085578825295006,False,0,1
142.0,144.0,38,0.00012961320690360871,0.9086874957364043,False,0,2
107.0,209.0,37,0.00012620233303772425,0.908813698069442,False,0,2
142.0,87.0,37,0.00012620233303772425,0.9089399004024797,False,0,2
151.0,161.0,37,0.00012620233303772425,0.9090661027355175,False,1,0
100.0,88.0,37,0.00012620233303772425,0.9091923050685552,False,0,2
263.0,148.0,37,0.00012620233303772425,0.9093185074015929,False,1,2
246.0,140.0,37,0.00012620233303772425,0.9094447097346307,False,0,1
261.0,113.0,37,0.00012620233303772425,0.9095709120676684,False,2,0
75.0,166.0,37,0.00012620233303772425,0.9096971144007061,False,1,1
137.0,158.0,37,0.00012620233303772425,0.9098233167337438,False,0,2
50.0,141.0,37,0.00012620233303772425,0.9099495190667816,False,0,1
116.0,42.0,37,0.00012620233303772425,0.9100757213998193,False,1,1
125.0,48.0,37,0.00012620233303772425,0.910201923732857,False,2,0
186.0,166.0,37,0.00012620233303772425,0.9103281260658947,False,0,1
143.0,113.0,37,0.00012620233303772425,0.9104543283989325,False,0,0
236.0,244.0,37,0.00012620233303772425,0.9105805307319702,False,1,3
24.0,236.0,37,0.00012620233303772425,0.9107067330650079,False,1,1
162.0,151.0,37,0.00012620233303772425,0.9108329353980457,False,0,1
211.0,142.0,37,0.00012620233303772425,0.9109591377310834,False,2,0
141.0,100.0,37,0.00012620233303772425,0.9110853400641211,False,1,0
13.0,234.0,37,0.00012620233303772425,0.9112115423971588,False,2,0
114.0,43.0,37,0.00012620233303772425,0.9113377447301966,False,2,1
263.0,113.0,37,0.00012620233303772425,0.9114639470632343,False,1,0
4.0,107.0,36,0.00012279145917183982,0.9115867385224061,False,0,0
233.0,87.0,36,0.00012279145917183982,0.911709529981578,False,0,2
100.0,125.0,36,0.00012279145917183982,0.9118323214407498,False,0,2
13.0,261.0,36,0.00012279145917183982,0.9119551128999216,False,2,2
137.0,75.0,36,0.00012279145917183982,0.9120779043590934,False,0,1
261.0,163.0,36,0.00012279145917183982,0.9122006958182652,False,2,0
230.0,125.0,36,0.00012279145917183982,0.9123234872774371,False,0,2
166.0,244.0,36,0.00012279145917183982,0.9124462787366089,False,1,3
75.0,162.0,36,0.00012279145917183982,0.9125690701957807,False,1,0
100.0,113.0,36,0.00012279145917183982,0.9126918616549525,False,0,0
236.0,13.0,36,0.00012279145917183982,0.9128146531141244,False,1,2
170.0,261.0,36,0.00012279145917183982,0.9129374445732962,False,0,2
229.0,158.0,36,0.00012279145917183982,0.913060236032468,False,0,2
152.0,74.0,36,0.00012279145917183982,0.9131830274916398,False,1,1
238.0,152.0,36,0.00012279145917183982,0.9133058189508116,False,1,1
141.0,144.0,36,0.00012279145917183982,0.9134286104099835,False,1,2
164.0,151.0,36,0.00012279145917183982,0.9135514018691553,False,0,1
42.0,116.0,36,0.00012279145917183982,0.9136741933283271,False,1,1
43.0,74.0,36,0.00012279145917183982,0.9137969847874989,False,1,1
186.0,42.0,36,0.00012279145917183982,0.9139197762466708,False,0,1
246.0,41.0,36,0.00012279145917183982,0.9140425677058426,False,0,1
232.0,231.0,35,0.00011938058530595538,0.9141619482911485,False,0,2
143.0,41.0,35,0.00011938058530595538,0.9142813288764544,False,0,1
4.0,144.0,35,0.00011938058530595538,0.9144007094617603,False,0,2
152.0,41.0,35,0.00011938058530595538,0.9145200900470662,False,1,1
151.0,170.0,35,0.00011938058530595538,0.9146394706323722,False,1,0
230.0,74.0,35,0.00011938058530595538,0.9147588512176781,False,0,1
141.0,224.0,35,0.00011938058530595538,0.914878231802984,False,1,0
143.0,158.0,35,0.00011938058530595538,0.9149976123882899,False,0,2
88.0,87.0,35,0.00011938058530595538,0.9151169929735958,False,2,2
211.0,209.0,35,0.00011938058530595538,0.9152363735589018,False,2,2
13.0,125.0,35,0.00011938058530595538,0.9153557541442077,False,2,2
41.0,239.0,35,0.00011938058530595538,0.9154751347295136,False,1,0
234.0,45.0,35,0.00011938058530595538,0.9155945153148195,False,0,2
13.0,113.0,35,0.00011938058530595538,0.9157138959001254,False,2,0
125.0,170.0,35,0.00011938058530595538,0.9158332764854313,False,2,0
161.0,4.0,35,0.00011938058530595538,0.9159526570707373,False,0,0
261.0,50.0,35,0.00011938058530595538,0.9160720376560432,False,2,0
233.0,224.0,35,0.00011938058530595538,0.9161914182413491,False,0,0
237.0,125.0,35,0.00011938058530595538,0.916310798826655,False,1,2
113.0,238.0,35,0.00011938058530595538,0.9164301794119609,False,0,1
41.0,263.0,35,0.00011938058530595538,0.9165495599972668,False,1,1
233.0,43.0,35,0.00011938058530595538,0.9166689405825728,False,0,1
144.0,262.0,35,0.00011938058530595538,0.9167883211678787,False,2,1
114.0,88.0,35,0.00011938058530595538,0.9169077017531846,False,2,2
239.0,243.0,35,0.00011938058530595538,0.9170270823384905,False,0,3
148.0,45.0,35,0.00011938058530595538,0.9171464629237964,False,2,2
162.0,125.0,35,0.00011938058530595538,0.9172658435091023,False,0,2
231.0,50.0,35,0.00011938058530595538,0.9173852240944083,False,2,0
100.0,262.0,35,0.00011938058530595538,0.9175046046797142,False,0,1
45.0,87.0,35,0.00011938058530595538,0.9176239852650201,False,2,2
262.0,114.0,34,0.00011596971144007095,0.9177399549764602,False,1,2
236.0,148.0,34,0.00011596971144007095,0.9178559246879003,False,1,2
263.0,87.0,34,0.00011596971144007095,0.9179718943993405,False,1,2
162.0,74.0,34,0.00011596971144007095,0.9180878641107806,False,0,1
164.0,4.0,34,0.00011596971144007095,0.9182038338222207,False,0,0
244.0,116.0,34,0.00011596971144007095,0.9183198035336608,False,3,1
237.0,13.0,34,0.00011596971144007095,0.918435773245101,False,1,2
87.0,4.0,34,0.00011596971144007095,0.9185517429565411,False,2,0
43.0,24.0,34,0.00011596971144007095,0.9186677126679812,False,1,1
50.0,41.0,34,0.00011596971144007095,0.9187836823794213,False,0,1
41.0,24.0,34,0.00011596971144007095,0.9188996520908614,False,1,1
13.0,90.0,34,0.00011596971144007095,0.9190156218023016,False,2,0
161.0,209.0,34,0.00011596971144007095,0.9191315915137417,False,0,2
224.0,186.0,34,0.00011596971144007095,0.9192475612251818,False,0,0
125.0,211.0,34,0.00011596971144007095,0.9193635309366219,False,2,2
249.0,41.0,34,0.00011596971144007095,0.919479500648062,False,2,1
170.0,209.0,34,0.00011596971144007095,0.9195954703595022,False,0,2
211.0,4.0,34,0.00011596971144007095,0.9197114400709423,False,2,0
48.0,4.0,34,0.00011596971144007095,0.9198274097823824,False,0,0
113.0,50.0,34,0.00011596971144007095,0.9199433794938225,False,0,0
41.0,236.0,34,0.00011596971144007095,0.9200593492052627,False,1,1
166.0,48.0,34,0.00011596971144007095,0.9201753189167028,False,1,0
45.0,148.0,34,0.00011596971144007095,0.9202912886281429,False,2,2
211.0,125.0,33,0.00011255883757418651,0.9204038474657171,False,2,2
113.0,262.0,33,0.00011255883757418651,0.9205164063032913,False,0,1
249.0,244.0,33,0.00011255883757418651,0.9206289651408656,False,2,3
141.0,41.0,33,0.00011255883757418651,0.9207415239784398,False,1,1
236.0,87.0,33,0.00011255883757418651,0.920854082816014,False,1,2
140.0,232.0,33,0.00011255883757418651,0.9209666416535882,False,1,0
43.0,211.0,33,0.00011255883757418651,0.9210792004911624,False,1,2
88.0,88.0,33,0.00011255883757418651,0.9211917593287366,False,2,2
262.0,164.0,33,0.00011255883757418651,0.9213043181663109,False,1,0
158.0,140.0,33,0.00011255883757418651,0.9214168770038851,False,2,1
50.0,231.0,33,0.00011255883757418651,0.9215294358414593,False,0,2
163.0,87.0,33,0.00011255883757418651,0.9216419946790335,False,0,2
137.0,50.0,33,0.00011255883757418651,0.9217545535166077,False,0,0
141.0,232.0,33,0.00011255883757418651,0.921867112354182,False,1,0
13.0,107.0,33,0.00011255883757418651,0.9219796711917562,False,2,0
100.0,232.0,33,0.00011255883757418651,0.9220922300293304,False,0,0
249.0,75.0,33,0.00011255883757418651,0.9222047888669046,False,2,1
224.0,137.0,33,0.00011255883757418651,0.9223173477044788,False,0,0
142.0,116.0,33,0.00011255883757418651,0.922429906542053,False,0,1
24.0,74.0,33,0.00011255883757418651,0.9225424653796273,False,1,1
148.0,41.0,33,0.00011255883757418651,0.9226550242172015,False,2,1
238.0,137.0,33,0.00011255883757418651,0.9227675830547757,False,1,0
74.0,141.0,33,0.00011255883757418651,0.9228801418923499,False,1,1
88.0,261.0,33,0.00011255883757418651,0.9229927007299241,False,2,2
262.0,148.0,33,0.00011255883757418651,0.9231052595674983,False,1,2
113.0,224.0,33,0.00011255883757418651,0.9232178184050726,False,0,0
50.0,229.0,33,0.00011255883757418651,0.9233303772426468,False,0,0
261.0,107.0,33,0.00011255883757418651,0.923442936080221,False,2,0
143.0,79.0,32,0.00010914796370830206,0.9235520840439293,False,0,0
88.0,249.0,32,0.00010914796370830206,0.9236612320076376,False,2,2
151.0,262.0,32,0.00010914796370830206,0.9237703799713459,False,1,1
143.0,24.0,32,0.00010914796370830206,0.9238795279350542,False,0,1
88.0,246.0,32,0.00010914796370830206,0.9239886758987625,False,2,0
41.0,230.0,32,0.00010914796370830206,0.9240978238624709,False,1,0
151.0,230.0,32,0.00010914796370830206,0.9242069718261792,False,1,0
249.0,151.0,32,0.00010914796370830206,0.9243161197898875,False,2,1
249.0,88.0,32,0.00010914796370830206,0.9244252677535958,False,2,2
186.0,244.0,32,0.00010914796370830206,0.9245344157173041,False,0,3
75.0,163.0,32,0.00010914796370830206,0.9246435636810124,False,1,0
79.0,42.0,32,0.00010914796370830206,0.9247527116447207,False,0,1
68.0,209.0,32,0.00010914796370830206,0.924861859608429,False,0,2
158.0,4.0,32,0.00010914796370830206,0.9249710075721373,False,2,0
87.0,90.0,32,0.00010914796370830206,0.9250801555358457,False,2,0
233.0,50.0,32,0.00010914796370830206,0.925189303499554,False,0,0
246.0,88.0,32,0.00010914796370830206,0.9252984514632623,False,0,2
50.0,107.0,32,0.00010914796370830206,0.9254075994269706,False,0,0
140.0,41.0,32,0.00010914796370830206,0.9255167473906789,False,1,1
144.0,143.0,32,0.00010914796370830206,0.9256258953543872,False,2,0
232.0,87.0,32,0.00010914796370830206,0.9257350433180955,False,0,2
163.0,41.0,32,0.00010914796370830206,0.9258441912818038,False,0,1
261.0,162.0,32,0.00010914796370830206,0.9259533392455122,False,2,0
163.0,42.0,32,0.00010914796370830206,0.9260624872092205,False,0,1
107.0,88.0,32,0.00010914796370830206,0.9261716351729288,False,0,2
234.0,88.0,32,0.00010914796370830206,0.9262807831366371,False,0,2
224.0,148.0,32,0.00010914796370830206,0.9263899311003454,False,0,2
140.0,166.0,32,0.00010914796370830206,0.9264990790640537,False,1,1
143.0,231.0,32,0.00010914796370830206,0.926608227027762,False,0,2
232.0,107.0,31,0.00010573708984241762,0.9267139641176044,False,0,0
43.0,42.0,31,0.00010573708984241762,0.9268197012074468,False,1,1
144.0,140.0,31,0.00010573708984241762,0.9269254382972892,False,2,1
164.0,41.0,31,0.00010573708984241762,0.9270311753871316,False,0,1
163.0,261.0,31,0.00010573708984241762,0.927136912476974,False,0,2
107.0,125.0,31,0.00010573708984241762,0.9272426495668165,False,0,2
88.0,162.0,31,0.00010573708984241762,0.9273483866566589,False,2,0
88.0,161.0,31,0.00010573708984241762,0.9274541237465013,False,2,0
141.0,158.0,31,0.00010573708984241762,0.9275598608363437,False,1,2
261.0,45.0,31,0.00010573708984241762,0.9276655979261861,False,2,2
263.0,224.0,31,0.00010573708984241762,0.9277713350160285,False,1,0
262.0,113.0,31,0.00010573708984241762,0.9278770721058709,False,1,0
238.0,107.0,31,0.00010573708984241762,0.9279828091957133,False,1,0
75.0,24.0,31,0.00010573708984241762,0.9280885462855557,False,1,1
13.0,144.0,31,0.00010573708984241762,0.9281942833753981,False,2,2
158.0,88.0,31,0.00010573708984241762,0.9283000204652405,False,2,2
43.0,158.0,31,0.00010573708984241762,0.9284057575550829,False,1,2
249.0,42.0,31,0.00010573708984241762,0.9285114946449253,False,2,1
166.0,141.0,31,0.00010573708984241762,0.9286172317347677,False,1,1
140.0,13.0,31,0.00010573708984241762,0.9287229688246101,False,1,2
143.0,244.0,31,0.00010573708984241762,0.9288287059144525,False,0,3
224.0,162.0,31,0.00010573708984241762,0.928934443004295,False,0,0
234.0,209.0,31,0.00010573708984241762,0.9290401800941374,False,0,2
236.0,211.0,31,0.00010573708984241762,0.9291459171839798,False,1,2
230.0,209.0,31,0.00010573708984241762,0.9292516542738222,False,0,2
114.0,224.0,31,0.00010573708984241762,0.9293573913636646,False,2,0
151.0,140.0,31,0.00010573708984241762,0.929463128453507,False,1,1
137.0,238.0,31,0.00010573708984241762,0.9295688655433494,False,0,1
231.0,238.0,31,0.00010573708984241762,0.9296746026331918,False,2,1
246.0,166.0,31,0.00010573708984241762,0.9297803397230342,False,0,1
107.0,261.0,31,0.00010573708984241762,0.9298860768128766,False,0,2
90.0,262.0,31,0.00010573708984241762,0.929991813902719,False,0,1
246.0,244.0,30,0.00010232621597653319,0.9300941401186955,False,0,3
88.0,48.0,30,0.00010232621597653319,0.930196466334672,False,2,0
125.0,237.0,30,0.00010232621597653319,0.9302987925506485,False,2,1
4.0,186.0,30,0.00010232621597653319,0.930401118766625,False,0,0
162.0,209.0,30,0.00010232621597653319,0.9305034449826015,False,0,2
233.0,4.0,30,0.00010232621597653319,0.930605771198578,False,0,0
233.0,75.0,30,0.00010232621597653319,0.9307080974145545,False,0,1
87.0,100.0,30,0.00010232621597653319,0.930810423630531,False,2,0
244.0,41.0,30,0.00010232621597653319,0.9309127498465075,False,3,1
87.0,163.0,30,0.00010232621597653319,0.931015076062484,False,2,0
125.0,163.0,30,0.00010232621597653319,0.9311174022784605,False,2,0
230.0,166.0,30,0.00010232621597653319,0.931219728494437,False,0,1
125.0,261.0,30,0.00010232621597653319,0.9313220547104135,False,2,2
229.0,224.0,30,0.00010232621597653319,0.93142438092639,False,0,0
144.0,50.0,30,0.00010232621597653319,0.9315267071423665,False,2,0
143.0,90.0,30,0.00010232621597653319,0.931629033358343,False,0,0
161.0,42.0,30,0.00010232621597653319,0.9317313595743195,False,0,1
100.0,261.0,30,0.00010232621597653319,0.931833685790296,False,0,2
262.0,87.0,30,0.00010232621597653319,0.9319360120062725,False,1,2
238.0,90.0,30,0.00010232621597653319,0.932038338222249,False,1,0
261.0,232.0,30,0.00010232621597653319,0.9321406644382255,False,2,0
68.0,243.0,30,0.00010232621597653319,0.932242990654202,False,0,3
211.0,50.0,30,0.00010232621597653319,0.9323453168701785,False,2,0
45.0,45.0,30,0.00010232621597653319,0.932447643086155,False,2,2
79.0,24.0,30,0.00010232621597653319,0.9325499693021315,False,0,1
229.0,232.0,30,0.00010232621597653319,0.932652295518108,False,0,0
209.0,211.0,30,0.00010232621597653319,0.9327546217340845,False,2,2
232.0,148.0,30,0.00010232621597653319,0.932856947950061,False,0,2
261.0,125.0,30,0.00010232621597653319,0.9329592741660375,False,2,2
211.0,140.0,30,0.00010232621597653319,0.933061600382014,False,2,1
163.0,88.0,30,0.00010232621597653319,0.9331639265979905,False,0,2
24.0,41.0,30,0.00010232621597653319,0.933266252813967,False,1,1
262.0,151.0,29,9.891534211064875e-05,0.9333651681560776,False,1,1
263.0,50.0,29,9.891534211064875e-05,0.9334640834981882,False,1,0
88.0,45.0,29,9.891534211064875e-05,0.9335629988402988,False,2,2
230.0,243.0,29,9.891534211064875e-05,0.9336619141824094,False,0,3
231.0,224.0,29,9.891534211064875e-05,0.93376082952452,False,2,0
107.0,74.0,29,9.891534211064875e-05,0.9338597448666306,False,0,1
87.0,88.0,29,9.891534211064875e-05,0.9339586602087412,False,2,2
141.0,166.0,29,9.891534211064875e-05,0.9340575755508518,False,1,1
170.0,151.0,29,9.891534211064875e-05,0.9341564908929624,False,0,1
238.0,249.0,29,9.891534211064875e-05,0.934255406235073,False,1,2
140.0,50.0,29,9.891534211064875e-05,0.9343543215771836,False,1,0
50.0,13.0,29,9.891534211064875e-05,0.9344532369192942,False,0,2
232.0,68.0,29,9.891534211064875e-05,0.9345521522614048,False,0,0
230.0,116.0,29,9.891534211064875e-05,0.9346510676035154,False,0,1
75.0,137.0,29,9.891534211064875e-05,0.934749982945626,False,1,0
224.0,234.0,29,9.891534211064875e-05,0.9348488982877365,False,0,0
43.0,148.0,29,9.891534211064875e-05,0.9349478136298471,False,1,2
224.0,140.0,29,9.891534211064875e-05,0.9350467289719577,False,0,1
75.0,79.0,29,9.891534211064875e-05,0.9351456443140683,False,1,0
166.0,68.0,29,9.891534211064875e-05,0.9352445596561789,False,1,0
211.0,239.0,29,9.891534211064875e-05,0.9353434749982895,False,2,0
233.0,238.0,29,9.891534211064875e-05,0.9354423903404001,False,0,1
41.0,48.0,29,9.891534211064875e-05,0.9355413056825107,False,1,0
87.0,229.0,29,9.891534211064875e-05,0.9356402210246213,False,2,0
125.0,161.0,29,9.891534211064875e-05,0.9357391363667319,False,2,0
90.0,75.0,29,9.891534211064875e-05,0.9358380517088425,False,0,1
4.0,68.0,29,9.891534211064875e-05,0.9359369670509531,False,0,0
209.0,232.0,29,9.891534211064875e-05,0.9360358823930637,False,2,0
209.0,186.0,29,9.891534211064875e-05,0.9361347977351743,False,2,0
4.0,90.0,29,9.891534211064875e-05,0.9362337130772849,False,0,0
224.0,79.0,29,9.891534211064875e-05,0.9363326284193955,False,0,0
45.0,231.0,29,9.891534211064875e-05,0.9364315437615061,False,2,2
90.0,261.0,29,9.891534211064875e-05,0.9365304591036167,False,0,2
13.0,100.0,28,9.55044682447643e-05,0.9366259635718615,False,2,0
75.0,170.0,28,9.55044682447643e-05,0.9367214680401063,False,1,0
229.0,144.0,28,9.55044682447643e-05,0.936816972508351,False,0,2
236.0,144.0,28,9.55044682447643e-05,0.9369124769765959,False,1,2
262.0,90.0,28,9.55044682447643e-05,0.9370079814448407,False,1,0
90.0,43.0,28,9.55044682447643e-05,0.9371034859130855,False,0,1
45.0,232.0,28,9.55044682447643e-05,0.9371989903813303,False,2,0
74.0,166.0,28,9.55044682447643e-05,0.937294494849575,False,1,1
41.0,237.0,28,9.55044682447643e-05,0.9373899993178199,False,1,1
100.0,41.0,28,9.55044682447643e-05,0.9374855037860647,False,0,1
88.0,13.0,28,9.55044682447643e-05,0.9375810082543095,False,2,2
87.0,263.0,28,9.55044682447643e-05,0.9376765127225543,False,2,1
125.0,232.0,28,9.55044682447643e-05,0.9377720171907991,False,2,0
43.0,114.0,28,9.55044682447643e-05,0.9378675216590439,False,1,2
237.0,88.0,28,9.55044682447643e-05,0.9379630261272887,False,1,2
141.0,211.0,28,9.55044682447643e-05,0.9380585305955335,False,1,2
231.0,262.0,28,9.55044682447643e-05,0.9381540350637783,False,2,1
158.0,232.0,28,9.55044682447643e-05,0.9382495395320231,False,2,0
232.0,137.0,28,9.55044682447643e-05,0.9383450440002679,False,0,0
42.0,244.0,28,9.55044682447643e-05,0.9384405484685127,False,1,3
230.0,232.0,28,9.55044682447643e-05,0.9385360529367575,False,0,0
211.0,88.0,28,9.55044682447643e-05,0.9386315574050023,False,2,2
88.0,144.0,28,9.55044682447643e-05,0.9387270618732471,False,2,2
249.0,24.0,28,9.55044682447643e-05,0.9388225663414919,False,2,1
249.0,116.0,28,9.55044682447643e-05,0.9389180708097367,False,2,1
42.0,166.0,27,9.209359437887987e-05,0.9390101644041156,False,1,1
140.0,90.0,27,9.209359437887987e-05,0.9391022579984944,False,1,0
164.0,45.0,27,9.209359437887987e-05,0.9391943515928733,False,0,2
75.0,48.0,27,9.209359437887987e-05,0.9392864451872522,False,1,0
166.0,140.0,27,9.209359437887987e-05,0.9393785387816311,False,1,1
151.0,162.0,27,9.209359437887987e-05,0.93947063237601,False,1,0
151.0,243.0,27,9.209359437887987e-05,0.9395627259703889,False,1,3
50.0,114.0,27,9.209359437887987e-05,0.9396548195647678,False,0,2
246.0,151.0,27,9.209359437887987e-05,0.9397469131591467,False,0,1
4.0,234.0,27,9.209359437887987e-05,0.9398390067535256,False,0,0
137.0,13.0,27,9.209359437887987e-05,0.9399311003479045,False,0,2
163.0,74.0,27,9.209359437887987e-05,0.9400231939422834,False,0,1
13.0,50.0,27,9.209359437887987e-05,0.9401152875366623,False,2,0
238.0,113.0,27,9.209359437887987e-05,0.9402073811310412,False,1,0
238.0,231.0,27,9.209359437887987e-05,0.9402994747254201,False,1,2
75.0,229.0,27,9.209359437887987e-05,0.940391568319799,False,1,0
88.0,232.0,27,9.209359437887987e-05,0.9404836619141779,False,2,0
209.0,170.0,27,9.209359437887987e-05,0.9405757555085568,False,2,0
186.0,209.0,27,9.209359437887987e-05,0.9406678491029357,False,0,2
224.0,68.0,27,9.209359437887987e-05,0.9407599426973146,False,0,0
143.0,114.0,27,9.209359437887987e-05,0.9408520362916934,False,0,2
261.0,13.0,27,9.209359437887987e-05,0.9409441298860723,False,2,2
234.0,41.0,27,9.209359437887987e-05,0.9410362234804512,False,0,1
158.0,209.0,27,9.209359437887987e-05,0.9411283170748301,False,2,2
13.0,209.0,27,9.209359437887987e-05,0.941220410669209,False,2,2
239.0,114.0,27,9.209359437887987e-05,0.9413125042635879,False,0,2
239.0,148.0,27,9.209359437887987e-05,0.9414045978579668,False,0,2
239.0,13.0,27,9.209359437887987e-05,0.9414966914523457,False,0,2
170.0,41.0,27,9.209359437887987e-05,0.9415887850467246,False,0,1
87.0,224.0,27,9.209359437887987e-05,0.9416808786411035,False,2,0
151.0,152.0,27,9.209359437887987e-05,0.9417729722354824,False,1,1
233.0,143.0,27,9.209359437887987e-05,0.9418650658298613,False,0,0
148.0,74.0,26,8.868272051299543e-05,0.9419537485503743,False,2,1
234.0,75.0,26,8.868272051299543e-05,0.9420424312708873,False,0,1
261.0,90.0,26,8.868272051299543e-05,0.9421311139914003,False,2,0
125.0,142.0,26,8.868272051299543e-05,0.9422197967119132,False,2,0
144.0,45.0,26,8.868272051299543e-05,0.9423084794324262,False,2,2
262.0,246.0,26,8.868272051299543e-05,0.9423971621529392,False,1,0
142.0,125.0,26,8.868272051299543e-05,0.9424858448734522,False,0,2
137.0,143.0,26,8.868272051299543e-05,0.9425745275939652,False,0,0
45.0,230.0,26,8.868272051299543e-05,0.9426632103144782,False,2,0
75.0,186.0,26,8.868272051299543e-05,0.9427518930349912,False,1,0
75.0,164.0,26,8.868272051299543e-05,0.9428405757555042,False,1,0
88.0,68.0,26,8.868272051299543e-05,0.9429292584760172,False,2,0
125.0,236.0,26,8.868272051299543e-05,0.9430179411965302,False,2,1
166.0,152.0,26,8.868272051299543e-05,0.9431066239170431,False,1,1
41.0,68.0,26,8.868272051299543e-05,0.9431953066375561,False,1,0
75.0,107.0,26,8.868272051299543e-05,0.9432839893580691,False,1,0
237.0,87.0,26,8.868272051299543e-05,0.9433726720785821,False,1,2
107.0,143.0,26,8.868272051299543e-05,0.9434613547990951,False,0,0
50.0,87.0,26,8.868272051299543e-05,0.9435500375196081,False,0,2
75.0,143.0,26,8.868272051299543e-05,0.9436387202401211,False,1,0
243.0,244.0,26,8.868272051299543e-05,0.9437274029606341,False,3,3
211.0,238.0,26,8.868272051299543e-05,0.943816085681147,False,2,1
140.0,224.0,26,8.868272051299543e-05,0.94390476840166,False,1,0
144.0,238.0,26,8.868272051299543e-05,0.943993451122173,False,2,1
209.0,68.0,26,8.868272051299543e-05,0.944082133842686,False,2,0
137.0,43.0,26,8.868272051299543e-05,0.944170816563199,False,0,1
152.0,244.0,25,8.527184664711098e-05,0.9442560884098461,False,1,3
246.0,262.0,25,8.527184664711098e-05,0.9443413602564932,False,0,1
88.0,114.0,25,8.527184664711098e-05,0.9444266321031403,False,2,2
263.0,88.0,25,8.527184664711098e-05,0.9445119039497873,False,1,2
263.0,100.0,25,8.527184664711098e-05,0.9445971757964344,False,1,0
229.0,74.0,25,8.527184664711098e-05,0.9446824476430815,False,0,1
74.0,140.0,25,8.527184664711098e-05,0.9447677194897286,False,1,1
141.0,13.0,25,8.527184664711098e-05,0.9448529913363757,False,1,2
166.0,50.0,25,8.527184664711098e-05,0.9449382631830228,False,1,0
50.0,148.0,25,8.527184664711098e-05,0.9450235350296698,False,0,2
140.0,88.0,25,8.527184664711098e-05,0.9451088068763169,False,1,2
50.0,113.0,25,8.527184664711098e-05,0.945194078722964,False,0,0
233.0,232.0,25,8.527184664711098e-05,0.9452793505696111,False,0,0
50.0,211.0,25,8.527184664711098e-05,0.9453646224162582,False,0,2
164.0,209.0,25,8.527184664711098e-05,0.9454498942629053,False,0,2
50.0,140.0,25,8.527184664711098e-05,0.9455351661095523,False,0,1
87.0,125.0,25,8.527184664711098e-05,0.9456204379561994,False,2,2
137.0,239.0,25,8.527184664711098e-05,0.9457057098028465,False,0,0
48.0,88.0,25,8.527184664711098e-05,0.9457909816494936,False,0,2
263.0,158.0,25,8.527184664711098e-05,0.9458762534961407,False,1,2
229.0,87.0,25,8.527184664711098e-05,0.9459615253427878,False,0,2
234.0,151.0,25,8.527184664711098e-05,0.9460467971894349,False,0,1
100.0,87.0,25,8.527184664711098e-05,0.9461320690360819,False,0,2
116.0,116.0,25,8.527184664711098e-05,0.946217340882729,False,1,1
209.0,249.0,25,8.527184664711098e-05,0.9463026127293761,False,2,2
74.0,243.0,25,8.527184664711098e-05,0.9463878845760232,False,1,3
148.0,75.0,25,8.527184664711098e-05,0.9464731564226703,False,2,1
170.0,74.0,25,8.527184664711098e-05,0.9465584282693174,False,0,1
79.0,166.0,25,8.527184664711098e-05,0.9466437001159644,False,0,1
234.0,42.0,25,8.527184664711098e-05,0.9467289719626115,False,0,1
230.0,45.0,25,8.527184664711098e-05,0.9468142438092586,False,0,2
224.0,164.0,25,8.527184664711098e-05,0.9468995156559057,False,0,0
230.0,24.0,25,8.527184664711098e-05,0.9469847875025528,False,0,1
140.0,100.0,25,8.527184664711098e-05,0.9470700593491999,False,1,0
246.0,75.0,25,8.527184664711098e-05,0.9471553311958469,False,0,1
166.0,230.0,25,8.527184664711098e-05,0.947240603042494,False,1,0
141.0,4.0,25,8.527184664711098e-05,0.9473258748891411,False,1,0
141.0,42.0,24,8.186097278122655e-05,0.9474077358619223,False,1,1
107.0,151.0,24,8.186097278122655e-05,0.9474895968347035,False,0,1
74.0,151.0,24,8.186097278122655e-05,0.9475714578074846,False,1,1
137.0,88.0,24,8.186097278122655e-05,0.9476533187802658,False,0,2
68.0,24.0,24,8.186097278122655e-05,0.947735179753047,False,0,1
68.0,74.0,24,8.186097278122655e-05,0.9478170407258282,False,0,1
75.0,68.0,24,8.186097278122655e-05,0.9478989016986094,False,1,0
87.0,239.0,24,8.186097278122655e-05,0.9479807626713905,False,2,0
87.0,261.0,24,8.186097278122655e-05,0.9480626236441717,False,2,2
140.0,158.0,24,8.186097278122655e-05,0.9481444846169529,False,1,2
151.0,229.0,24,8.186097278122655e-05,0.9482263455897341,False,1,0
41.0,140.0,24,8.186097278122655e-05,0.9483082065625152,False,1,1
237.0,24.0,24,8.186097278122655e-05,0.9483900675352964,False,1,1
244.0,42.0,24,8.186097278122655e-05,0.9484719285080776,False,3,1
148.0,166.0,24,8.186097278122655e-05,0.9485537894808588,False,2,1
232.0,234.0,24,8.186097278122655e-05,0.94863565045364,False,0,0
166.0,263.0,24,8.186097278122655e-05,0.9487175114264211,False,1,1
140.0,144.0,24,8.186097278122655e-05,0.9487993723992023,False,1,2
75.0,116.0,24,8.186097278122655e-05,0.9488812333719835,False,1,1
166.0,161.0,24,8.186097278122655e-05,0.9489630943447647,False,1,0
125.0,137.0,24,8.186097278122655e-05,0.9490449553175458,False,2,0
170.0,45.0,24,8.186097278122655e-05,0.949126816290327,False,0,2
114.0,45.0,24,8.186097278122655e-05,0.9492086772631082,False,2,2
24.0,24.0,24,8.186097278122655e-05,0.9492905382358894,False,1,1
79.0,244.0,24,8.186097278122655e-05,0.9493723992086706,False,0,3
140.0,4.0,24,8.186097278122655e-05,0.9494542601814517,False,1,0
237.0,116.0,24,8.186097278122655e-05,0.9495361211542329,False,1,1
116.0,75.0,24,8.186097278122655e-05,0.9496179821270141,False,1,1
13.0,142.0,24,8.186097278122655e-05,0.9496998430997953,False,2,0
224.0,229.0,24,8.186097278122655e-05,0.9497817040725764,False,0,0
48.0,152.0,24,8.186097278122655e-05,0.9498635650453576,False,0,1
158.0,262.0,24,8.186097278122655e-05,0.9499454260181388,False,2,1
13.0,163.0,24,8.186097278122655e-05,0.95002728699092,False,2,0
261.0,88.0,24,8.186097278122655e-05,0.9501091479637012,False,2,2
211.0,263.0,24,8.186097278122655e-05,0.9501910089364823,False,2,1
209.0,234.0,24,8.186097278122655e-05,0.9502728699092635,False,2,0
116.0,166.0,24,8.186097278122655e-05,0.9503547308820447,False,1,1
116.0,244.0,24,8.186097278122655e-05,0.9504365918548259,False,1,3
209.0,107.0,24,8.186097278122655e-05,0.950518452827607,False,2,0
143.0,13.0,24,8.186097278122655e-05,0.9506003138003882,False,0,2
224.0,107.0,24,8.186097278122655e-05,0.9506821747731694,False,0,0
261.0,233.0,24,8.186097278122655e-05,0.9507640357459506,False,2,0
236.0,88.0,24,8.186097278122655e-05,0.9508458967187318,False,1,2
4.0,4.0,24,8.186097278122655e-05,0.9509277576915129,False,0,0
209.0,45.0,23,7.845009891534211e-05,0.9510062077904283,False,2,2
113.0,88.0,23,7.845009891534211e-05,0.9510846578893437,False,0,2
90.0,41.0,23,7.845009891534211e-05,0.9511631079882591,False,0,1
158.0,224.0,23,7.845009891534211e-05,0.9512415580871745,False,2,0
162.0,41.0,23,7.845009891534211e-05,0.9513200081860899,False,0,1
231.0,43.0,23,7.845009891534211e-05,0.9513984582850052,False,2,1
50.0,166.0,23,7.845009891534211e-05,0.9514769083839206,False,0,1
209.0,209.0,23,7.845009891534211e-05,0.951555358482836,False,2,2
164.0,166.0,23,7.845009891534211e-05,0.9516338085817514,False,0,1
232.0,249.0,23,7.845009891534211e-05,0.9517122586806668,False,0,2
232.0,246.0,23,7.845009891534211e-05,0.9517907087795822,False,0,0
232.0,230.0,23,7.845009891534211e-05,0.9518691588784975,False,0,0
24.0,143.0,23,7.845009891534211e-05,0.9519476089774129,False,1,0
238.0,233.0,23,7.845009891534211e-05,0.9520260590763283,False,1,0
13.0,237.0,23,7.845009891534211e-05,0.9521045091752437,False,2,1
113.0,209.0,23,7.845009891534211e-05,0.9521829592741591,False,0,2
232.0,113.0,23,7.845009891534211e-05,0.9522614093730745,False,0,0
262.0,100.0,23,7.845009891534211e-05,0.9523398594719898,False,1,0
45.0,170.0,23,7.845009891534211e-05,0.9524183095709052,False,2,0
164.0,42.0,23,7.845009891534211e-05,0.9524967596698206,False,0,1
13.0,45.0,23,7.845009891534211e-05,0.952575209768736,False,2,2
114.0,166.0,23,7.845009891534211e-05,0.9526536598676514,False,2,1
79.0,243.0,23,7.845009891534211e-05,0.9527321099665668,False,0,3
143.0,137.0,23,7.845009891534211e-05,0.9528105600654821,False,0,0
246.0,42.0,23,7.845009891534211e-05,0.9528890101643975,False,0,1
143.0,233.0,23,7.845009891534211e-05,0.9529674602633129,False,0,0
140.0,246.0,23,7.845009891534211e-05,0.9530459103622283,False,1,0
74.0,142.0,23,7.845009891534211e-05,0.9531243604611437,False,1,0
239.0,144.0,23,7.845009891534211e-05,0.9532028105600591,False,0,2
140.0,42.0,23,7.845009891534211e-05,0.9532812606589744,False,1,1
68.0,116.0,23,7.845009891534211e-05,0.9533597107578898,False,0,1
68.0,127.0,23,7.845009891534211e-05,0.9534381608568052,False,0,3
246.0,209.0,23,7.845009891534211e-05,0.9535166109557206,False,0,2
41.0,152.0,23,7.845009891534211e-05,0.953595061054636,False,1,1
50.0,262.0,23,7.845009891534211e-05,0.9536735111535514,False,0,1
50.0,263.0,23,7.845009891534211e-05,0.9537519612524668,False,0,1
229.0,151.0,23,7.845009891534211e-05,0.9538304113513821,False,0,1
74.0,230.0,23,7.845009891534211e-05,0.9539088614502975,False,1,0
239.0,232.0,23,7.845009891534211e-05,0.9539873115492129,False,0,0
100.0,166.0,23,7.845009891534211e-05,0.9540657616481283,False,0,1
90.0,244.0,23,7.845009891534211e-05,0.9541442117470437,False,0,3
239.0,87.0,22,7.503922504945768e-05,0.9542192509720931,False,0,2
68.0,42.0,22,7.503922504945768e-05,0.9542942901971426,False,0,1
50.0,233.0,22,7.503922504945768e-05,0.9543693294221921,False,0,0
88.0,141.0,22,7.503922504945768e-05,0.9544443686472416,False,2,1
42.0,238.0,22,7.503922504945768e-05,0.9545194078722911,False,1,1
142.0,152.0,22,7.503922504945768e-05,0.9545944470973405,False,0,1
100.0,45.0,22,7.503922504945768e-05,0.95466948632239,False,0,2
166.0,163.0,22,7.503922504945768e-05,0.9547445255474395,False,1,0
140.0,244.0,22,7.503922504945768e-05,0.954819564772489,False,1,3
87.0,237.0,22,7.503922504945768e-05,0.9548946039975384,False,2,1
224.0,233.0,22,7.503922504945768e-05,0.9549696432225879,False,0,0
125.0,50.0,22,7.503922504945768e-05,0.9550446824476374,False,2,0
88.0,158.0,22,7.503922504945768e-05,0.9551197216726869,False,2,2
262.0,4.0,22,7.503922504945768e-05,0.9551947608977364,False,1,0
237.0,224.0,22,7.503922504945768e-05,0.9552698001227858,False,1,0
48.0,224.0,22,7.503922504945768e-05,0.9553448393478353,False,0,0
50.0,144.0,22,7.503922504945768e-05,0.9554198785728848,False,0,2
113.0,43.0,22,7.503922504945768e-05,0.9554949177979343,False,0,1
50.0,43.0,22,7.503922504945768e-05,0.9555699570229838,False,0,1
236.0,261.0,22,7.503922504945768e-05,0.9556449962480332,False,1,2
237.0,42.0,22,7.503922504945768e-05,0.9557200354730827,False,1,1
143.0,74.0,22,7.503922504945768e-05,0.9557950746981322,False,0,1
186.0,24.0,22,7.503922504945768e-05,0.9558701139231817,False,0,1
4.0,211.0,22,7.503922504945768e-05,0.9559451531482311,False,0,2
170.0,166.0,22,7.503922504945768e-05,0.9560201923732806,False,0,1
75.0,234.0,22,7.503922504945768e-05,0.9560952315983301,False,1,0
166.0,229.0,22,7.503922504945768e-05,0.9561702708233796,False,1,0
236.0,125.0,22,7.503922504945768e-05,0.956245310048429,False,1,2
238.0,100.0,22,7.503922504945768e-05,0.9563203492734785,False,1,0
238.0,158.0,22,7.503922504945768e-05,0.956395388498528,False,1,2
238.0,127.0,21,7.162835118357323e-05,0.9564670168497116,False,1,3
262.0,144.0,21,7.162835118357323e-05,0.9565386452008952,False,1,2
209.0,230.0,21,7.162835118357323e-05,0.9566102735520787,False,2,0
24.0,237.0,21,7.162835118357323e-05,0.9566819019032623,False,1,1
232.0,164.0,21,7.162835118357323e-05,0.9567535302544459,False,0,0
232.0,144.0,21,7.162835118357323e-05,0.9568251586056294,False,0,2
209.0,246.0,21,7.162835118357323e-05,0.956896786956813,False,2,0
88.0,211.0,21,7.162835118357323e-05,0.9569684153079966,False,2,2
50.0,137.0,21,7.162835118357323e-05,0.9570400436591802,False,0,0
79.0,116.0,21,7.162835118357323e-05,0.9571116720103637,False,0,1
148.0,151.0,21,7.162835118357323e-05,0.9571833003615473,False,2,1
50.0,244.0,21,7.162835118357323e-05,0.9572549287127309,False,0,3
88.0,137.0,21,7.162835118357323e-05,0.9573265570639145,False,2,0
88.0,186.0,21,7.162835118357323e-05,0.957398185415098,False,2,0
224.0,161.0,21,7.162835118357323e-05,0.9574698137662816,False,0,0
244.0,166.0,21,7.162835118357323e-05,0.9575414421174652,False,3,1
125.0,100.0,21,7.162835118357323e-05,0.9576130704686487,False,2,0
244.0,75.0,21,7.162835118357323e-05,0.9576846988198323,False,3,1
231.0,75.0,21,7.162835118357323e-05,0.9577563271710159,False,2,1
263.0,194.0,21,7.162835118357323e-05,0.9578279555221995,False,1,1
263.0,24.0,21,7.162835118357323e-05,0.957899583873383,False,1,1
100.0,151.0,21,7.162835118357323e-05,0.9579712122245666,False,0,1
148.0,42.0,21,7.162835118357323e-05,0.9580428405757502,False,2,1
87.0,142.0,21,7.162835118357323e-05,0.9581144689269337,False,2,0
229.0,13.0,21,7.162835118357323e-05,0.9581860972781173,False,0,2
209.0,48.0,21,7.162835118357323e-05,0.9582577256293009,False,2,0
209.0,114.0,21,7.162835118357323e-05,0.9583293539804845,False,2,2
107.0,45.0,21,7.162835118357323e-05,0.958400982331668,False,0,2
161.0,24.0,21,7.162835118357323e-05,0.9584726106828516,False,0,1
90.0,45.0,21,7.162835118357323e-05,0.9585442390340352,False,0,2
43.0,144.0,21,7.162835118357323e-05,0.9586158673852188,False,1,2
100.0,74.0,20,6.821747731768879e-05,0.9586840848625364,False,0,1
263.0,13.0,20,6.821747731768879e-05,0.9587523023398541,False,1,2
233.0,261.0,20,6.821747731768879e-05,0.9588205198171718,False,0,2
144.0,43.0,20,6.821747731768879e-05,0.9588887372944894,False,2,1
161.0,244.0,20,6.821747731768879e-05,0.9589569547718071,False,0,3
244.0,239.0,20,6.821747731768879e-05,0.9590251722491248,False,3,0
234.0,74.0,20,6.821747731768879e-05,0.9590933897264424,False,0,1
90.0,151.0,20,6.821747731768879e-05,0.9591616072037601,False,0,1
68.0,152.0,20,6.821747731768879e-05,0.9592298246810778,False,0,1
229.0,41.0,20,6.821747731768879e-05,0.9592980421583954,False,0,1
211.0,45.0,20,6.821747731768879e-05,0.9593662596357131,False,2,2
186.0,116.0,20,6.821747731768879e-05,0.9594344771130308,False,0,1
142.0,224.0,20,6.821747731768879e-05,0.9595026945903484,False,0,0
166.0,249.0,20,6.821747731768879e-05,0.9595709120676661,False,1,2
143.0,243.0,20,6.821747731768879e-05,0.9596391295449838,False,0,3
263.0,4.0,20,6.821747731768879e-05,0.9597073470223014,False,1,0
163.0,125.0,20,6.821747731768879e-05,0.9597755644996191,False,0,2
232.0,45.0,20,6.821747731768879e-05,0.9598437819769368,False,0,2
13.0,236.0,20,6.821747731768879e-05,0.9599119994542544,False,2,1
238.0,148.0,20,6.821747731768879e-05,0.9599802169315721,False,1,2
113.0,75.0,20,6.821747731768879e-05,0.9600484344088898,False,0,1
232.0,162.0,20,6.821747731768879e-05,0.9601166518862074,False,0,0
43.0,137.0,20,6.821747731768879e-05,0.9601848693635251,False,1,0
166.0,243.0,20,6.821747731768879e-05,0.9602530868408428,False,1,3
141.0,88.0,20,6.821747731768879e-05,0.9603213043181604,False,1,2
166.0,164.0,20,6.821747731768879e-05,0.9603895217954781,False,1,0
144.0,224.0,20,6.821747731768879e-05,0.9604577392727958,False,2,0
236.0,232.0,20,6.821747731768879e-05,0.9605259567501134,False,1,0
43.0,244.0,20,6.821747731768879e-05,0.9605941742274311,False,1,3
43.0,87.0,20,6.821747731768879e-05,0.9606623917047488,False,1,2
233.0,88.0,20,6.821747731768879e-05,0.9607306091820664,False,0,2
163.0,224.0,20,6.821747731768879e-05,0.9607988266593841,False,0,0
237.0,261.0,20,6.821747731768879e-05,0.9608670441367018,False,1,2
209.0,164.0,20,6.821747731768879e-05,0.9609352616140194,False,2,0
209.0,162.0,20,6.821747731768879e-05,0.9610034790913371,False,2,0
13.0,229.0,20,6.821747731768879e-05,0.9610716965686548,False,2,0
13.0,137.0,20,6.821747731768879e-05,0.9611399140459724,False,2,0
113.0,45.0,20,6.821747731768879e-05,0.9612081315232901,False,0,2
237.0,232.0,20,6.821747731768879e-05,0.9612763490006078,False,1,0
113.0,151.0,19,6.480660345180436e-05,0.9613411556040595,False,0,1
209.0,233.0,19,6.480660345180436e-05,0.9614059622075113,False,2,0
263.0,244.0,19,6.480660345180436e-05,0.961470768810963,False,1,3
48.0,127.0,19,6.480660345180436e-05,0.9615355754144148,False,0,3
90.0,88.0,19,6.480660345180436e-05,0.9616003820178666,False,0,2
161.0,45.0,19,6.480660345180436e-05,0.9616651886213183,False,0,2
262.0,166.0,19,6.480660345180436e-05,0.9617299952247701,False,1,1
262.0,41.0,19,6.480660345180436e-05,0.9617948018282219,False,1,1
239.0,152.0,19,6.480660345180436e-05,0.9618596084316736,False,0,1
238.0,144.0,19,6.480660345180436e-05,0.9619244150351254,False,1,2
262.0,50.0,19,6.480660345180436e-05,0.9619892216385771,False,1,0
237.0,244.0,19,6.480660345180436e-05,0.9620540282420289,False,1,3
45.0,107.0,19,6.480660345180436e-05,0.9621188348454807,False,2,0
45.0,88.0,19,6.480660345180436e-05,0.9621836414489324,False,2,2
261.0,236.0,19,6.480660345180436e-05,0.9622484480523842,False,2,1
45.0,186.0,19,6.480660345180436e-05,0.962313254655836,False,2,0
45.0,48.0,19,6.480660345180436e-05,0.9623780612592877,False,2,0
13.0,239.0,19,6.480660345180436e-05,0.9624428678627395,False,2,0
13.0,232.0,19,6.480660345180436e-05,0.9625076744661912,False,2,0
24.0,48.0,19,6.480660345180436e-05,0.962572481069643,False,1,0
209.0,229.0,19,6.480660345180436e-05,0.9626372876730948,False,2,0
13.0,143.0,19,6.480660345180436e-05,0.9627020942765465,False,2,0
236.0,243.0,19,6.480660345180436e-05,0.9627669008799983,False,1,3
237.0,4.0,19,6.480660345180436e-05,0.96283170748345,False,1,0
4.0,232.0,19,6.480660345180436e-05,0.9628965140869018,False,0,0
263.0,116.0,19,6.480660345180436e-05,0.9629613206903536,False,1,1
4.0,48.0,19,6.480660345180436e-05,0.9630261272938053,False,0,0
4.0,113.0,19,6.480660345180436e-05,0.9630909338972571,False,0,0
75.0,233.0,19,6.480660345180436e-05,0.9631557405007088,False,1,0
74.0,237.0,19,6.480660345180436e-05,0.9632205471041606,False,1,1
239.0,211.0,19,6.480660345180436e-05,0.9632853537076124,False,0,2
224.0,90.0,19,6.480660345180436e-05,0.9633501603110641,False,0,0
144.0,75.0,19,6.480660345180436e-05,0.9634149669145159,False,2,1
148.0,244.0,19,6.480660345180436e-05,0.9634797735179677,False,2,3
87.0,50.0,19,6.480660345180436e-05,0.9635445801214194,False,2,0
162.0,45.0,19,6.480660345180436e-05,0.9636093867248712,False,0,2
125.0,233.0,19,6.480660345180436e-05,0.9636741933283229,False,2,0
87.0,236.0,19,6.480660345180436e-05,0.9637389999317747,False,2,1
140.0,243.0,19,6.480660345180436e-05,0.9638038065352265,False,1,3
74.0,48.0,19,6.480660345180436e-05,0.9638686131386782,False,1,0
246.0,232.0,19,6.480660345180436e-05,0.96393341974213,False,0,0
87.0,209.0,19,6.480660345180436e-05,0.9639982263455817,False,2,2
166.0,43.0,19,6.480660345180436e-05,0.9640630329490335,False,1,1
88.0,107.0,19,6.480660345180436e-05,0.9641278395524853,False,2,0
233.0,13.0,19,6.480660345180436e-05,0.964192646155937,False,0,2
151.0,79.0,19,6.480660345180436e-05,0.9642574527593888,False,1,0
211.0,43.0,19,6.480660345180436e-05,0.9643222593628406,False,2,1
211.0,143.0,19,6.480660345180436e-05,0.9643870659662923,False,2,0
4.0,100.0,18,6.139572958591991e-05,0.9644484616958783,False,0,0
262.0,13.0,18,6.139572958591991e-05,0.9645098574254642,False,1,2
158.0,166.0,18,6.139572958591991e-05,0.9645712531550502,False,2,1
4.0,263.0,18,6.139572958591991e-05,0.9646326488846362,False,0,1
232.0,4.0,18,6.139572958591991e-05,0.9646940446142221,False,0,0
230.0,224.0,18,6.139572958591991e-05,0.9647554403438081,False,0,0
231.0,41.0,18,6.139572958591991e-05,0.9648168360733941,False,2,1
50.0,42.0,18,6.139572958591991e-05,0.96487823180298,False,0,1
88.0,164.0,18,6.139572958591991e-05,0.964939627532566,False,2,0
230.0,4.0,18,6.139572958591991e-05,0.965001023262152,False,0,0
209.0,161.0,18,6.139572958591991e-05,0.965062418991738,False,2,0
166.0,79.0,18,6.139572958591991e-05,0.9651238147213239,False,1,0
152.0,42.0,18,6.139572958591991e-05,0.9651852104509099,False,1,1
13.0,238.0,18,6.139572958591991e-05,0.9652466061804958,False,2,1
238.0,13.0,18,6.139572958591991e-05,0.9653080019100818,False,1,2
238.0,211.0,18,6.139572958591991e-05,0.9653693976396678,False,1,2
261.0,239.0,18,6.139572958591991e-05,0.9654307933692537,False,2,0
229.0,209.0,18,6.139572958591991e-05,0.9654921890988397,False,0,2
151.0,186.0,18,6.139572958591991e-05,0.9655535848284257,False,1,0
233.0,125.0,18,6.139572958591991e-05,0.9656149805580116,False,0,2
87.0,262.0,18,6.139572958591991e-05,0.9656763762875976,False,2,1
232.0,263.0,18,6.139572958591991e-05,0.9657377720171836,False,0,1
24.0,163.0,18,6.139572958591991e-05,0.9657991677467695,False,1,0
186.0,243.0,18,6.139572958591991e-05,0.9658605634763555,False,0,3
74.0,152.0,18,6.139572958591991e-05,0.9659219592059415,False,1,1
140.0,211.0,18,6.139572958591991e-05,0.9659833549355274,False,1,2
140.0,24.0,18,6.139572958591991e-05,0.9660447506651134,False,1,1
229.0,4.0,18,6.139572958591991e-05,0.9661061463946994,False,0,0
88.0,50.0,18,6.139572958591991e-05,0.9661675421242854,False,2,0
233.0,74.0,18,6.139572958591991e-05,0.9662289378538713,False,0,1
87.0,75.0,18,6.139572958591991e-05,0.9662903335834573,False,2,1
236.0,116.0,18,6.139572958591991e-05,0.9663517293130433,False,1,1
243.0,243.0,18,6.139572958591991e-05,0.9664131250426292,False,3,3
74.0,164.0,18,6.139572958591991e-05,0.9664745207722152,False,1,0
125.0,162.0,18,6.139572958591991e-05,0.9665359165018012,False,2,0
170.0,42.0,18,6.139572958591991e-05,0.9665973122313871,False,0,1
4.0,164.0,18,6.139572958591991e-05,0.9666587079609731,False,0,0
143.0,211.0,18,6.139572958591991e-05,0.966720103690559,False,0,2
75.0,148.0,18,6.139572958591991e-05,0.966781499420145,False,1,2
263.0,211.0,18,6.139572958591991e-05,0.966842895149731,False,1,2
4.0,233.0,17,5.798485572003547e-05,0.966900880005451,False,0,0
162.0,244.0,17,5.798485572003547e-05,0.9669588648611711,False,0,3
100.0,209.0,17,5.798485572003547e-05,0.9670168497168912,False,0,2
4.0,158.0,17,5.798485572003547e-05,0.9670748345726112,False,0,2
100.0,12.0,17,5.798485572003547e-05,0.9671328194283313,False,0,2
4.0,161.0,17,5.798485572003547e-05,0.9671908042840514,False,0,0
4.0,162.0,17,5.798485572003547e-05,0.9672487891397714,False,0,0
75.0,50.0,17,5.798485572003547e-05,0.9673067739954915,False,1,0
224.0,114.0,17,5.798485572003547e-05,0.9673647588512115,False,0,2
244.0,74.0,17,5.798485572003547e-05,0.9674227437069316,False,3,1
45.0,246.0,17,5.798485572003547e-05,0.9674807285626517,False,2,0
45.0,249.0,17,5.798485572003547e-05,0.9675387134183717,False,2,2
45.0,261.0,17,5.798485572003547e-05,0.9675966982740918,False,2,2
50.0,75.0,17,5.798485572003547e-05,0.9676546831298118,False,0,1
125.0,4.0,17,5.798485572003547e-05,0.9677126679855319,False,2,0
43.0,232.0,17,5.798485572003547e-05,0.967770652841252,False,1,0
88.0,113.0,17,5.798485572003547e-05,0.967828637696972,False,2,0
166.0,137.0,17,5.798485572003547e-05,0.9678866225526921,False,1,0
116.0,239.0,17,5.798485572003547e-05,0.9679446074084121,False,1,0
141.0,125.0,17,5.798485572003547e-05,0.9680025922641322,False,1,2
140.0,45.0,17,5.798485572003547e-05,0.9680605771198523,False,1,2
75.0,243.0,17,5.798485572003547e-05,0.9681185619755723,False,1,3
75.0,246.0,17,5.798485572003547e-05,0.9681765468312924,False,1,0
75.0,249.0,17,5.798485572003547e-05,0.9682345316870125,False,1,2
41.0,141.0,17,5.798485572003547e-05,0.9682925165427325,False,1,1
140.0,209.0,17,5.798485572003547e-05,0.9683505013984526,False,1,2
151.0,100.0,17,5.798485572003547e-05,0.9684084862541726,False,1,0
142.0,127.0,17,5.798485572003547e-05,0.9684664711098927,False,0,3
211.0,224.0,17,5.798485572003547e-05,0.9685244559656128,False,2,0
261.0,209.0,17,5.798485572003547e-05,0.9685824408213328,False,2,2
68.0,12.0,17,5.798485572003547e-05,0.9686404256770529,False,0,2
209.0,158.0,17,5.798485572003547e-05,0.968698410532773,False,2,2
90.0,42.0,17,5.798485572003547e-05,0.968756395388493,False,0,1
209.0,113.0,17,5.798485572003547e-05,0.9688143802442131,False,2,0
263.0,232.0,17,5.798485572003547e-05,0.9688723650999331,False,1,0
4.0,229.0,17,5.798485572003547e-05,0.9689303499556532,False,0,0
107.0,41.0,17,5.798485572003547e-05,0.9689883348113733,False,0,1
13.0,263.0,17,5.798485572003547e-05,0.9690463196670933,False,2,1
232.0,229.0,17,5.798485572003547e-05,0.9691043045228134,False,0,0
88.0,237.0,17,5.798485572003547e-05,0.9691622893785334,False,2,1
13.0,140.0,17,5.798485572003547e-05,0.9692202742342535,False,2,1
116.0,142.0,17,5.798485572003547e-05,0.9692782590899736,False,1,0
262.0,158.0,16,5.457398185415103e-05,0.9693328330718277,False,1,2
4.0,224.0,16,5.457398185415103e-05,0.9693874070536819,False,0,0
48.0,209.0,16,5.457398185415103e-05,0.969441981035536,False,0,2
263.0,144.0,16,5.457398185415103e-05,0.9694965550173902,False,1,2
263.0,45.0,16,5.457398185415103e-05,0.9695511289992443,False,1,2
161.0,243.0,16,5.457398185415103e-05,0.9696057029810985,False,0,3
162.0,166.0,16,5.457398185415103e-05,0.9696602769629526,False,0,1
137.0,41.0,16,5.457398185415103e-05,0.9697148509448068,False,0,1
262.0,24.0,16,5.457398185415103e-05,0.969769424926661,False,1,1
163.0,232.0,16,5.457398185415103e-05,0.9698239989085151,False,0,0
261.0,137.0,16,5.457398185415103e-05,0.9698785728903693,False,2,0
152.0,238.0,16,5.457398185415103e-05,0.9699331468722234,False,1,1
209.0,137.0,16,5.457398185415103e-05,0.9699877208540776,False,2,0
125.0,209.0,16,5.457398185415103e-05,0.9700422948359317,False,2,2
234.0,116.0,16,5.457398185415103e-05,0.9700968688177859,False,0,1
42.0,152.0,16,5.457398185415103e-05,0.97015144279964,False,1,1
142.0,261.0,16,5.457398185415103e-05,0.9702060167814942,False,0,2
125.0,141.0,16,5.457398185415103e-05,0.9702605907633484,False,2,1
142.0,232.0,16,5.457398185415103e-05,0.9703151647452025,False,0,0
24.0,244.0,16,5.457398185415103e-05,0.9703697387270567,False,1,3
114.0,116.0,16,5.457398185415103e-05,0.9704243127089108,False,2,1
232.0,161.0,16,5.457398185415103e-05,0.970478886690765,False,0,0
88.0,234.0,16,5.457398185415103e-05,0.9705334606726191,False,2,0
116.0,48.0,16,5.457398185415103e-05,0.9705880346544733,False,1,0
114.0,151.0,16,5.457398185415103e-05,0.9706426086363275,False,2,1
24.0,141.0,16,5.457398185415103e-05,0.9706971826181816,False,1,1
88.0,90.0,16,5.457398185415103e-05,0.9707517566000358,False,2,0
246.0,45.0,16,5.457398185415103e-05,0.9708063305818899,False,0,2
41.0,43.0,16,5.457398185415103e-05,0.9708609045637441,False,1,1
88.0,263.0,16,5.457398185415103e-05,0.9709154785455982,False,2,1
50.0,74.0,16,5.457398185415103e-05,0.9709700525274524,False,0,1
158.0,43.0,16,5.457398185415103e-05,0.9710246265093065,False,2,1
158.0,45.0,16,5.457398185415103e-05,0.9710792004911607,False,2,2
45.0,144.0,16,5.457398185415103e-05,0.9711337744730149,False,2,2
42.0,243.0,16,5.457398185415103e-05,0.971188348454869,False,1,3
125.0,45.0,16,5.457398185415103e-05,0.9712429224367232,False,2,2
164.0,244.0,16,5.457398185415103e-05,0.9712974964185773,False,0,3
116.0,230.0,16,5.457398185415103e-05,0.9713520704004315,False,1,0
249.0,74.0,16,5.457398185415103e-05,0.9714066443822856,False,2,1
41.0,143.0,16,5.457398185415103e-05,0.9714612183641398,False,1,0
50.0,261.0,16,5.457398185415103e-05,0.971515792345994,False,0,2
151.0,231.0,16,5.457398185415103e-05,0.9715703663278481,False,1,2
48.0,12.0,16,5.457398185415103e-05,0.9716249403097023,False,0,2
166.0,162.0,16,5.457398185415103e-05,0.9716795142915564,False,1,0
224.0,141.0,16,5.457398185415103e-05,0.9717340882734106,False,0,1
41.0,50.0,16,5.457398185415103e-05,0.9717886622552647,False,1,0
42.0,48.0,16,5.457398185415103e-05,0.9718432362371189,False,1,0
166.0,246.0,16,5.457398185415103e-05,0.971897810218973,False,1,0
100.0,244.0,15,5.1163107988266595e-05,0.9719489733269613,False,0,3
231.0,166.0,15,5.1163107988266595e-05,0.9720001364349495,False,2,1
4.0,142.0,15,5.1163107988266595e-05,0.9720512995429378,False,0,0
170.0,244.0,15,5.1163107988266595e-05,0.972102462650926,False,0,3
75.0,232.0,15,5.1163107988266595e-05,0.9721536257589143,False,1,0
244.0,238.0,15,5.1163107988266595e-05,0.9722047888669025,False,3,1
141.0,209.0,15,5.1163107988266595e-05,0.9722559519748908,False,1,2
75.0,100.0,15,5.1163107988266595e-05,0.972307115082879,False,1,0
143.0,116.0,15,5.1163107988266595e-05,0.9723582781908673,False,0,1
234.0,166.0,15,5.1163107988266595e-05,0.9724094412988555,False,0,1
88.0,142.0,15,5.1163107988266595e-05,0.9724606044068438,False,2,0
239.0,88.0,15,5.1163107988266595e-05,0.972511767514832,False,0,2
74.0,24.0,15,5.1163107988266595e-05,0.9725629306228203,False,1,1
41.0,243.0,15,5.1163107988266595e-05,0.9726140937308085,False,1,3
42.0,127.0,15,5.1163107988266595e-05,0.9726652568387968,False,1,3
246.0,243.0,15,5.1163107988266595e-05,0.972716419946785,False,0,3
41.0,79.0,15,5.1163107988266595e-05,0.9727675830547733,False,1,0
116.0,238.0,15,5.1163107988266595e-05,0.9728187461627615,False,1,1
88.0,4.0,15,5.1163107988266595e-05,0.9728699092707498,False,2,0
224.0,232.0,15,5.1163107988266595e-05,0.972921072378738,False,0,0
244.0,152.0,15,5.1163107988266595e-05,0.9729722354867263,False,3,1
144.0,166.0,15,5.1163107988266595e-05,0.9730233985947145,False,2,1
148.0,43.0,15,5.1163107988266595e-05,0.9730745617027028,False,2,1
224.0,224.0,15,5.1163107988266595e-05,0.973125724810691,False,0,0
246.0,24.0,15,5.1163107988266595e-05,0.9731768879186793,False,0,1
42.0,239.0,15,5.1163107988266595e-05,0.9732280510266675,False,1,0
142.0,88.0,15,5.1163107988266595e-05,0.9732792141346558,False,0,2
234.0,243.0,15,5.1163107988266595e-05,0.973330377242644,False,0,3
125.0,263.0,15,5.1163107988266595e-05,0.9733815403506323,False,2,1
211.0,166.0,15,5.1163107988266595e-05,0.9734327034586205,False,2,1
224.0,144.0,15,5.1163107988266595e-05,0.9734838665666088,False,0,2
74.0,137.0,15,5.1163107988266595e-05,0.973535029674597,False,1,0
74.0,127.0,15,5.1163107988266595e-05,0.9735861927825853,False,1,3
141.0,24.0,15,5.1163107988266595e-05,0.9736373558905735,False,1,1
137.0,209.0,15,5.1163107988266595e-05,0.9736885189985618,False,0,2
246.0,116.0,15,5.1163107988266595e-05,0.97373968210655,False,0,1
229.0,166.0,15,5.1163107988266595e-05,0.9737908452145383,False,0,1
239.0,4.0,15,5.1163107988266595e-05,0.9738420083225265,False,0,0
151.0,234.0,15,5.1163107988266595e-05,0.9738931714305148,False,1,0
209.0,261.0,15,5.1163107988266595e-05,0.973944334538503,False,2,2
236.0,209.0,15,5.1163107988266595e-05,0.9739954976464913,False,1,2
224.0,246.0,15,5.1163107988266595e-05,0.9740466607544795,False,0,0
87.0,143.0,15,5.1163107988266595e-05,0.9740978238624678,False,2,0
24.0,68.0,15,5.1163107988266595e-05,0.974148986970456,False,1,0
114.0,75.0,15,5.1163107988266595e-05,0.9742001500784443,False,2,1
209.0,163.0,15,5.1163107988266595e-05,0.9742513131864325,False,2,0
261.0,141.0,15,5.1163107988266595e-05,0.9743024762944208,False,2,1
232.0,211.0,15,5.1163107988266595e-05,0.974353639402409,False,0,2
43.0,125.0,15,5.1163107988266595e-05,0.9744048025103973,False,1,2
232.0,100.0,15,5.1163107988266595e-05,0.9744559656183855,False,0,0
88.0,229.0,15,5.1163107988266595e-05,0.9745071287263738,False,2,0
262.0,88.0,15,5.1163107988266595e-05,0.974558291834362,False,1,2
262.0,42.0,15,5.1163107988266595e-05,0.9746094549423503,False,1,1
45.0,164.0,15,5.1163107988266595e-05,0.9746606180503385,False,2,0
45.0,114.0,15,5.1163107988266595e-05,0.9747117811583268,False,2,2
13.0,233.0,15,5.1163107988266595e-05,0.974762944266315,False,2,0
232.0,90.0,15,5.1163107988266595e-05,0.9748141073743033,False,0,0
13.0,4.0,15,5.1163107988266595e-05,0.9748652704822915,False,2,0
137.0,42.0,15,5.1163107988266595e-05,0.9749164335902798,False,0,1
231.0,24.0,15,5.1163107988266595e-05,0.974967596698268,False,2,1
152.0,166.0,15,5.1163107988266595e-05,0.9750187598062563,False,1,1
237.0,45.0,15,5.1163107988266595e-05,0.9750699229142445,False,1,2
162.0,24.0,15,5.1163107988266595e-05,0.9751210860222328,False,0,1
209.0,4.0,15,5.1163107988266595e-05,0.975172249130221,False,2,0
237.0,209.0,15,5.1163107988266595e-05,0.9752234122382093,False,1,2
163.0,24.0,15,5.1163107988266595e-05,0.9752745753461975,False,0,1
48.0,45.0,15,5.1163107988266595e-05,0.9753257384541858,False,0,2
90.0,209.0,14,4.775223412238215e-05,0.9753734906883081,False,0,2
158.0,151.0,14,4.775223412238215e-05,0.9754212429224305,False,2,1
231.0,151.0,14,4.775223412238215e-05,0.9754689951565528,False,2,1
90.0,116.0,14,4.775223412238215e-05,0.9755167473906752,False,0,1
4.0,246.0,14,4.775223412238215e-05,0.9755644996247975,False,0,0
209.0,236.0,14,4.775223412238215e-05,0.9756122518589199,False,2,1
45.0,68.0,14,4.775223412238215e-05,0.9756600040930422,False,2,0
261.0,229.0,14,4.775223412238215e-05,0.9757077563271646,False,2,0
113.0,116.0,14,4.775223412238215e-05,0.9757555085612869,False,0,1
262.0,45.0,14,4.775223412238215e-05,0.9758032607954092,False,1,2
163.0,243.0,14,4.775223412238215e-05,0.9758510130295316,False,0,3
261.0,237.0,14,4.775223412238215e-05,0.9758987652636539,False,2,1
116.0,68.0,14,4.775223412238215e-05,0.9759465174977763,False,1,0
116.0,151.0,14,4.775223412238215e-05,0.9759942697318986,False,1,1
74.0,79.0,14,4.775223412238215e-05,0.976042021966021,False,1,0
43.0,13.0,14,4.775223412238215e-05,0.9760897742001433,False,1,2
236.0,224.0,14,4.775223412238215e-05,0.9761375264342657,False,1,0
50.0,243.0,14,4.775223412238215e-05,0.976185278668388,False,0,3
13.0,141.0,14,4.775223412238215e-05,0.9762330309025103,False,2,1
152.0,152.0,14,4.775223412238215e-05,0.9762807831366327,False,1,1
24.0,42.0,14,4.775223412238215e-05,0.976328535370755,False,1,1
211.0,41.0,14,4.775223412238215e-05,0.9763762876048774,False,2,1
232.0,114.0,14,4.775223412238215e-05,0.9764240398389997,False,0,2
232.0,141.0,14,4.775223412238215e-05,0.9764717920731221,False,0,1
232.0,48.0,14,4.775223412238215e-05,0.9765195443072444,False,0,0
113.0,166.0,14,4.775223412238215e-05,0.9765672965413668,False,0,1
239.0,127.0,14,4.775223412238215e-05,0.9766150487754891,False,0,3
232.0,261.0,14,4.775223412238215e-05,0.9766628010096114,False,0,2
74.0,68.0,14,4.775223412238215e-05,0.9767105532437338,False,1,0
229.0,244.0,14,4.775223412238215e-05,0.9767583054778561,False,0,3
232.0,209.0,14,4.775223412238215e-05,0.9768060577119785,False,0,2
137.0,74.0,14,4.775223412238215e-05,0.9768538099461008,False,0,1
170.0,243.0,14,4.775223412238215e-05,0.9769015621802232,False,0,3
125.0,143.0,14,4.775223412238215e-05,0.9769493144143455,False,2,0
143.0,144.0,14,4.775223412238215e-05,0.9769970666484679,False,0,2
163.0,4.0,14,4.775223412238215e-05,0.9770448188825902,False,0,0
162.0,42.0,14,4.775223412238215e-05,0.9770925711167125,False,0,1
4.0,140.0,14,4.775223412238215e-05,0.9771403233508349,False,0,1
100.0,243.0,14,4.775223412238215e-05,0.9771880755849572,False,0,3
90.0,243.0,14,4.775223412238215e-05,0.9772358278190796,False,0,3
143.0,152.0,14,4.775223412238215e-05,0.9772835800532019,False,0,1
143.0,148.0,14,4.775223412238215e-05,0.9773313322873243,False,0,2
50.0,88.0,14,4.775223412238215e-05,0.9773790845214466,False,0,2
41.0,246.0,14,4.775223412238215e-05,0.977426836755569,False,1,0
87.0,238.0,14,4.775223412238215e-05,0.9774745889896913,False,2,1
224.0,48.0,14,4.775223412238215e-05,0.9775223412238137,False,0,0
125.0,239.0,14,4.775223412238215e-05,0.977570093457936,False,2,0
125.0,238.0,14,4.775223412238215e-05,0.9776178456920583,False,2,1
224.0,249.0,14,4.775223412238215e-05,0.9776655979261807,False,0,2
236.0,45.0,14,4.775223412238215e-05,0.977713350160303,False,1,2
41.0,161.0,14,4.775223412238215e-05,0.9777611023944254,False,1,0
246.0,224.0,14,4.775223412238215e-05,0.9778088546285477,False,0,0
151.0,137.0,14,4.775223412238215e-05,0.9778566068626701,False,1,0
125.0,88.0,14,4.775223412238215e-05,0.9779043590967924,False,2,2
141.0,244.0,14,4.775223412238215e-05,0.9779521113309148,False,1,3
142.0,45.0,14,4.775223412238215e-05,0.9779998635650371,False,0,2
24.0,263.0,14,4.775223412238215e-05,0.9780476157991594,False,1,1
229.0,125.0,14,4.775223412238215e-05,0.9780953680332818,False,0,2
244.0,127.0,14,4.775223412238215e-05,0.9781431202674041,False,3,3
246.0,4.0,14,4.775223412238215e-05,0.9781908725015265,False,0,0
144.0,151.0,14,4.775223412238215e-05,0.9782386247356488,False,2,1
144.0,42.0,14,4.775223412238215e-05,0.9782863769697712,False,2,1
239.0,224.0,14,4.775223412238215e-05,0.9783341292038935,False,0,0
42.0,237.0,14,4.775223412238215e-05,0.9783818814380159,False,1,1
24.0,140.0,13,4.434136025649772e-05,0.9784262227982724,False,1,1
152.0,24.0,13,4.434136025649772e-05,0.978470564158529,False,1,1
232.0,140.0,13,4.434136025649772e-05,0.9785149055187855,False,0,1
232.0,88.0,13,4.434136025649772e-05,0.978559246879042,False,0,2
43.0,88.0,13,4.434136025649772e-05,0.9786035882392986,False,1,2
229.0,243.0,13,4.434136025649772e-05,0.9786479295995552,False,0,3
152.0,50.0,13,4.434136025649772e-05,0.9786922709598117,False,1,0
249.0,243.0,13,4.434136025649772e-05,0.9787366123200683,False,2,3
24.0,43.0,13,4.434136025649772e-05,0.9787809536803248,False,1,1
209.0,263.0,13,4.434136025649772e-05,0.9788252950405814,False,2,1
113.0,74.0,13,4.434136025649772e-05,0.9788696364008379,False,0,1
209.0,13.0,13,4.434136025649772e-05,0.9789139777610945,False,2,2
107.0,166.0,13,4.434136025649772e-05,0.978958319121351,False,0,1
4.0,236.0,13,4.434136025649772e-05,0.9790026604816076,False,0,1
4.0,209.0,13,4.434136025649772e-05,0.9790470018418641,False,0,2
262.0,261.0,13,4.434136025649772e-05,0.9790913432021207,False,1,2
163.0,209.0,13,4.434136025649772e-05,0.9791356845623772,False,0,2
88.0,262.0,13,4.434136025649772e-05,0.9791800259226338,False,2,1
50.0,116.0,13,4.434136025649772e-05,0.9792243672828903,False,0,1
137.0,45.0,13,4.434136025649772e-05,0.9792687086431469,False,0,2
114.0,74.0,13,4.434136025649772e-05,0.9793130500034034,False,2,1
232.0,75.0,13,4.434136025649772e-05,0.97935739136366,False,0,1
45.0,100.0,13,4.434136025649772e-05,0.9794017327239165,False,2,0
163.0,244.0,13,4.434136025649772e-05,0.9794460740841731,False,0,3
43.0,116.0,13,4.434136025649772e-05,0.9794904154444296,False,1,1
238.0,87.0,13,4.434136025649772e-05,0.9795347568046862,False,1,2
234.0,244.0,13,4.434136025649772e-05,0.9795790981649427,False,0,3
236.0,4.0,13,4.434136025649772e-05,0.9796234395251993,False,1,0
41.0,162.0,13,4.434136025649772e-05,0.9796677808854558,False,1,0
143.0,42.0,13,4.434136025649772e-05,0.9797121222457124,False,0,1
41.0,262.0,13,4.434136025649772e-05,0.9797564636059689,False,1,1
88.0,43.0,13,4.434136025649772e-05,0.9798008049662255,False,2,1
224.0,231.0,13,4.434136025649772e-05,0.979845146326482,False,0,2
233.0,166.0,13,4.434136025649772e-05,0.9798894876867386,False,0,1
141.0,116.0,13,4.434136025649772e-05,0.9799338290469951,False,1,1
41.0,137.0,13,4.434136025649772e-05,0.9799781704072517,False,1,0
233.0,151.0,13,4.434136025649772e-05,0.9800225117675082,False,0,1
24.0,161.0,13,4.434136025649772e-05,0.9800668531277648,False,1,0
24.0,246.0,13,4.434136025649772e-05,0.9801111944880213,False,1,0
88.0,140.0,13,4.434136025649772e-05,0.9801555358482779,False,2,1
24.0,186.0,13,4.434136025649772e-05,0.9801998772085344,False,1,0
166.0,107.0,13,4.434136025649772e-05,0.980244218568791,False,1,0
151.0,233.0,13,4.434136025649772e-05,0.9802885599290475,False,1,0
243.0,127.0,13,4.434136025649772e-05,0.9803329012893041,False,3,3
125.0,140.0,13,4.434136025649772e-05,0.9803772426495606,False,2,1
224.0,113.0,13,4.434136025649772e-05,0.9804215840098172,False,0,0
75.0,224.0,13,4.434136025649772e-05,0.9804659253700737,False,1,0
144.0,41.0,13,4.434136025649772e-05,0.9805102667303303,False,2,1
148.0,24.0,13,4.434136025649772e-05,0.9805546080905868,False,2,1
224.0,87.0,13,4.434136025649772e-05,0.9805989494508434,False,0,2
262.0,211.0,13,4.434136025649772e-05,0.9806432908110999,False,1,2
152.0,230.0,13,4.434136025649772e-05,0.9806876321713565,False,1,0
100.0,224.0,13,4.434136025649772e-05,0.980731973531613,False,0,0
75.0,152.0,13,4.434136025649772e-05,0.9807763148918696,False,1,1
50.0,45.0,13,4.434136025649772e-05,0.9808206562521261,False,0,2
209.0,140.0,13,4.434136025649772e-05,0.9808649976123827,False,2,1
262.0,224.0,13,4.434136025649772e-05,0.9809093389726392,False,1,0
4.0,75.0,13,4.434136025649772e-05,0.9809536803328958,False,0,1
4.0,141.0,12,4.0930486390613274e-05,0.9809946108192864,False,0,1
4.0,230.0,12,4.0930486390613274e-05,0.981035541305677,False,0,0
4.0,74.0,12,4.0930486390613274e-05,0.9810764717920677,False,0,1
209.0,141.0,12,4.0930486390613274e-05,0.9811174022784583,False,2,1
262.0,232.0,12,4.0930486390613274e-05,0.981158332764849,False,1,0
45.0,233.0,12,4.0930486390613274e-05,0.9811992632512396,False,2,0
50.0,4.0,12,4.0930486390613274e-05,0.9812401937376303,False,0,0
163.0,45.0,12,4.0930486390613274e-05,0.9812811242240209,False,0,2
4.0,262.0,12,4.0930486390613274e-05,0.9813220547104116,False,0,1
244.0,48.0,12,4.0930486390613274e-05,0.9813629851968022,False,3,0
75.0,127.0,12,4.0930486390613274e-05,0.9814039156831929,False,1,3
244.0,143.0,12,4.0930486390613274e-05,0.9814448461695835,False,3,0
244.0,142.0,12,4.0930486390613274e-05,0.9814857766559741,False,3,0
233.0,244.0,12,4.0930486390613274e-05,0.9815267071423648,False,0,3
166.0,262.0,12,4.0930486390613274e-05,0.9815676376287554,False,1,1
74.0,232.0,12,4.0930486390613274e-05,0.9816085681151461,False,1,0
41.0,163.0,12,4.0930486390613274e-05,0.9816494986015367,False,1,0
41.0,186.0,12,4.0930486390613274e-05,0.9816904290879274,False,1,0
151.0,107.0,12,4.0930486390613274e-05,0.981731359574318,False,1,0
74.0,186.0,12,4.0930486390613274e-05,0.9817722900607087,False,1,0
224.0,230.0,12,4.0930486390613274e-05,0.9818132205470993,False,0,0
224.0,211.0,12,4.0930486390613274e-05,0.9818541510334899,False,0,2
42.0,68.0,12,4.0930486390613274e-05,0.9818950815198806,False,1,0
24.0,249.0,12,4.0930486390613274e-05,0.9819360120062712,False,1,2
229.0,88.0,12,4.0930486390613274e-05,0.9819769424926619,False,0,2
151.0,158.0,12,4.0930486390613274e-05,0.9820178729790525,False,1,2
142.0,4.0,12,4.0930486390613274e-05,0.9820588034654432,False,0,0
114.0,243.0,12,4.0930486390613274e-05,0.9820997339518338,False,2,3
164.0,243.0,12,4.0930486390613274e-05,0.9821406644382245,False,0,3
232.0,233.0,12,4.0930486390613274e-05,0.9821815949246151,False,0,0
152.0,116.0,12,4.0930486390613274e-05,0.9822225254110057,False,1,1
152.0,243.0,12,4.0930486390613274e-05,0.9822634558973964,False,1,3
261.0,142.0,12,4.0930486390613274e-05,0.982304386383787,False,2,0
88.0,209.0,12,4.0930486390613274e-05,0.9823453168701777,False,2,2
45.0,161.0,12,4.0930486390613274e-05,0.9823862473565683,False,2,0
43.0,261.0,12,4.0930486390613274e-05,0.982427177842959,False,1,2
100.0,116.0,12,4.0930486390613274e-05,0.9824681083293496,False,0,1
45.0,263.0,12,4.0930486390613274e-05,0.9825090388157403,False,2,1
42.0,246.0,12,4.0930486390613274e-05,0.9825499693021309,False,1,0
100.0,42.0,12,4.0930486390613274e-05,0.9825908997885215,False,0,1
238.0,114.0,12,4.0930486390613274e-05,0.9826318302749122,False,1,2
261.0,262.0,12,4.0930486390613274e-05,0.9826727607613028,False,2,1
13.0,43.0,12,4.0930486390613274e-05,0.9827136912476935,False,2,1
151.0,164.0,12,4.0930486390613274e-05,0.9827546217340841,False,1,0
239.0,125.0,12,4.0930486390613274e-05,0.9827955522204748,False,0,2
74.0,161.0,12,4.0930486390613274e-05,0.9828364827068654,False,1,0
236.0,194.0,12,4.0930486390613274e-05,0.982877413193256,False,1,1
229.0,261.0,12,4.0930486390613274e-05,0.9829183436796467,False,0,2
116.0,50.0,12,4.0930486390613274e-05,0.9829592741660373,False,1,0
116.0,152.0,12,4.0930486390613274e-05,0.983000204652428,False,1,1
232.0,237.0,12,4.0930486390613274e-05,0.9830411351388186,False,0,1
74.0,162.0,11,3.751961252472884e-05,0.9830786547513434,False,1,0
224.0,237.0,11,3.751961252472884e-05,0.9831161743638681,False,0,1
74.0,163.0,11,3.751961252472884e-05,0.9831536939763929,False,1,0
125.0,229.0,11,3.751961252472884e-05,0.9831912135889176,False,2,0
107.0,244.0,11,3.751961252472884e-05,0.9832287332014423,False,0,3
114.0,41.0,11,3.751961252472884e-05,0.9832662528139671,False,2,1
238.0,224.0,11,3.751961252472884e-05,0.9833037724264918,False,1,0
45.0,137.0,11,3.751961252472884e-05,0.9833412920390165,False,2,0
88.0,163.0,11,3.751961252472884e-05,0.9833788116515413,False,2,0
42.0,263.0,11,3.751961252472884e-05,0.983416331264066,False,1,1
236.0,152.0,11,3.751961252472884e-05,0.9834538508765908,False,1,1
74.0,43.0,11,3.751961252472884e-05,0.9834913704891155,False,1,1
137.0,244.0,11,3.751961252472884e-05,0.9835288901016402,False,0,3
141.0,45.0,11,3.751961252472884e-05,0.983566409714165,False,1,2
229.0,42.0,11,3.751961252472884e-05,0.9836039293266897,False,0,1
41.0,164.0,11,3.751961252472884e-05,0.9836414489392145,False,1,0
224.0,236.0,11,3.751961252472884e-05,0.9836789685517392,False,0,1
244.0,151.0,11,3.751961252472884e-05,0.9837164881642639,False,3,1
75.0,88.0,11,3.751961252472884e-05,0.9837540077767887,False,1,2
87.0,43.0,11,3.751961252472884e-05,0.9837915273893134,False,2,1
143.0,87.0,11,3.751961252472884e-05,0.9838290470018382,False,0,2
262.0,194.0,11,3.751961252472884e-05,0.9838665666143629,False,1,1
74.0,170.0,11,3.751961252472884e-05,0.9839040862268876,False,1,0
42.0,140.0,11,3.751961252472884e-05,0.9839416058394124,False,1,1
45.0,13.0,11,3.751961252472884e-05,0.9839791254519371,False,2,2
232.0,13.0,11,3.751961252472884e-05,0.9840166450644618,False,0,2
12.0,230.0,11,3.751961252472884e-05,0.9840541646769866,False,2,0
50.0,125.0,11,3.751961252472884e-05,0.9840916842895113,False,0,2
231.0,42.0,11,3.751961252472884e-05,0.9841292039020361,False,2,1
100.0,4.0,11,3.751961252472884e-05,0.9841667235145608,False,0,0
209.0,87.0,11,3.751961252472884e-05,0.9842042431270855,False,2,2
231.0,244.0,11,3.751961252472884e-05,0.9842417627396103,False,2,3
12.0,261.0,11,3.751961252472884e-05,0.984279282352135,False,2,2
113.0,41.0,11,3.751961252472884e-05,0.9843168019646598,False,0,1
209.0,90.0,11,3.751961252472884e-05,0.9843543215771845,False,2,0
113.0,24.0,11,3.751961252472884e-05,0.9843918411897092,False,0,1
211.0,262.0,11,3.751961252472884e-05,0.984429360802234,False,2,1
158.0,243.0,11,3.751961252472884e-05,0.9844668804147587,False,2,3
209.0,142.0,11,3.751961252472884e-05,0.9845044000272835,False,2,0
263.0,243.0,11,3.751961252472884e-05,0.9845419196398082,False,1,3
261.0,140.0,11,3.751961252472884e-05,0.9845794392523329,False,2,1
261.0,263.0,11,3.751961252472884e-05,0.9846169588648577,False,2,1
45.0,162.0,11,3.751961252472884e-05,0.9846544784773824,False,2,0
232.0,262.0,11,3.751961252472884e-05,0.9846919980899072,False,0,1
24.0,116.0,11,3.751961252472884e-05,0.9847295177024319,False,1,1
232.0,239.0,11,3.751961252472884e-05,0.9847670373149566,False,0,0
261.0,43.0,11,3.751961252472884e-05,0.9848045569274814,False,2,1
137.0,261.0,11,3.751961252472884e-05,0.9848420765400061,False,0,2
88.0,239.0,11,3.751961252472884e-05,0.9848795961525308,False,2,0
229.0,202.0,11,3.751961252472884e-05,0.9849171157650556,False,0,1
88.0,125.0,11,3.751961252472884e-05,0.9849546353775803,False,2,2
186.0,12.0,11,3.751961252472884e-05,0.9849921549901051,False,0,2
24.0,262.0,11,3.751961252472884e-05,0.9850296746026298,False,1,1
24.0,162.0,11,3.751961252472884e-05,0.9850671942151545,False,1,0
261.0,4.0,10,3.4108738658844396e-05,0.9851013029538134,False,2,0
88.0,236.0,10,3.4108738658844396e-05,0.9851354116924722,False,2,1
231.0,12.0,10,3.4108738658844396e-05,0.985169520431131,False,2,2
107.0,42.0,10,3.4108738658844396e-05,0.9852036291697899,False,0,1
237.0,243.0,10,3.4108738658844396e-05,0.9852377379084487,False,1,3
45.0,234.0,10,3.4108738658844396e-05,0.9852718466471075,False,2,0
113.0,42.0,10,3.4108738658844396e-05,0.9853059553857664,False,0,1
262.0,116.0,10,3.4108738658844396e-05,0.9853400641244252,False,1,1
90.0,74.0,10,3.4108738658844396e-05,0.985374172863084,False,0,1
209.0,125.0,10,3.4108738658844396e-05,0.9854082816017429,False,2,2
230.0,152.0,10,3.4108738658844396e-05,0.9854423903404017,False,0,1
114.0,42.0,10,3.4108738658844396e-05,0.9854764990790605,False,2,1
238.0,232.0,10,3.4108738658844396e-05,0.9855106078177194,False,1,0
209.0,237.0,10,3.4108738658844396e-05,0.9855447165563782,False,2,1
45.0,4.0,10,3.4108738658844396e-05,0.985578825295037,False,2,0
261.0,143.0,10,3.4108738658844396e-05,0.9856129340336959,False,2,0
74.0,229.0,10,3.4108738658844396e-05,0.9856470427723547,False,1,0
74.0,143.0,10,3.4108738658844396e-05,0.9856811515110135,False,1,0
224.0,13.0,10,3.4108738658844396e-05,0.9857152602496724,False,0,2
74.0,194.0,10,3.4108738658844396e-05,0.9857493689883312,False,1,1
143.0,127.0,10,3.4108738658844396e-05,0.98578347772699,False,0,3
262.0,209.0,10,3.4108738658844396e-05,0.9858175864656489,False,1,2
224.0,4.0,10,3.4108738658844396e-05,0.9858516952043077,False,0,0
161.0,116.0,10,3.4108738658844396e-05,0.9858858039429665,False,0,1
42.0,162.0,10,3.4108738658844396e-05,0.9859199126816254,False,1,0
158.0,244.0,10,3.4108738658844396e-05,0.9859540214202842,False,2,3
229.0,24.0,10,3.4108738658844396e-05,0.985988130158943,False,0,1
229.0,45.0,10,3.4108738658844396e-05,0.9860222388976019,False,0,2
233.0,209.0,10,3.4108738658844396e-05,0.9860563476362607,False,0,2
166.0,186.0,10,3.4108738658844396e-05,0.9860904563749195,False,1,0
41.0,229.0,10,3.4108738658844396e-05,0.9861245651135784,False,1,0
151.0,90.0,10,3.4108738658844396e-05,0.9861586738522372,False,1,0
224.0,263.0,10,3.4108738658844396e-05,0.986192782590896,False,0,1
211.0,151.0,10,3.4108738658844396e-05,0.9862268913295549,False,2,1
13.0,262.0,10,3.4108738658844396e-05,0.9862610000682137,False,2,1
152.0,127.0,10,3.4108738658844396e-05,0.9862951088068725,False,1,3
151.0,114.0,10,3.4108738658844396e-05,0.9863292175455314,False,1,2
88.0,238.0,10,3.4108738658844396e-05,0.9863633262841902,False,2,1
41.0,148.0,10,3.4108738658844396e-05,0.986397435022849,False,1,2
224.0,100.0,10,3.4108738658844396e-05,0.9864315437615079,False,0,0
244.0,246.0,10,3.4108738658844396e-05,0.9864656525001667,False,3,0
141.0,261.0,10,3.4108738658844396e-05,0.9864997612388255,False,1,2
166.0,231.0,10,3.4108738658844396e-05,0.9865338699774844,False,1,2
148.0,243.0,10,3.4108738658844396e-05,0.9865679787161432,False,2,3
224.0,261.0,10,3.4108738658844396e-05,0.986602087454802,False,0,2
166.0,170.0,10,3.4108738658844396e-05,0.9866361961934609,False,1,0
75.0,231.0,10,3.4108738658844396e-05,0.9866703049321197,False,1,2
74.0,148.0,10,3.4108738658844396e-05,0.9867044136707785,False,1,2
127.0,243.0,10,3.4108738658844396e-05,0.9867385224094374,False,3,3
24.0,230.0,10,3.4108738658844396e-05,0.9867726311480962,False,1,0
50.0,152.0,10,3.4108738658844396e-05,0.986806739886755,False,0,1
202.0,202.0,10,3.4108738658844396e-05,0.9868408486254139,False,1,1
114.0,244.0,10,3.4108738658844396e-05,0.9868749573640727,False,2,3
137.0,125.0,10,3.4108738658844396e-05,0.9869090661027315,False,0,2
232.0,163.0,10,3.4108738658844396e-05,0.9869431748413904,False,0,0
41.0,113.0,10,3.4108738658844396e-05,0.9869772835800492,False,1,0
233.0,42.0,10,3.4108738658844396e-05,0.987011392318708,False,0,1
233.0,45.0,10,3.4108738658844396e-05,0.9870455010573669,False,0,2
74.0,50.0,10,3.4108738658844396e-05,0.9870796097960257,False,1,0
42.0,236.0,10,3.4108738658844396e-05,0.9871137185346845,False,1,1
42.0,230.0,10,3.4108738658844396e-05,0.9871478272733434,False,1,0
186.0,152.0,10,3.4108738658844396e-05,0.9871819360120022,False,0,1
137.0,166.0,10,3.4108738658844396e-05,0.987216044750661,False,0,1
137.0,116.0,10,3.4108738658844396e-05,0.9872501534893199,False,0,1
42.0,142.0,9,3.0697864792959954e-05,0.9872808513541128,False,1,0
41.0,234.0,9,3.0697864792959954e-05,0.9873115492189057,False,1,0
4.0,88.0,9,3.0697864792959954e-05,0.9873422470836987,False,0,2
12.0,13.0,9,3.0697864792959954e-05,0.9873729449484916,False,2,2
163.0,12.0,9,3.0697864792959954e-05,0.9874036428132845,False,0,2
243.0,42.0,9,3.0697864792959954e-05,0.9874343406780774,False,3,1
42.0,170.0,9,3.0697864792959954e-05,0.9874650385428704,False,1,0
224.0,151.0,9,3.0697864792959954e-05,0.9874957364076633,False,0,1
148.0,152.0,9,3.0697864792959954e-05,0.9875264342724562,False,2,1
75.0,90.0,9,3.0697864792959954e-05,0.9875571321372492,False,1,0
244.0,163.0,9,3.0697864792959954e-05,0.9875878300020421,False,3,0
243.0,74.0,9,3.0697864792959954e-05,0.987618527866835,False,3,1
75.0,87.0,9,3.0697864792959954e-05,0.9876492257316279,False,1,2
143.0,125.0,9,3.0697864792959954e-05,0.9876799235964209,False,0,2
42.0,100.0,9,3.0697864792959954e-05,0.9877106214612138,False,1,0
239.0,261.0,9,3.0697864792959954e-05,0.9877413193260067,False,0,2
243.0,41.0,9,3.0697864792959954e-05,0.9877720171907997,False,3,1
42.0,151.0,9,3.0697864792959954e-05,0.9878027150555926,False,1,1
74.0,234.0,9,3.0697864792959954e-05,0.9878334129203855,False,1,0
140.0,261.0,9,3.0697864792959954e-05,0.9878641107851784,False,1,2
42.0,24.0,9,3.0697864792959954e-05,0.9878948086499714,False,1,1
140.0,125.0,9,3.0697864792959954e-05,0.9879255065147643,False,1,2
152.0,75.0,9,3.0697864792959954e-05,0.9879562043795572,False,1,1
152.0,68.0,9,3.0697864792959954e-05,0.9879869022443502,False,1,0
43.0,243.0,9,3.0697864792959954e-05,0.9880176001091431,False,1,3
211.0,75.0,9,3.0697864792959954e-05,0.988048297973936,False,2,1
232.0,238.0,9,3.0697864792959954e-05,0.9880789958387289,False,0,1
116.0,246.0,9,3.0697864792959954e-05,0.9881096937035219,False,1,0
74.0,113.0,9,3.0697864792959954e-05,0.9881403915683148,False,1,0
166.0,114.0,9,3.0697864792959954e-05,0.9881710894331077,False,1,2
88.0,100.0,9,3.0697864792959954e-05,0.9882017872979006,False,2,0
74.0,4.0,9,3.0697864792959954e-05,0.9882324851626936,False,1,0
116.0,237.0,9,3.0697864792959954e-05,0.9882631830274865,False,1,1
116.0,231.0,9,3.0697864792959954e-05,0.9882938808922794,False,1,2
140.0,116.0,9,3.0697864792959954e-05,0.9883245787570724,False,1,1
107.0,243.0,9,3.0697864792959954e-05,0.9883552766218653,False,0,3
24.0,79.0,9,3.0697864792959954e-05,0.9883859744866582,False,1,0
42.0,232.0,9,3.0697864792959954e-05,0.9884166723514511,False,1,0
24.0,90.0,9,3.0697864792959954e-05,0.9884473702162441,False,1,0
232.0,74.0,9,3.0697864792959954e-05,0.988478068081037,False,0,1
232.0,142.0,9,3.0697864792959954e-05,0.9885087659458299,False,0,0
232.0,125.0,9,3.0697864792959954e-05,0.9885394638106229,False,0,2
45.0,142.0,9,3.0697864792959954e-05,0.9885701616754158,False,2,0
152.0,239.0,9,3.0697864792959954e-05,0.9886008595402087,False,1,0
45.0,236.0,9,3.0697864792959954e-05,0.9886315574050016,False,2,1
137.0,24.0,9,3.0697864792959954e-05,0.9886622552697946,False,0,1
45.0,90.0,9,3.0697864792959954e-05,0.9886929531345875,False,2,0
158.0,75.0,9,3.0697864792959954e-05,0.9887236509993804,False,2,1
100.0,24.0,9,3.0697864792959954e-05,0.9887543488641733,False,0,1
4.0,41.0,9,3.0697864792959954e-05,0.9887850467289663,False,0,1
4.0,13.0,8,2.7286990927075515e-05,0.9888123337198933,False,0,2
263.0,152.0,8,2.7286990927075515e-05,0.9888396207108203,False,1,1
4.0,45.0,8,2.7286990927075515e-05,0.9888669077017473,False,0,2
90.0,166.0,8,2.7286990927075515e-05,0.9888941946926744,False,0,1
45.0,158.0,8,2.7286990927075515e-05,0.9889214816836014,False,2,2
238.0,194.0,8,2.7286990927075515e-05,0.9889487686745284,False,1,1
45.0,125.0,8,2.7286990927075515e-05,0.9889760556654554,False,2,2
45.0,113.0,8,2.7286990927075515e-05,0.9890033426563825,False,2,0
50.0,232.0,8,2.7286990927075515e-05,0.9890306296473095,False,0,0
158.0,41.0,8,2.7286990927075515e-05,0.9890579166382365,False,2,1
158.0,24.0,8,2.7286990927075515e-05,0.9890852036291635,False,2,1
45.0,229.0,8,2.7286990927075515e-05,0.9891124906200905,False,2,0
209.0,75.0,8,2.7286990927075515e-05,0.9891397776110176,False,2,1
209.0,50.0,8,2.7286990927075515e-05,0.9891670646019446,False,2,0
151.0,113.0,8,2.7286990927075515e-05,0.9891943515928716,False,1,0
125.0,43.0,8,2.7286990927075515e-05,0.9892216385837986,False,2,1
249.0,12.0,8,2.7286990927075515e-05,0.9892489255747257,False,2,2
79.0,152.0,8,2.7286990927075515e-05,0.9892762125656527,False,0,1
87.0,41.0,8,2.7286990927075515e-05,0.9893034995565797,False,2,1
144.0,243.0,8,2.7286990927075515e-05,0.9893307865475067,False,2,3
42.0,107.0,8,2.7286990927075515e-05,0.9893580735384337,False,1,0
246.0,12.0,8,2.7286990927075515e-05,0.9893853605293608,False,0,2
162.0,12.0,8,2.7286990927075515e-05,0.9894126475202878,False,0,2
186.0,202.0,8,2.7286990927075515e-05,0.9894399345112148,False,0,1
137.0,151.0,8,2.7286990927075515e-05,0.9894672215021418,False,0,1
232.0,158.0,8,2.7286990927075515e-05,0.9894945084930689,False,0,2
164.0,24.0,8,2.7286990927075515e-05,0.9895217954839959,False,0,1
45.0,50.0,8,2.7286990927075515e-05,0.9895490824749229,False,2,0
50.0,24.0,8,2.7286990927075515e-05,0.9895763694658499,False,0,1
50.0,127.0,8,2.7286990927075515e-05,0.989603656456777,False,0,3
42.0,262.0,8,2.7286990927075515e-05,0.989630943447704,False,1,1
24.0,50.0,8,2.7286990927075515e-05,0.989658230438631,False,1,0
42.0,137.0,8,2.7286990927075515e-05,0.989685517429558,False,1,0
127.0,127.0,8,2.7286990927075515e-05,0.989712804420485,False,3,3
233.0,41.0,8,2.7286990927075515e-05,0.9897400914114121,False,0,1
24.0,100.0,8,2.7286990927075515e-05,0.9897673784023391,False,1,0
42.0,163.0,8,2.7286990927075515e-05,0.9897946653932661,False,1,0
42.0,164.0,8,2.7286990927075515e-05,0.9898219523841931,False,1,0
151.0,249.0,8,2.7286990927075515e-05,0.9898492393751201,False,1,2
232.0,244.0,8,2.7286990927075515e-05,0.9898765263660472,False,0,3
116.0,127.0,8,2.7286990927075515e-05,0.9899038133569742,False,1,3
116.0,236.0,8,2.7286990927075515e-05,0.9899311003479012,False,1,1
42.0,234.0,8,2.7286990927075515e-05,0.9899583873388282,False,1,0
152.0,186.0,8,2.7286990927075515e-05,0.9899856743297553,False,1,0
116.0,143.0,8,2.7286990927075515e-05,0.9900129613206823,False,1,0
261.0,75.0,8,2.7286990927075515e-05,0.9900402483116093,False,2,1
211.0,244.0,8,2.7286990927075515e-05,0.9900675353025363,False,2,3
125.0,262.0,8,2.7286990927075515e-05,0.9900948222934634,False,2,1
116.0,243.0,8,2.7286990927075515e-05,0.9901221092843904,False,1,3
125.0,224.0,8,2.7286990927075515e-05,0.9901493962753174,False,2,0
75.0,194.0,8,2.7286990927075515e-05,0.9901766832662444,False,1,1
144.0,74.0,8,2.7286990927075515e-05,0.9902039702571714,False,2,1
143.0,232.0,8,2.7286990927075515e-05,0.9902312572480985,False,0,0
144.0,24.0,8,2.7286990927075515e-05,0.9902585442390255,False,2,1
75.0,4.0,8,2.7286990927075515e-05,0.9902858312299525,False,1,0
107.0,116.0,8,2.7286990927075515e-05,0.9903131182208795,False,0,1
231.0,116.0,8,2.7286990927075515e-05,0.9903404052118066,False,2,1
158.0,74.0,8,2.7286990927075515e-05,0.9903676922027336,False,2,1
163.0,116.0,8,2.7286990927075515e-05,0.9903949791936606,False,0,1
100.0,152.0,8,2.7286990927075515e-05,0.9904222661845876,False,0,1
166.0,234.0,8,2.7286990927075515e-05,0.9904495531755146,False,1,0
125.0,42.0,8,2.7286990927075515e-05,0.9904768401664417,False,2,1
74.0,114.0,8,2.7286990927075515e-05,0.9905041271573687,False,1,2
170.0,116.0,8,2.7286990927075515e-05,0.9905314141482957,False,0,1
243.0,238.0,8,2.7286990927075515e-05,0.9905587011392227,False,3,1
166.0,100.0,8,2.7286990927075515e-05,0.9905859881301498,False,1,0
45.0,209.0,7,2.3876117061191076e-05,0.990609864247211,False,2,2
263.0,125.0,7,2.3876117061191076e-05,0.9906337403642722,False,1,2
263.0,261.0,7,2.3876117061191076e-05,0.9906576164813334,False,1,2
231.0,152.0,7,2.3876117061191076e-05,0.9906814925983947,False,2,1
4.0,125.0,7,2.3876117061191076e-05,0.9907053687154559,False,0,2
45.0,163.0,7,2.3876117061191076e-05,0.9907292448325171,False,2,0
238.0,4.0,7,2.3876117061191076e-05,0.9907531209495783,False,1,0
237.0,202.0,7,2.3876117061191076e-05,0.9907769970666396,False,1,1
162.0,243.0,7,2.3876117061191076e-05,0.9908008731837008,False,0,3
164.0,152.0,7,2.3876117061191076e-05,0.990824749300762,False,0,1
261.0,12.0,7,2.3876117061191076e-05,0.9908486254178233,False,2,2
13.0,224.0,7,2.3876117061191076e-05,0.9908725015348845,False,2,0
24.0,170.0,7,2.3876117061191076e-05,0.9908963776519457,False,1,0
24.0,229.0,7,2.3876117061191076e-05,0.9909202537690069,False,1,0
42.0,161.0,7,2.3876117061191076e-05,0.9909441298860682,False,1,0
141.0,194.0,7,2.3876117061191076e-05,0.9909680060031294,False,1,1
74.0,144.0,7,2.3876117061191076e-05,0.9909918821201906,False,1,2
74.0,87.0,7,2.3876117061191076e-05,0.9910157582372519,False,1,2
141.0,243.0,7,2.3876117061191076e-05,0.9910396343543131,False,1,3
141.0,152.0,7,2.3876117061191076e-05,0.9910635104713743,False,1,1
42.0,231.0,7,2.3876117061191076e-05,0.9910873865884355,False,1,2
43.0,45.0,7,2.3876117061191076e-05,0.9911112627054968,False,1,2
232.0,166.0,7,2.3876117061191076e-05,0.991135138822558,False,0,1
116.0,24.0,7,2.3876117061191076e-05,0.9911590149396192,False,1,1
239.0,194.0,7,2.3876117061191076e-05,0.9911828910566804,False,0,1
140.0,194.0,7,2.3876117061191076e-05,0.9912067671737417,False,1,1
74.0,107.0,7,2.3876117061191076e-05,0.9912306432908029,False,1,0
24.0,137.0,7,2.3876117061191076e-05,0.9912545194078641,False,1,0
152.0,48.0,7,2.3876117061191076e-05,0.9912783955249254,False,1,0
50.0,209.0,7,2.3876117061191076e-05,0.9913022716419866,False,0,2
209.0,239.0,7,2.3876117061191076e-05,0.9913261477590478,False,2,0
113.0,244.0,7,2.3876117061191076e-05,0.991350023876109,False,0,3
232.0,50.0,7,2.3876117061191076e-05,0.9913738999931703,False,0,0
209.0,143.0,7,2.3876117061191076e-05,0.9913977761102315,False,2,0
12.0,231.0,7,2.3876117061191076e-05,0.9914216522272927,False,2,2
12.0,68.0,7,2.3876117061191076e-05,0.991445528344354,False,2,0
50.0,224.0,7,2.3876117061191076e-05,0.9914694044614152,False,0,0
13.0,12.0,7,2.3876117061191076e-05,0.9914932805784764,False,2,2
12.0,246.0,7,2.3876117061191076e-05,0.9915171566955376,False,2,0
232.0,143.0,7,2.3876117061191076e-05,0.9915410328125989,False,0,0
209.0,262.0,7,2.3876117061191076e-05,0.9915649089296601,False,2,1
170.0,127.0,7,2.3876117061191076e-05,0.9915887850467213,False,0,3
74.0,246.0,7,2.3876117061191076e-05,0.9916126611637825,False,1,0
170.0,202.0,7,2.3876117061191076e-05,0.9916365372808438,False,0,1
125.0,151.0,7,2.3876117061191076e-05,0.991660413397905,False,2,1
244.0,233.0,7,2.3876117061191076e-05,0.9916842895149662,False,3,0
170.0,24.0,7,2.3876117061191076e-05,0.9917081656320275,False,0,1
224.0,158.0,7,2.3876117061191076e-05,0.9917320417490887,False,0,2
224.0,88.0,7,2.3876117061191076e-05,0.9917559178661499,False,0,2
224.0,75.0,7,2.3876117061191076e-05,0.9917797939832111,False,0,1
75.0,113.0,7,2.3876117061191076e-05,0.9918036701002724,False,1,0
244.0,230.0,7,2.3876117061191076e-05,0.9918275462173336,False,3,0
41.0,4.0,7,2.3876117061191076e-05,0.9918514223343948,False,1,0
24.0,243.0,7,2.3876117061191076e-05,0.9918752984514561,False,1,3
143.0,4.0,7,2.3876117061191076e-05,0.9918991745685173,False,0,0
74.0,233.0,7,2.3876117061191076e-05,0.9919230506855785,False,1,0
244.0,137.0,7,2.3876117061191076e-05,0.9919469268026397,False,3,0
74.0,249.0,7,2.3876117061191076e-05,0.991970802919701,False,1,2
87.0,243.0,7,2.3876117061191076e-05,0.9919946790367622,False,2,3
166.0,148.0,7,2.3876117061191076e-05,0.9920185551538234,False,1,2
144.0,244.0,7,2.3876117061191076e-05,0.9920424312708847,False,2,3
224.0,142.0,7,2.3876117061191076e-05,0.9920663073879459,False,0,0
148.0,116.0,7,2.3876117061191076e-05,0.9920901835050071,False,2,1
246.0,152.0,7,2.3876117061191076e-05,0.9921140596220683,False,0,1
41.0,127.0,7,2.3876117061191076e-05,0.9921379357391296,False,1,3
125.0,75.0,7,2.3876117061191076e-05,0.9921618118561908,False,2,1
143.0,261.0,7,2.3876117061191076e-05,0.992185687973252,False,0,2
244.0,263.0,7,2.3876117061191076e-05,0.9922095640903132,False,3,1
161.0,127.0,7,2.3876117061191076e-05,0.9922334402073745,False,0,3
161.0,152.0,7,2.3876117061191076e-05,0.9922573163244357,False,0,1
12.0,45.0,7,2.3876117061191076e-05,0.9922811924414969,False,2,2
170.0,12.0,7,2.3876117061191076e-05,0.9923050685585582,False,0,2
262.0,243.0,7,2.3876117061191076e-05,0.9923289446756194,False,1,3
162.0,202.0,7,2.3876117061191076e-05,0.9923528207926806,False,0,1
162.0,194.0,7,2.3876117061191076e-05,0.9923766969097418,False,0,1
90.0,24.0,7,2.3876117061191076e-05,0.9924005730268031,False,0,1
90.0,12.0,6,2.0465243195306637e-05,0.9924210382699984,False,0,2
231.0,74.0,6,2.0465243195306637e-05,0.9924415035131937,False,2,1
262.0,244.0,6,2.0465243195306637e-05,0.992461968756389,False,1,3
107.0,127.0,6,2.0465243195306637e-05,0.9924824339995844,False,0,3
45.0,239.0,6,2.0465243195306637e-05,0.9925028992427797,False,2,0
166.0,233.0,6,2.0465243195306637e-05,0.992523364485975,False,1,0
4.0,163.0,6,2.0465243195306637e-05,0.9925438297291703,False,0,0
233.0,194.0,6,2.0465243195306637e-05,0.9925642949723656,False,0,1
224.0,238.0,6,2.0465243195306637e-05,0.992584760215561,False,0,1
42.0,43.0,6,2.0465243195306637e-05,0.9926052254587563,False,1,1
246.0,74.0,6,2.0465243195306637e-05,0.9926256907019516,False,0,1
87.0,151.0,6,2.0465243195306637e-05,0.9926461559451469,False,2,1
87.0,74.0,6,2.0465243195306637e-05,0.9926666211883423,False,2,1
12.0,48.0,6,2.0465243195306637e-05,0.9926870864315376,False,2,0
234.0,24.0,6,2.0465243195306637e-05,0.9927075516747329,False,0,1
75.0,144.0,6,2.0465243195306637e-05,0.9927280169179282,False,1,2
234.0,152.0,6,2.0465243195306637e-05,0.9927484821611235,False,0,1
244.0,237.0,6,2.0465243195306637e-05,0.9927689474043189,False,3,1
144.0,116.0,6,2.0465243195306637e-05,0.9927894126475142,False,2,1
224.0,163.0,6,2.0465243195306637e-05,0.9928098778907095,False,0,0
244.0,232.0,6,2.0465243195306637e-05,0.9928303431339048,False,3,0
224.0,74.0,6,2.0465243195306637e-05,0.9928508083771002,False,0,1
244.0,162.0,6,2.0465243195306637e-05,0.9928712736202955,False,3,0
75.0,114.0,6,2.0465243195306637e-05,0.9928917388634908,False,1,2
41.0,45.0,6,2.0465243195306637e-05,0.9929122041066861,False,1,2
87.0,244.0,6,2.0465243195306637e-05,0.9929326693498814,False,2,3
41.0,170.0,6,2.0465243195306637e-05,0.9929531345930768,False,1,0
246.0,127.0,6,2.0465243195306637e-05,0.9929735998362721,False,0,3
42.0,79.0,6,2.0465243195306637e-05,0.9929940650794674,False,1,0
41.0,100.0,6,2.0465243195306637e-05,0.9930145303226627,False,1,0
79.0,127.0,6,2.0465243195306637e-05,0.9930349955658581,False,0,3
249.0,202.0,6,2.0465243195306637e-05,0.9930554608090534,False,2,1
151.0,125.0,6,2.0465243195306637e-05,0.9930759260522487,False,1,2
229.0,194.0,6,2.0465243195306637e-05,0.993096391295444,False,0,1
151.0,211.0,6,2.0465243195306637e-05,0.9931168565386393,False,1,2
74.0,158.0,6,2.0465243195306637e-05,0.9931373217818347,False,1,2
141.0,202.0,6,2.0465243195306637e-05,0.99315778702503,False,1,1
236.0,127.0,6,2.0465243195306637e-05,0.9931782522682253,False,1,3
24.0,152.0,6,2.0465243195306637e-05,0.9931987175114206,False,1,1
249.0,152.0,6,2.0465243195306637e-05,0.993219182754616,False,2,1
127.0,116.0,6,2.0465243195306637e-05,0.9932396479978113,False,3,1
24.0,148.0,6,2.0465243195306637e-05,0.9932601132410066,False,1,2
151.0,127.0,6,2.0465243195306637e-05,0.9932805784842019,False,1,3
239.0,209.0,6,2.0465243195306637e-05,0.9933010437273972,False,0,2
140.0,152.0,6,2.0465243195306637e-05,0.9933215089705926,False,1,1
116.0,137.0,6,2.0465243195306637e-05,0.9933419742137879,False,1,0
151.0,261.0,6,2.0465243195306637e-05,0.9933624394569832,False,1,2
42.0,141.0,6,2.0465243195306637e-05,0.9933829047001785,False,1,1
140.0,202.0,6,2.0465243195306637e-05,0.9934033699433739,False,1,1
74.0,231.0,6,2.0465243195306637e-05,0.9934238351865692,False,1,2
142.0,209.0,6,2.0465243195306637e-05,0.9934443004297645,False,0,2
243.0,75.0,6,2.0465243195306637e-05,0.9934647656729598,False,3,1
244.0,68.0,6,2.0465243195306637e-05,0.9934852309161551,False,3,0
143.0,88.0,6,2.0465243195306637e-05,0.9935056961593505,False,0,2
143.0,224.0,6,2.0465243195306637e-05,0.9935261614025458,False,0,0
143.0,209.0,6,2.0465243195306637e-05,0.9935466266457411,False,0,2
166.0,90.0,6,2.0465243195306637e-05,0.9935670918889364,False,1,0
151.0,144.0,6,2.0465243195306637e-05,0.9935875571321318,False,1,2
24.0,233.0,6,2.0465243195306637e-05,0.9936080223753271,False,1,0
233.0,116.0,6,2.0465243195306637e-05,0.9936284876185224,False,0,1
166.0,127.0,6,2.0465243195306637e-05,0.9936489528617177,False,1,3
116.0,263.0,6,2.0465243195306637e-05,0.993669418104913,False,1,1
249.0,127.0,6,2.0465243195306637e-05,0.9936898833481084,False,2,3
166.0,144.0,6,2.0465243195306637e-05,0.9937103485913037,False,1,2
261.0,238.0,6,2.0465243195306637e-05,0.993730813834499,False,2,1
43.0,224.0,6,2.0465243195306637e-05,0.9937512790776943,False,1,0
237.0,127.0,6,2.0465243195306637e-05,0.9937717443208897,False,1,3
164.0,116.0,6,2.0465243195306637e-05,0.993792209564085,False,0,1
232.0,41.0,6,2.0465243195306637e-05,0.9938126748072803,False,0,1
114.0,24.0,6,2.0465243195306637e-05,0.9938331400504756,False,2,1
230.0,127.0,6,2.0465243195306637e-05,0.993853605293671,False,0,3
209.0,100.0,6,2.0465243195306637e-05,0.9938740705368663,False,2,0
238.0,88.0,6,2.0465243195306637e-05,0.9938945357800616,False,1,2
237.0,152.0,6,2.0465243195306637e-05,0.9939150010232569,False,1,1
90.0,152.0,6,2.0465243195306637e-05,0.9939354662664522,False,0,1
4.0,50.0,6,2.0465243195306637e-05,0.9939559315096476,False,0,0
209.0,88.0,6,2.0465243195306637e-05,0.9939763967528429,False,2,2
45.0,211.0,6,2.0465243195306637e-05,0.9939968619960382,False,2,2
158.0,42.0,6,2.0465243195306637e-05,0.9940173272392335,False,2,1
194.0,236.0,6,2.0465243195306637e-05,0.9940377924824289,False,1,1
152.0,151.0,6,2.0465243195306637e-05,0.9940582577256242,False,1,1
114.0,127.0,6,2.0465243195306637e-05,0.9940787229688195,False,2,3
211.0,24.0,6,2.0465243195306637e-05,0.9940991882120148,False,2,1
116.0,100.0,6,2.0465243195306637e-05,0.9941196534552101,False,1,0
232.0,151.0,6,2.0465243195306637e-05,0.9941401186984055,False,0,1
232.0,127.0,6,2.0465243195306637e-05,0.9941605839416008,False,0,3
194.0,194.0,6,2.0465243195306637e-05,0.9941810491847961,False,1,1
13.0,151.0,6,2.0465243195306637e-05,0.9942015144279914,False,2,1
186.0,127.0,6,2.0465243195306637e-05,0.9942219796711868,False,0,3
74.0,90.0,6,2.0465243195306637e-05,0.9942424449143821,False,1,0
116.0,158.0,6,2.0465243195306637e-05,0.9942629101575774,False,1,2
42.0,233.0,6,2.0465243195306637e-05,0.9942833754007727,False,1,0
74.0,100.0,6,2.0465243195306637e-05,0.994303840643968,False,1,0
236.0,202.0,6,2.0465243195306637e-05,0.9943243058871634,False,1,1
244.0,170.0,5,1.7054369329422198e-05,0.9943413602564928,False,3,0
41.0,249.0,5,1.7054369329422198e-05,0.9943584146258222,False,1,2
4.0,261.0,5,1.7054369329422198e-05,0.9943754689951516,False,0,2
244.0,231.0,5,1.7054369329422198e-05,0.994392523364481,False,3,2
224.0,24.0,5,1.7054369329422198e-05,0.9944095777338104,False,0,1
75.0,158.0,5,1.7054369329422198e-05,0.9944266321031399,False,1,2
125.0,116.0,5,1.7054369329422198e-05,0.9944436864724693,False,2,1
224.0,209.0,5,1.7054369329422198e-05,0.9944607408417987,False,0,2
75.0,211.0,5,1.7054369329422198e-05,0.9944777952111281,False,1,2
41.0,233.0,5,1.7054369329422198e-05,0.9944948495804575,False,1,0
41.0,88.0,5,1.7054369329422198e-05,0.994511903949787,False,1,2
42.0,50.0,5,1.7054369329422198e-05,0.9945289583191164,False,1,0
79.0,202.0,5,1.7054369329422198e-05,0.9945460126884458,False,0,1
233.0,243.0,5,1.7054369329422198e-05,0.9945630670577752,False,0,3
166.0,158.0,5,1.7054369329422198e-05,0.9945801214271046,False,1,2
224.0,262.0,5,1.7054369329422198e-05,0.994597175796434,False,0,1
41.0,224.0,5,1.7054369329422198e-05,0.9946142301657634,False,1,0
163.0,152.0,5,1.7054369329422198e-05,0.9946312845350929,False,0,1
163.0,127.0,5,1.7054369329422198e-05,0.9946483389044223,False,0,3
45.0,237.0,5,1.7054369329422198e-05,0.9946653932737517,False,2,1
45.0,238.0,5,1.7054369329422198e-05,0.9946824476430811,False,2,1
237.0,194.0,5,1.7054369329422198e-05,0.9946995020124105,False,1,1
107.0,24.0,5,1.7054369329422198e-05,0.99471655638174,False,0,1
163.0,202.0,5,1.7054369329422198e-05,0.9947336107510694,False,0,1
230.0,202.0,5,1.7054369329422198e-05,0.9947506651203988,False,0,1
158.0,127.0,5,1.7054369329422198e-05,0.9947677194897282,False,2,3
4.0,237.0,5,1.7054369329422198e-05,0.9947847738590576,False,0,1
87.0,127.0,5,1.7054369329422198e-05,0.994801828228387,False,2,3
100.0,127.0,5,1.7054369329422198e-05,0.9948188825977164,False,0,3
151.0,13.0,5,1.7054369329422198e-05,0.9948359369670459,False,1,2
224.0,239.0,5,1.7054369329422198e-05,0.9948529913363753,False,0,0
125.0,12.0,5,1.7054369329422198e-05,0.9948700457057047,False,2,2
125.0,24.0,5,1.7054369329422198e-05,0.9948871000750341,False,2,1
143.0,45.0,5,1.7054369329422198e-05,0.9949041544443635,False,0,2
127.0,244.0,5,1.7054369329422198e-05,0.994921208813693,False,3,3
24.0,127.0,5,1.7054369329422198e-05,0.9949382631830224,False,1,3
116.0,125.0,5,1.7054369329422198e-05,0.9949553175523518,False,1,2
42.0,143.0,5,1.7054369329422198e-05,0.9949723719216812,False,1,0
232.0,243.0,5,1.7054369329422198e-05,0.9949894262910106,False,0,3
116.0,140.0,5,1.7054369329422198e-05,0.99500648066034,False,1,1
232.0,224.0,5,1.7054369329422198e-05,0.9950235350296694,False,0,0
24.0,107.0,5,1.7054369329422198e-05,0.9950405893989989,False,1,0
88.0,143.0,5,1.7054369329422198e-05,0.9950576437683283,False,2,0
151.0,232.0,5,1.7054369329422198e-05,0.9950746981376577,False,1,0
116.0,186.0,5,1.7054369329422198e-05,0.9950917525069871,False,1,0
116.0,162.0,5,1.7054369329422198e-05,0.9951088068763165,False,1,0
24.0,164.0,5,1.7054369329422198e-05,0.995125861245646,False,1,0
233.0,24.0,5,1.7054369329422198e-05,0.9951429156149754,False,0,1
142.0,194.0,5,1.7054369329422198e-05,0.9951599699843048,False,0,1
244.0,140.0,5,1.7054369329422198e-05,0.9951770243536342,False,3,1
74.0,261.0,5,1.7054369329422198e-05,0.9951940787229636,False,1,2
151.0,148.0,5,1.7054369329422198e-05,0.995211133092293,False,1,2
244.0,141.0,5,1.7054369329422198e-05,0.9952281874616224,False,3,1
166.0,113.0,5,1.7054369329422198e-05,0.9952452418309519,False,1,0
244.0,90.0,5,1.7054369329422198e-05,0.9952622962002813,False,3,0
243.0,170.0,5,1.7054369329422198e-05,0.9952793505696107,False,3,0
224.0,45.0,5,1.7054369329422198e-05,0.9952964049389401,False,0,2
224.0,50.0,5,1.7054369329422198e-05,0.9953134593082695,False,0,0
125.0,166.0,5,1.7054369329422198e-05,0.995330513677599,False,2,1
243.0,151.0,5,1.7054369329422198e-05,0.9953475680469284,False,3,1
127.0,42.0,5,1.7054369329422198e-05,0.9953646224162578,False,3,1
211.0,243.0,5,1.7054369329422198e-05,0.9953816767855872,False,2,3
243.0,116.0,5,1.7054369329422198e-05,0.9953987311549166,False,3,1
243.0,50.0,5,1.7054369329422198e-05,0.995415785524246,False,3,0
211.0,42.0,5,1.7054369329422198e-05,0.9954328398935754,False,2,1
42.0,229.0,5,1.7054369329422198e-05,0.9954498942629049,False,1,0
232.0,116.0,5,1.7054369329422198e-05,0.9954669486322343,False,0,1
88.0,233.0,5,1.7054369329422198e-05,0.9954840030015637,False,2,0
152.0,249.0,5,1.7054369329422198e-05,0.9955010573708931,False,1,2
116.0,114.0,5,1.7054369329422198e-05,0.9955181117402225,False,1,2
12.0,161.0,5,1.7054369329422198e-05,0.995535166109552,False,2,0
211.0,74.0,5,1.7054369329422198e-05,0.9955522204788814,False,2,1
238.0,261.0,5,1.7054369329422198e-05,0.9955692748482108,False,1,2
238.0,209.0,5,1.7054369329422198e-05,0.9955863292175402,False,1,2
211.0,116.0,5,1.7054369329422198e-05,0.9956033835868696,False,2,1
239.0,45.0,5,1.7054369329422198e-05,0.995620437956199,False,0,2
152.0,143.0,5,1.7054369329422198e-05,0.9956374923255285,False,1,0
261.0,74.0,5,1.7054369329422198e-05,0.9956545466948579,False,2,1
152.0,100.0,5,1.7054369329422198e-05,0.9956716010641873,False,1,0
43.0,4.0,5,1.7054369329422198e-05,0.9956886554335167,False,1,0
194.0,74.0,5,1.7054369329422198e-05,0.9957057098028461,False,1,1
45.0,41.0,5,1.7054369329422198e-05,0.9957227641721755,False,2,1
232.0,42.0,5,1.7054369329422198e-05,0.995739818541505,False,0,1
45.0,140.0,5,1.7054369329422198e-05,0.9957568729108344,False,2,1
12.0,114.0,5,1.7054369329422198e-05,0.9957739272801638,False,2,2
232.0,43.0,5,1.7054369329422198e-05,0.9957909816494932,False,0,1
45.0,75.0,5,1.7054369329422198e-05,0.9958080360188226,False,2,1
261.0,224.0,5,1.7054369329422198e-05,0.995825090388152,False,2,0
209.0,224.0,5,1.7054369329422198e-05,0.9958421447574815,False,2,0
158.0,12.0,5,1.7054369329422198e-05,0.9958591991268109,False,2,2
45.0,224.0,5,1.7054369329422198e-05,0.9958762534961403,False,2,0
107.0,152.0,5,1.7054369329422198e-05,0.9958933078654697,False,0,1
12.0,79.0,5,1.7054369329422198e-05,0.9959103622347991,False,2,0
238.0,45.0,5,1.7054369329422198e-05,0.9959274166041285,False,1,2
209.0,41.0,5,1.7054369329422198e-05,0.995944470973458,False,2,1
263.0,209.0,5,1.7054369329422198e-05,0.9959615253427874,False,1,2
4.0,143.0,5,1.7054369329422198e-05,0.9959785797121168,False,0,0
4.0,42.0,5,1.7054369329422198e-05,0.9959956340814462,False,0,1
4.0,244.0,4,1.3643495463537758e-05,0.9960092775769097,False,0,3
4.0,116.0,4,1.3643495463537758e-05,0.9960229210723732,False,0,1
4.0,43.0,4,1.3643495463537758e-05,0.9960365645678367,False,0,1
41.0,158.0,4,1.3643495463537758e-05,0.9960502080633002,False,1,2
229.0,116.0,4,1.3643495463537758e-05,0.9960638515587638,False,0,1
41.0,87.0,4,1.3643495463537758e-05,0.9960774950542273,False,1,2
45.0,166.0,4,1.3643495463537758e-05,0.9960911385496908,False,2,1
209.0,151.0,4,1.3643495463537758e-05,0.9961047820451543,False,2,1
209.0,74.0,4,1.3643495463537758e-05,0.9961184255406178,False,2,1
113.0,127.0,4,1.3643495463537758e-05,0.9961320690360813,False,0,3
113.0,152.0,4,1.3643495463537758e-05,0.9961457125315448,False,0,1
166.0,232.0,4,1.3643495463537758e-05,0.9961593560270083,False,1,0
166.0,261.0,4,1.3643495463537758e-05,0.9961729995224718,False,1,2
41.0,232.0,4,1.3643495463537758e-05,0.9961866430179354,False,1,0
151.0,87.0,4,1.3643495463537758e-05,0.9962002865133989,False,1,2
166.0,211.0,4,1.3643495463537758e-05,0.9962139300088624,False,1,2
41.0,125.0,4,1.3643495463537758e-05,0.9962275735043259,False,1,2
42.0,114.0,4,1.3643495463537758e-05,0.9962412169997894,False,1,2
42.0,4.0,4,1.3643495463537758e-05,0.9962548604952529,False,1,0
262.0,125.0,4,1.3643495463537758e-05,0.9962685039907164,False,1,2
262.0,152.0,4,1.3643495463537758e-05,0.9962821474861799,False,1,1
238.0,125.0,4,1.3643495463537758e-05,0.9962957909816434,False,1,2
194.0,237.0,4,1.3643495463537758e-05,0.996309434477107,False,1,1
194.0,262.0,4,1.3643495463537758e-05,0.9963230779725705,False,1,1
194.0,263.0,4,1.3643495463537758e-05,0.996336721468034,False,1,1
224.0,244.0,4,1.3643495463537758e-05,0.9963503649634975,False,0,3
233.0,202.0,4,1.3643495463537758e-05,0.996364008458961,False,0,1
87.0,166.0,4,1.3643495463537758e-05,0.9963776519544245,False,2,1
41.0,90.0,4,1.3643495463537758e-05,0.996391295449888,False,1,0
41.0,107.0,4,1.3643495463537758e-05,0.9964049389453515,False,1,0
88.0,74.0,4,1.3643495463537758e-05,0.996418582440815,False,2,1
233.0,152.0,4,1.3643495463537758e-05,0.9964322259362786,False,0,1
87.0,24.0,4,1.3643495463537758e-05,0.9964458694317421,False,2,1
224.0,143.0,4,1.3643495463537758e-05,0.9964595129272056,False,0,0
144.0,152.0,4,1.3643495463537758e-05,0.9964731564226691,False,2,1
244.0,236.0,4,1.3643495463537758e-05,0.9964867999181326,False,3,1
144.0,127.0,4,1.3643495463537758e-05,0.9965004434135961,False,2,3
45.0,141.0,4,1.3643495463537758e-05,0.9965140869090596,False,2,1
209.0,238.0,4,1.3643495463537758e-05,0.9965277304045231,False,2,1
144.0,12.0,4,1.3643495463537758e-05,0.9965413738999866,False,2,2
224.0,166.0,4,1.3643495463537758e-05,0.9965550173954502,False,0,1
75.0,209.0,4,1.3643495463537758e-05,0.9965686608909137,False,1,2
234.0,127.0,4,1.3643495463537758e-05,0.9965823043863772,False,0,3
244.0,262.0,4,1.3643495463537758e-05,0.9965959478818407,False,3,1
24.0,231.0,4,1.3643495463537758e-05,0.9966095913773042,False,1,2
244.0,161.0,4,1.3643495463537758e-05,0.9966232348727677,False,3,0
244.0,164.0,4,1.3643495463537758e-05,0.9966368783682312,False,3,0
75.0,45.0,4,1.3643495463537758e-05,0.9966505218636947,False,1,2
224.0,41.0,4,1.3643495463537758e-05,0.9966641653591582,False,0,1
244.0,186.0,4,1.3643495463537758e-05,0.9966778088546218,False,3,0
229.0,152.0,4,1.3643495463537758e-05,0.9966914523500853,False,0,1
116.0,163.0,4,1.3643495463537758e-05,0.9967050958455488,False,1,0
194.0,164.0,4,1.3643495463537758e-05,0.9967187393410123,False,1,0
152.0,246.0,4,1.3643495463537758e-05,0.9967323828364758,False,1,0
164.0,12.0,4,1.3643495463537758e-05,0.9967460263319393,False,0,2
152.0,141.0,4,1.3643495463537758e-05,0.9967596698274028,False,1,1
13.0,74.0,4,1.3643495463537758e-05,0.9967733133228663,False,2,1
75.0,13.0,4,1.3643495463537758e-05,0.9967869568183299,False,1,2
125.0,244.0,4,1.3643495463537758e-05,0.9968006003137934,False,2,3
244.0,79.0,4,1.3643495463537758e-05,0.9968142438092569,False,3,0
116.0,232.0,4,1.3643495463537758e-05,0.9968278873047204,False,1,0
116.0,234.0,4,1.3643495463537758e-05,0.9968415308001839,False,1,0
232.0,236.0,4,1.3643495463537758e-05,0.9968551742956474,False,0,1
152.0,4.0,4,1.3643495463537758e-05,0.9968688177911109,False,1,0
243.0,164.0,4,1.3643495463537758e-05,0.9968824612865744,False,3,0
243.0,231.0,4,1.3643495463537758e-05,0.9968961047820379,False,3,2
43.0,152.0,4,1.3643495463537758e-05,0.9969097482775015,False,1,1
43.0,194.0,4,1.3643495463537758e-05,0.996923391772965,False,1,1
186.0,194.0,4,1.3643495463537758e-05,0.9969370352684285,False,0,1
211.0,12.0,4,1.3643495463537758e-05,0.996950678763892,False,2,2
74.0,224.0,4,1.3643495463537758e-05,0.9969643222593555,False,1,0
243.0,142.0,4,1.3643495463537758e-05,0.996977965754819,False,3,0
152.0,107.0,4,1.3643495463537758e-05,0.9969916092502825,False,1,0
74.0,45.0,4,1.3643495463537758e-05,0.997005252745746,False,1,2
42.0,148.0,4,1.3643495463537758e-05,0.9970188962412095,False,1,2
243.0,48.0,4,1.3643495463537758e-05,0.997032539736673,False,3,0
243.0,79.0,4,1.3643495463537758e-05,0.9970461832321366,False,3,0
261.0,116.0,4,1.3643495463537758e-05,0.9970598267276001,False,2,1
261.0,151.0,4,1.3643495463537758e-05,0.9970734702230636,False,2,1
152.0,142.0,4,1.3643495463537758e-05,0.9970871137185271,False,1,0
140.0,127.0,4,1.3643495463537758e-05,0.9971007572139906,False,1,3
116.0,79.0,4,1.3643495463537758e-05,0.9971144007094541,False,1,0
116.0,87.0,4,1.3643495463537758e-05,0.9971280442049176,False,1,2
13.0,41.0,4,1.3643495463537758e-05,0.9971416877003811,False,2,1
4.0,151.0,4,1.3643495463537758e-05,0.9971553311958447,False,0,1
4.0,24.0,4,1.3643495463537758e-05,0.9971689746913082,False,0,1
161.0,194.0,4,1.3643495463537758e-05,0.9971826181867717,False,0,1
161.0,202.0,4,1.3643495463537758e-05,0.9971962616822352,False,0,1
162.0,152.0,4,1.3643495463537758e-05,0.9972099051776987,False,0,1
162.0,116.0,4,1.3643495463537758e-05,0.9972235486731622,False,0,1
162.0,127.0,4,1.3643495463537758e-05,0.9972371921686257,False,0,3
4.0,238.0,4,1.3643495463537758e-05,0.9972508356640892,False,0,1
4.0,239.0,4,1.3643495463537758e-05,0.9972644791595527,False,0,0
45.0,262.0,4,1.3643495463537758e-05,0.9972781226550163,False,2,1
90.0,127.0,4,1.3643495463537758e-05,0.9972917661504798,False,0,3
231.0,243.0,3,1.0232621597653319e-05,0.9973019987720774,False,2,3
231.0,127.0,3,1.0232621597653319e-05,0.997312231393675,False,2,3
232.0,24.0,3,1.0232621597653319e-05,0.9973224640152726,False,0,1
158.0,116.0,3,1.0232621597653319e-05,0.9973326966368702,False,2,1
202.0,236.0,3,1.0232621597653319e-05,0.9973429292584678,False,1,1
12.0,107.0,3,1.0232621597653319e-05,0.9973531618800654,False,2,0
161.0,12.0,3,1.0232621597653319e-05,0.997363394501663,False,0,2
116.0,144.0,3,1.0232621597653319e-05,0.9973736271232606,False,1,2
127.0,263.0,3,1.0232621597653319e-05,0.9973838597448582,False,3,1
152.0,164.0,3,1.0232621597653319e-05,0.9973940923664558,False,1,0
42.0,186.0,3,1.0232621597653319e-05,0.9974043249880534,False,1,0
239.0,128.0,3,1.0232621597653319e-05,0.997414557609651,False,0,3
43.0,127.0,3,1.0232621597653319e-05,0.9974247902312486,False,1,3
42.0,249.0,3,1.0232621597653319e-05,0.9974350228528462,False,1,2
88.0,224.0,3,1.0232621597653319e-05,0.9974452554744438,False,2,0
12.0,249.0,3,1.0232621597653319e-05,0.9974554880960415,False,2,2
261.0,244.0,3,1.0232621597653319e-05,0.9974657207176391,False,2,3
90.0,202.0,3,1.0232621597653319e-05,0.9974759533392367,False,0,1
74.0,13.0,3,1.0232621597653319e-05,0.9974861859608343,False,1,2
42.0,209.0,3,1.0232621597653319e-05,0.9974964185824319,False,1,2
261.0,243.0,3,1.0232621597653319e-05,0.9975066512040295,False,2,3
114.0,152.0,3,1.0232621597653319e-05,0.9975168838256271,False,2,1
116.0,161.0,3,1.0232621597653319e-05,0.9975271164472247,False,1,0
152.0,211.0,3,1.0232621597653319e-05,0.9975373490688223,False,1,2
137.0,152.0,3,1.0232621597653319e-05,0.9975475816904199,False,0,1
152.0,236.0,3,1.0232621597653319e-05,0.9975578143120175,False,1,1
243.0,161.0,3,1.0232621597653319e-05,0.9975680469336151,False,3,0
243.0,152.0,3,1.0232621597653319e-05,0.9975782795552127,False,3,1
116.0,141.0,3,1.0232621597653319e-05,0.9975885121768103,False,1,1
233.0,12.0,3,1.0232621597653319e-05,0.9975987447984079,False,0,2
243.0,229.0,3,1.0232621597653319e-05,0.9976089774200055,False,3,0
243.0,186.0,3,1.0232621597653319e-05,0.9976192100416031,False,3,0
243.0,166.0,3,1.0232621597653319e-05,0.9976294426632007,False,3,1
243.0,230.0,3,1.0232621597653319e-05,0.9976396752847984,False,3,0
127.0,41.0,3,1.0232621597653319e-05,0.997649907906396,False,3,1
127.0,161.0,3,1.0232621597653319e-05,0.9976601405279936,False,3,0
127.0,186.0,3,1.0232621597653319e-05,0.9976703731495912,False,3,0
127.0,68.0,3,1.0232621597653319e-05,0.9976806057711888,False,3,0
13.0,244.0,3,1.0232621597653319e-05,0.9976908383927864,False,2,3
261.0,42.0,3,1.0232621597653319e-05,0.997701071014384,False,2,1
42.0,144.0,3,1.0232621597653319e-05,0.9977113036359816,False,1,2
170.0,194.0,3,1.0232621597653319e-05,0.9977215362575792,False,0,1
142.0,202.0,3,1.0232621597653319e-05,0.9977317688791768,False,0,1
74.0,88.0,3,1.0232621597653319e-05,0.9977420015007744,False,1,2
127.0,151.0,3,1.0232621597653319e-05,0.997752234122372,False,3,1
137.0,243.0,3,1.0232621597653319e-05,0.9977624667439696,False,0,3
13.0,75.0,3,1.0232621597653319e-05,0.9977726993655672,False,2,1
211.0,127.0,3,1.0232621597653319e-05,0.9977829319871648,False,2,3
261.0,166.0,3,1.0232621597653319e-05,0.9977931646087624,False,2,1
152.0,161.0,3,1.0232621597653319e-05,0.99780339723036,False,1,0
42.0,113.0,3,1.0232621597653319e-05,0.9978136298519577,False,1,0
244.0,234.0,3,1.0232621597653319e-05,0.9978238624735553,False,3,0
234.0,12.0,3,1.0232621597653319e-05,0.9978340950951529,False,0,2
166.0,87.0,3,1.0232621597653319e-05,0.9978443277167505,False,1,2
151.0,224.0,3,1.0232621597653319e-05,0.9978545603383481,False,1,0
24.0,211.0,3,1.0232621597653319e-05,0.9978647929599457,False,1,2
244.0,158.0,3,1.0232621597653319e-05,0.9978750255815433,False,3,2
166.0,45.0,3,1.0232621597653319e-05,0.9978852582031409,False,1,2
12.0,229.0,3,1.0232621597653319e-05,0.9978954908247385,False,2,0
12.0,211.0,3,1.0232621597653319e-05,0.9979057234463361,False,2,2
45.0,74.0,3,1.0232621597653319e-05,0.9979159560679337,False,2,1
87.0,42.0,3,1.0232621597653319e-05,0.9979261886895313,False,2,1
148.0,12.0,3,1.0232621597653319e-05,0.9979364213111289,False,2,2
125.0,41.0,3,1.0232621597653319e-05,0.9979466539327265,False,2,1
41.0,114.0,3,1.0232621597653319e-05,0.9979568865543241,False,1,2
88.0,75.0,3,1.0232621597653319e-05,0.9979671191759217,False,2,1
209.0,43.0,3,1.0232621597653319e-05,0.9979773517975193,False,2,1
41.0,231.0,3,1.0232621597653319e-05,0.997987584419117,False,1,2
88.0,41.0,3,1.0232621597653319e-05,0.9979978170407146,False,2,1
45.0,151.0,3,1.0232621597653319e-05,0.9980080496623122,False,2,1
4.0,166.0,3,1.0232621597653319e-05,0.9980182822839098,False,0,1
4.0,243.0,3,1.0232621597653319e-05,0.9980285149055074,False,0,3
246.0,202.0,3,1.0232621597653319e-05,0.998038747527105,False,0,1
263.0,127.0,3,1.0232621597653319e-05,0.9980489801487026,False,1,3
87.0,152.0,3,1.0232621597653319e-05,0.9980592127703002,False,2,1
194.0,230.0,3,1.0232621597653319e-05,0.9980694453918978,False,1,0
12.0,87.0,3,1.0232621597653319e-05,0.9980796780134954,False,2,2
113.0,243.0,3,1.0232621597653319e-05,0.998089910635093,False,0,3
41.0,144.0,3,1.0232621597653319e-05,0.9981001432566906,False,1,2
151.0,88.0,3,1.0232621597653319e-05,0.9981103758782882,False,1,2
152.0,231.0,3,1.0232621597653319e-05,0.9981206084998858,False,1,2
152.0,232.0,3,1.0232621597653319e-05,0.9981308411214834,False,1,0
194.0,141.0,3,1.0232621597653319e-05,0.998141073743081,False,1,1
194.0,140.0,3,1.0232621597653319e-05,0.9981513063646786,False,1,1
224.0,43.0,3,1.0232621597653319e-05,0.9981615389862762,False,0,1
152.0,137.0,3,1.0232621597653319e-05,0.9981717716078738,False,1,0
43.0,209.0,3,1.0232621597653319e-05,0.9981820042294715,False,1,2
244.0,100.0,3,1.0232621597653319e-05,0.9981922368510691,False,3,0
12.0,162.0,3,1.0232621597653319e-05,0.9982024694726667,False,2,0
243.0,237.0,3,1.0232621597653319e-05,0.9982127020942643,False,3,1
243.0,239.0,3,1.0232621597653319e-05,0.9982229347158619,False,3,0
243.0,246.0,3,1.0232621597653319e-05,0.9982331673374595,False,3,0
243.0,236.0,3,1.0232621597653319e-05,0.9982433999590571,False,3,1
45.0,43.0,3,1.0232621597653319e-05,0.9982536325806547,False,2,1
209.0,244.0,3,1.0232621597653319e-05,0.9982638652022523,False,2,3
45.0,42.0,3,1.0232621597653319e-05,0.9982740978238499,False,2,1
42.0,87.0,3,1.0232621597653319e-05,0.9982843304454475,False,1,2
244.0,249.0,3,1.0232621597653319e-05,0.9982945630670451,False,3,2
244.0,88.0,3,1.0232621597653319e-05,0.9983047956886427,False,3,2
244.0,50.0,3,1.0232621597653319e-05,0.9983150283102403,False,3,0
244.0,45.0,3,1.0232621597653319e-05,0.9983252609318379,False,3,2
244.0,24.0,3,1.0232621597653319e-05,0.9983354935534355,False,3,1
24.0,4.0,3,1.0232621597653319e-05,0.9983457261750331,False,1,0
152.0,163.0,2,6.821747731768879e-06,0.998352547922765,False,1,0
140.0,12.0,2,6.821747731768879e-06,0.9983593696704968,False,1,2
42.0,224.0,2,6.821747731768879e-06,0.9983661914182286,False,1,0
232.0,152.0,2,6.821747731768879e-06,0.9983730131659604,False,0,1
90.0,194.0,2,6.821747731768879e-06,0.9983798349136922,False,0,1
4.0,152.0,2,6.821747731768879e-06,0.998386656661424,False,0,1
127.0,236.0,2,6.821747731768879e-06,0.9983934784091558,False,3,1
152.0,170.0,2,6.821747731768879e-06,0.9984003001568876,False,1,0
116.0,43.0,2,6.821747731768879e-06,0.9984071219046194,False,1,1
42.0,261.0,2,6.821747731768879e-06,0.9984139436523513,False,1,2
194.0,48.0,2,6.821747731768879e-06,0.9984207654000831,False,1,0
152.0,114.0,2,6.821747731768879e-06,0.9984275871478149,False,1,2
116.0,120.0,2,6.821747731768879e-06,0.9984344088955467,False,1,3
243.0,162.0,2,6.821747731768879e-06,0.9984412306432785,False,3,0
152.0,13.0,2,6.821747731768879e-06,0.9984480523910103,False,1,2
243.0,234.0,2,6.821747731768879e-06,0.9984548741387421,False,3,0
243.0,140.0,2,6.821747731768879e-06,0.9984616958864739,False,3,1
116.0,90.0,2,6.821747731768879e-06,0.9984685176342057,False,1,0
243.0,163.0,2,6.821747731768879e-06,0.9984753393819376,False,3,0
243.0,141.0,2,6.821747731768879e-06,0.9984821611296694,False,3,1
194.0,137.0,2,6.821747731768879e-06,0.9984889828774012,False,1,0
239.0,12.0,2,6.821747731768879e-06,0.998495804625133,False,0,2
127.0,74.0,2,6.821747731768879e-06,0.9985026263728648,False,3,1
43.0,202.0,2,6.821747731768879e-06,0.9985094481205966,False,1,1
152.0,234.0,2,6.821747731768879e-06,0.9985162698683284,False,1,0
116.0,113.0,2,6.821747731768879e-06,0.9985230916160602,False,1,0
116.0,107.0,2,6.821747731768879e-06,0.998529913363792,False,1,0
127.0,79.0,2,6.821747731768879e-06,0.9985367351115239,False,3,0
74.0,120.0,2,6.821747731768879e-06,0.9985435568592557,False,1,3
74.0,125.0,2,6.821747731768879e-06,0.9985503786069875,False,1,2
127.0,90.0,2,6.821747731768879e-06,0.9985572003547193,False,3,0
127.0,152.0,2,6.821747731768879e-06,0.9985640221024511,False,3,1
127.0,143.0,2,6.821747731768879e-06,0.9985708438501829,False,3,0
137.0,202.0,2,6.821747731768879e-06,0.9985776655979147,False,0,1
243.0,107.0,2,6.821747731768879e-06,0.9985844873456465,False,3,0
243.0,114.0,2,6.821747731768879e-06,0.9985913090933783,False,3,2
164.0,202.0,2,6.821747731768879e-06,0.9985981308411102,False,0,1
164.0,194.0,2,6.821747731768879e-06,0.998604952588842,False,0,1
164.0,127.0,2,6.821747731768879e-06,0.9986117743365738,False,0,3
151.0,209.0,2,6.821747731768879e-06,0.9986185960843056,False,1,2
243.0,148.0,2,6.821747731768879e-06,0.9986254178320374,False,3,2
243.0,143.0,2,6.821747731768879e-06,0.9986322395797692,False,3,0
127.0,87.0,2,6.821747731768879e-06,0.998639061327501,False,3,2
152.0,162.0,2,6.821747731768879e-06,0.9986458830752328,False,1,0
152.0,158.0,2,6.821747731768879e-06,0.9986527048229646,False,1,2
261.0,127.0,2,6.821747731768879e-06,0.9986595265706965,False,2,3
13.0,166.0,2,6.821747731768879e-06,0.9986663483184283,False,2,1
239.0,202.0,2,6.821747731768879e-06,0.9986731700661601,False,0,1
142.0,128.0,2,6.821747731768879e-06,0.9986799918138919,False,0,3
141.0,127.0,2,6.821747731768879e-06,0.9986868135616237,False,1,3
152.0,263.0,2,6.821747731768879e-06,0.9986936353093555,False,1,1
107.0,194.0,2,6.821747731768879e-06,0.9987004570570873,False,0,1
100.0,128.0,2,6.821747731768879e-06,0.9987072788048191,False,0,3
107.0,128.0,2,6.821747731768879e-06,0.9987141005525509,False,0,3
230.0,194.0,2,6.821747731768879e-06,0.9987209223002828,False,0,1
45.0,243.0,2,6.821747731768879e-06,0.9987277440480146,False,2,3
158.0,152.0,2,6.821747731768879e-06,0.9987345657957464,False,2,1
12.0,144.0,2,6.821747731768879e-06,0.9987413875434782,False,2,2
202.0,140.0,2,6.821747731768879e-06,0.99874820929121,False,1,1
231.0,202.0,2,6.821747731768879e-06,0.9987550310389418,False,2,1
163.0,194.0,2,6.821747731768879e-06,0.9987618527866736,False,0,1
42.0,194.0,2,6.821747731768879e-06,0.9987686745344054,False,1,1
239.0,153.0,2,6.821747731768879e-06,0.9987754962821372,False,0,3
116.0,88.0,2,6.821747731768879e-06,0.998782318029869,False,1,2
244.0,114.0,2,6.821747731768879e-06,0.9987891397776009,False,3,2
244.0,113.0,2,6.821747731768879e-06,0.9987959615253327,False,3,0
151.0,128.0,2,6.821747731768879e-06,0.9988027832730645,False,1,3
194.0,166.0,2,6.821747731768879e-06,0.9988096050207963,False,1,1
194.0,170.0,2,6.821747731768879e-06,0.9988164267685281,False,1,0
152.0,262.0,2,6.821747731768879e-06,0.9988232485162599,False,1,1
12.0,170.0,2,6.821747731768879e-06,0.9988300702639917,False,2,0
12.0,163.0,2,6.821747731768879e-06,0.9988368920117235,False,2,0
211.0,152.0,2,6.821747731768879e-06,0.9988437137594554,False,2,1
24.0,128.0,2,6.821747731768879e-06,0.9988505355071872,False,1,3
24.0,144.0,2,6.821747731768879e-06,0.998857357254919,False,1,2
50.0,12.0,2,6.821747731768879e-06,0.9988641790026508,False,0,2
12.0,232.0,2,6.821747731768879e-06,0.9988710007503826,False,2,0
166.0,125.0,2,6.821747731768879e-06,0.9988778224981144,False,1,2
24.0,234.0,2,6.821747731768879e-06,0.9988846442458462,False,1,0
75.0,125.0,2,6.821747731768879e-06,0.998891465993578,False,1,2
79.0,12.0,2,6.821747731768879e-06,0.9988982877413098,False,0,2
12.0,234.0,2,6.821747731768879e-06,0.9989051094890417,False,2,0
12.0,233.0,2,6.821747731768879e-06,0.9989119312367735,False,2,0
116.0,164.0,2,6.821747731768879e-06,0.9989187529845053,False,1,0
116.0,170.0,2,6.821747731768879e-06,0.9989255747322371,False,1,0
88.0,166.0,2,6.821747731768879e-06,0.9989323964799689,False,2,1
88.0,194.0,2,6.821747731768879e-06,0.9989392182277007,False,2,1
244.0,153.0,2,6.821747731768879e-06,0.9989460399754325,False,3,3
224.0,125.0,2,6.821747731768879e-06,0.9989528617231643,False,0,2
166.0,4.0,2,6.821747731768879e-06,0.9989596834708961,False,1,0
24.0,224.0,2,6.821747731768879e-06,0.998966505218628,False,1,0
194.0,143.0,2,6.821747731768879e-06,0.9989733269663598,False,1,0
170.0,152.0,2,6.821747731768879e-06,0.9989801487140916,False,0,1
243.0,262.0,2,6.821747731768879e-06,0.9989869704618234,False,3,1
244.0,13.0,2,6.821747731768879e-06,0.9989937922095552,False,3,2
24.0,13.0,2,6.821747731768879e-06,0.999000613957287,False,1,2
244.0,125.0,2,6.821747731768879e-06,0.9990074357050188,False,3,2
224.0,42.0,2,6.821747731768879e-06,0.9990142574527506,False,0,1
74.0,209.0,2,6.821747731768879e-06,0.9990210792004824,False,1,2
88.0,116.0,2,6.821747731768879e-06,0.9990279009482143,False,2,1
116.0,261.0,2,6.821747731768879e-06,0.9990347226959461,False,1,2
12.0,209.0,2,6.821747731768879e-06,0.9990415444436779,False,2,2
144.0,194.0,2,6.821747731768879e-06,0.9990483661914097,False,2,1
224.0,127.0,2,6.821747731768879e-06,0.9990551879391415,False,0,3
12.0,186.0,2,6.821747731768879e-06,0.9990620096868733,False,2,0
209.0,243.0,2,6.821747731768879e-06,0.9990688314346051,False,2,3
45.0,127.0,2,6.821747731768879e-06,0.9990756531823369,False,2,3
262.0,128.0,2,6.821747731768879e-06,0.9990824749300687,False,1,3
262.0,202.0,2,6.821747731768879e-06,0.9990892966778006,False,1,1
238.0,128.0,2,6.821747731768879e-06,0.9990961184255324,False,1,3
194.0,233.0,2,6.821747731768879e-06,0.9991029401732642,False,1,0
194.0,246.0,2,6.821747731768879e-06,0.999109761920996,False,1,0
194.0,239.0,2,6.821747731768879e-06,0.9991165836687278,False,1,0
209.0,24.0,2,6.821747731768879e-06,0.9991234054164596,False,2,1
42.0,13.0,2,6.821747731768879e-06,0.9991302271641914,False,1,2
24.0,232.0,2,6.821747731768879e-06,0.9991370489119232,False,1,0
166.0,224.0,2,6.821747731768879e-06,0.999143870659655,False,1,0
151.0,4.0,2,6.821747731768879e-06,0.9991506924073869,False,1,0
79.0,120.0,2,6.821747731768879e-06,0.9991575141551187,False,0,3
148.0,127.0,2,6.821747731768879e-06,0.9991643359028505,False,2,3
116.0,262.0,2,6.821747731768879e-06,0.9991711576505823,False,1,1
166.0,209.0,2,6.821747731768879e-06,0.9991779793983141,False,1,2
42.0,125.0,2,6.821747731768879e-06,0.9991848011460459,False,1,2
238.0,120.0,2,6.821747731768879e-06,0.9991916228937777,False,1,3
12.0,88.0,2,6.821747731768879e-06,0.9991984446415095,False,2,2
12.0,90.0,2,6.821747731768879e-06,0.9992052663892413,False,2,0
113.0,12.0,2,6.821747731768879e-06,0.9992120881369732,False,0,2
41.0,211.0,2,6.821747731768879e-06,0.999218909884705,False,1,2
41.0,261.0,2,6.821747731768879e-06,0.9992257316324368,False,1,2
41.0,120.0,2,6.821747731768879e-06,0.9992325533801686,False,1,3
128.0,127.0,2,6.821747731768879e-06,0.9992393751279004,False,3,3
88.0,24.0,2,6.821747731768879e-06,0.9992461968756322,False,2,1
88.0,42.0,2,6.821747731768879e-06,0.999253018623364,False,2,1
48.0,128.0,2,6.821747731768879e-06,0.9992598403710958,False,0,3
209.0,116.0,2,6.821747731768879e-06,0.9992666621188276,False,2,1
125.0,74.0,2,6.821747731768879e-06,0.9992734838665595,False,2,1
120.0,244.0,2,6.821747731768879e-06,0.9992803056142913,False,3,3
12.0,12.0,2,6.821747731768879e-06,0.9992871273620231,False,2,2
4.0,127.0,2,6.821747731768879e-06,0.9992939491097549,False,0,3
100.0,202.0,1,3.4108738658844394e-06,0.9992973599836208,False,0,1
162.0,120.0,1,3.4108738658844394e-06,0.9993007708574867,False,0,3
128.0,166.0,1,3.4108738658844394e-06,0.9993041817313526,False,3,1
153.0,107.0,1,3.4108738658844394e-06,0.9993075926052185,False,3,0
153.0,152.0,1,3.4108738658844394e-06,0.9993110034790844,False,3,1
153.0,186.0,1,3.4108738658844394e-06,0.9993144143529503,False,3,0
12.0,43.0,1,3.4108738658844394e-06,0.9993178252268162,False,2,1
263.0,202.0,1,3.4108738658844394e-06,0.9993212361006821,False,1,1
246.0,194.0,1,3.4108738658844394e-06,0.999324646974548,False,0,1
120.0,75.0,1,3.4108738658844394e-06,0.9993280578484139,False,3,1
120.0,120.0,1,3.4108738658844394e-06,0.9993314687222798,False,3,3
120.0,261.0,1,3.4108738658844394e-06,0.9993348795961458,False,3,2
229.0,120.0,1,3.4108738658844394e-06,0.9993382904700117,False,0,3
88.0,12.0,1,3.4108738658844394e-06,0.9993417013438776,False,2,2
87.0,194.0,1,3.4108738658844394e-06,0.9993451122177435,False,2,1
246.0,128.0,1,3.4108738658844394e-06,0.9993485230916094,False,0,3
41.0,209.0,1,3.4108738658844394e-06,0.9993519339654753,False,1,2
166.0,202.0,1,3.4108738658844394e-06,0.9993553448393412,False,1,1
41.0,128.0,1,3.4108738658844394e-06,0.9993587557132071,False,1,3
42.0,128.0,1,3.4108738658844394e-06,0.999362166587073,False,1,3
87.0,202.0,1,3.4108738658844394e-06,0.9993655774609389,False,2,1
87.0,116.0,1,3.4108738658844394e-06,0.9993689883348048,False,2,1
148.0,202.0,1,3.4108738658844394e-06,0.9993723992086707,False,2,1
166.0,120.0,1,3.4108738658844394e-06,0.9993758100825366,False,1,3
233.0,127.0,1,3.4108738658844394e-06,0.9993792209564025,False,0,3
233.0,128.0,1,3.4108738658844394e-06,0.9993826318302684,False,0,3
116.0,249.0,1,3.4108738658844394e-06,0.9993860427041343,False,1,2
120.0,42.0,1,3.4108738658844394e-06,0.9993894535780002,False,3,1
120.0,50.0,1,3.4108738658844394e-06,0.9993928644518661,False,3,0
42.0,88.0,1,3.4108738658844394e-06,0.999396275325732,False,1,2
87.0,12.0,1,3.4108738658844394e-06,0.999399686199598,False,2,2
75.0,261.0,1,3.4108738658844394e-06,0.9994030970734639,False,1,2
224.0,152.0,1,3.4108738658844394e-06,0.9994065079473298,False,0,1
144.0,202.0,1,3.4108738658844394e-06,0.9994099188211957,False,2,1
244.0,229.0,1,3.4108738658844394e-06,0.9994133296950616,False,3,0
224.0,202.0,1,3.4108738658844394e-06,0.9994167405689275,False,0,1
234.0,128.0,1,3.4108738658844394e-06,0.9994201514427934,False,0,3
75.0,120.0,1,3.4108738658844394e-06,0.9994235623166593,False,1,3
120.0,68.0,1,3.4108738658844394e-06,0.9994269731905252,False,3,0
151.0,45.0,1,3.4108738658844394e-06,0.9994303840643911,False,1,2
249.0,120.0,1,3.4108738658844394e-06,0.999433794938257,False,2,3
24.0,158.0,1,3.4108738658844394e-06,0.9994372058121229,False,1,2
24.0,194.0,1,3.4108738658844394e-06,0.9994406166859888,False,1,1
249.0,153.0,1,3.4108738658844394e-06,0.9994440275598547,False,2,3
24.0,113.0,1,3.4108738658844394e-06,0.9994474384337206,False,1,0
24.0,114.0,1,3.4108738658844394e-06,0.9994508493075865,False,1,2
166.0,12.0,1,3.4108738658844394e-06,0.9994542601814524,False,1,2
143.0,128.0,1,3.4108738658844394e-06,0.9994576710553184,False,0,3
244.0,128.0,1,3.4108738658844394e-06,0.9994610819291843,False,3,3
244.0,148.0,1,3.4108738658844394e-06,0.9994644928030502,False,3,2
125.0,152.0,1,3.4108738658844394e-06,0.9994679036769161,False,2,1
75.0,153.0,1,3.4108738658844394e-06,0.999471314550782,False,1,3
224.0,12.0,1,3.4108738658844394e-06,0.9994747254246479,False,0,2
244.0,202.0,1,3.4108738658844394e-06,0.9994781362985138,False,3,1
244.0,211.0,1,3.4108738658844394e-06,0.9994815471723797,False,3,2
116.0,194.0,1,3.4108738658844394e-06,0.9994849580462456,False,1,1
116.0,224.0,1,3.4108738658844394e-06,0.9994883689201115,False,1,0
116.0,229.0,1,3.4108738658844394e-06,0.9994917797939774,False,1,0
88.0,202.0,1,3.4108738658844394e-06,0.9994951906678433,False,2,1
151.0,120.0,1,3.4108738658844394e-06,0.9994986015417092,False,1,3
24.0,120.0,1,3.4108738658844394e-06,0.9995020124155751,False,1,3
24.0,125.0,1,3.4108738658844394e-06,0.999505423289441,False,1,2
244.0,107.0,1,3.4108738658844394e-06,0.9995088341633069,False,3,0
244.0,120.0,1,3.4108738658844394e-06,0.9995122450371728,False,3,3
236.0,12.0,1,3.4108738658844394e-06,0.9995156559110387,False,1,2
125.0,243.0,1,3.4108738658844394e-06,0.9995190667849047,False,2,3
127.0,13.0,1,3.4108738658844394e-06,0.9995224776587706,False,3,2
243.0,249.0,1,3.4108738658844394e-06,0.9995258885326365,False,3,2
243.0,263.0,1,3.4108738658844394e-06,0.9995292994065024,False,3,1
244.0,4.0,1,3.4108738658844394e-06,0.9995327102803683,False,3,0
244.0,43.0,1,3.4108738658844394e-06,0.9995361211542342,False,3,1
244.0,87.0,1,3.4108738658844394e-06,0.9995395320281001,False,3,2
152.0,113.0,1,3.4108738658844394e-06,0.999542942901966,False,1,0
116.0,233.0,1,3.4108738658844394e-06,0.9995463537758319,False,1,0
116.0,128.0,1,3.4108738658844394e-06,0.9995497646496978,False,1,3
243.0,194.0,1,3.4108738658844394e-06,0.9995531755235637,False,3,1
243.0,211.0,1,3.4108738658844394e-06,0.9995565863974296,False,3,2
243.0,224.0,1,3.4108738658844394e-06,0.9995599972712955,False,3,0
243.0,232.0,1,3.4108738658844394e-06,0.9995634081451614,False,3,0
243.0,233.0,1,3.4108738658844394e-06,0.9995668190190273,False,3,0
243.0,137.0,1,3.4108738658844394e-06,0.9995702298928932,False,3,0
127.0,24.0,1,3.4108738658844394e-06,0.9995736407667591,False,3,1
74.0,211.0,1,3.4108738658844394e-06,0.999577051640625,False,1,2
127.0,75.0,1,3.4108738658844394e-06,0.999580462514491,False,3,1
127.0,88.0,1,3.4108738658844394e-06,0.9995838733883569,False,3,2
151.0,202.0,1,3.4108738658844394e-06,0.9995872842622228,False,1,1
24.0,45.0,1,3.4108738658844394e-06,0.9995906951360887,False,1,2
261.0,24.0,1,3.4108738658844394e-06,0.9995941060099546,False,2,1
261.0,41.0,1,3.4108738658844394e-06,0.9995975168838205,False,2,1
152.0,43.0,1,3.4108738658844394e-06,0.9996009277576864,False,1,1
152.0,79.0,1,3.4108738658844394e-06,0.9996043386315523,False,1,0
152.0,87.0,1,3.4108738658844394e-06,0.9996077495054182,False,1,2
152.0,90.0,1,3.4108738658844394e-06,0.9996111603792841,False,1,0
13.0,243.0,1,3.4108738658844394e-06,0.99961457125315,False,2,3
42.0,158.0,1,3.4108738658844394e-06,0.9996179821270159,False,1,2
243.0,24.0,1,3.4108738658844394e-06,0.9996213930008818,False,3,1
243.0,43.0,1,3.4108738658844394e-06,0.9996248038747477,False,3,1
243.0,100.0,1,3.4108738658844394e-06,0.9996282147486136,False,3,0
243.0,113.0,1,3.4108738658844394e-06,0.9996316256224795,False,3,0
243.0,125.0,1,3.4108738658844394e-06,0.9996350364963454,False,3,2
186.0,153.0,1,3.4108738658844394e-06,0.9996384473702113,False,0,3
142.0,120.0,1,3.4108738658844394e-06,0.9996418582440773,False,0,3
142.0,12.0,1,3.4108738658844394e-06,0.9996452691179432,False,0,2
127.0,140.0,1,3.4108738658844394e-06,0.9996486799918091,False,3,1
127.0,141.0,1,3.4108738658844394e-06,0.999652090865675,False,3,1
127.0,142.0,1,3.4108738658844394e-06,0.9996555017395409,False,3,0
13.0,152.0,1,3.4108738658844394e-06,0.9996589126134068,False,2,1
13.0,194.0,1,3.4108738658844394e-06,0.9996623234872727,False,2,1
13.0,202.0,1,3.4108738658844394e-06,0.9996657343611386,False,2,1
13.0,127.0,1,3.4108738658844394e-06,0.9996691452350045,False,2,3
152.0,148.0,1,3.4108738658844394e-06,0.9996725561088704,False,1,2
186.0,128.0,1,3.4108738658844394e-06,0.9996759669827363,False,0,3
68.0,194.0,1,3.4108738658844394e-06,0.9996793778566022,False,0,1
68.0,202.0,1,3.4108738658844394e-06,0.9996827887304681,False,0,1
68.0,120.0,1,3.4108738658844394e-06,0.999686199604334,False,0,3
127.0,237.0,1,3.4108738658844394e-06,0.9996896104781999,False,3,1
127.0,238.0,1,3.4108738658844394e-06,0.9996930213520658,False,3,1
127.0,239.0,1,3.4108738658844394e-06,0.9996964322259317,False,3,0
127.0,246.0,1,3.4108738658844394e-06,0.9996998430997976,False,3,0
128.0,42.0,1,3.4108738658844394e-06,0.9997032539736636,False,3,1
116.0,148.0,1,3.4108738658844394e-06,0.9997066648475295,False,1,2
116.0,45.0,1,3.4108738658844394e-06,0.9997100757213954,False,1,2
88.0,243.0,1,3.4108738658844394e-06,0.9997134865952613,False,2,3
88.0,244.0,1,3.4108738658844394e-06,0.9997168974691272,False,2,3
232.0,202.0,1,3.4108738658844394e-06,0.9997203083429931,False,0,1
164.0,120.0,1,3.4108738658844394e-06,0.999723719216859,False,0,3
137.0,120.0,1,3.4108738658844394e-06,0.9997271300907249,False,0,3
137.0,127.0,1,3.4108738658844394e-06,0.9997305409645908,False,0,3
194.0,41.0,1,3.4108738658844394e-06,0.9997339518384567,False,1,1
194.0,42.0,1,3.4108738658844394e-06,0.9997373627123226,False,1,1
194.0,68.0,1,3.4108738658844394e-06,0.9997407735861885,False,1,0
43.0,12.0,1,3.4108738658844394e-06,0.9997441844600544,False,1,2
239.0,120.0,1,3.4108738658844394e-06,0.9997475953339203,False,0,3
12.0,238.0,1,3.4108738658844394e-06,0.9997510062077862,False,2,1
12.0,262.0,1,3.4108738658844394e-06,0.9997544170816521,False,2,1
152.0,233.0,1,3.4108738658844394e-06,0.999757827955518,False,1,0
116.0,4.0,1,3.4108738658844394e-06,0.999761238829384,False,1,0
116.0,13.0,1,3.4108738658844394e-06,0.9997646497032499,False,1,2
127.0,48.0,1,3.4108738658844394e-06,0.9997680605771158,False,3,0
127.0,153.0,1,3.4108738658844394e-06,0.9997714714509817,False,3,3
127.0,162.0,1,3.4108738658844394e-06,0.9997748823248476,False,3,0
127.0,164.0,1,3.4108738658844394e-06,0.9997782931987135,False,3,0
127.0,194.0,1,3.4108738658844394e-06,0.9997817040725794,False,3,1
127.0,211.0,1,3.4108738658844394e-06,0.9997851149464453,False,3,2
194.0,75.0,1,3.4108738658844394e-06,0.9997885258203112,False,1,1
194.0,88.0,1,3.4108738658844394e-06,0.9997919366941771,False,1,2
194.0,100.0,1,3.4108738658844394e-06,0.999795347568043,False,1,0
194.0,107.0,1,3.4108738658844394e-06,0.9997987584419089,False,1,0
194.0,113.0,1,3.4108738658844394e-06,0.9998021693157748,False,1,0
194.0,142.0,1,3.4108738658844394e-06,0.9998055801896407,False,1,0
194.0,161.0,1,3.4108738658844394e-06,0.9998089910635066,False,1,0
194.0,224.0,1,3.4108738658844394e-06,0.9998124019373725,False,1,0
152.0,237.0,1,3.4108738658844394e-06,0.9998158128112384,False,1,1
152.0,261.0,1,3.4108738658844394e-06,0.9998192236851043,False,1,2
13.0,42.0,1,3.4108738658844394e-06,0.9998226345589702,False,2,1
12.0,158.0,1,3.4108738658844394e-06,0.9998260454328362,False,2,2
12.0,164.0,1,3.4108738658844394e-06,0.9998294563067021,False,2,0
202.0,125.0,1,3.4108738658844394e-06,0.999832867180568,False,1,2
45.0,116.0,1,3.4108738658844394e-06,0.9998362780544339,False,2,1
238.0,153.0,1,3.4108738658844394e-06,0.9998396889282998,False,1,3
45.0,24.0,1,3.4108738658844394e-06,0.9998430998021657,False,2,1
237.0,12.0,1,3.4108738658844394e-06,0.9998465106760316,False,1,2
50.0,128.0,1,3.4108738658844394e-06,0.9998499215498975,False,0,3
137.0,12.0,1,3.4108738658844394e-06,0.9998533324237634,False,0,2
12.0,237.0,1,3.4108738658844394e-06,0.9998567432976293,False,2,1
153.0,202.0,1,3.4108738658844394e-06,0.9998601541714952,False,3,1
153.0,243.0,1,3.4108738658844394e-06,0.9998635650453611,False,3,3
152.0,229.0,1,3.4108738658844394e-06,0.999866975919227,False,1,0
262.0,127.0,1,3.4108738658844394e-06,0.9998703867930929,False,1,3
194.0,229.0,1,3.4108738658844394e-06,0.9998737976669588,False,1,0
194.0,231.0,1,3.4108738658844394e-06,0.9998772085408247,False,1,2
194.0,238.0,1,3.4108738658844394e-06,0.9998806194146906,False,1,1
194.0,249.0,1,3.4108738658844394e-06,0.9998840302885565,False,1,2
202.0,41.0,1,3.4108738658844394e-06,0.9998874411624225,False,1,1
202.0,43.0,1,3.4108738658844394e-06,0.9998908520362884,False,1,1
202.0,68.0,1,3.4108738658844394e-06,0.9998942629101543,False,1,0
45.0,152.0,1,3.4108738658844394e-06,0.9998976737840202,False,2,1
48.0,153.0,1,3.4108738658844394e-06,0.9999010846578861,False,0,3
48.0,202.0,1,3.4108738658844394e-06,0.999904495531752,False,0,1
209.0,42.0,1,3.4108738658844394e-06,0.9999079064056179,False,2,1
128.0,50.0,1,3.4108738658844394e-06,0.9999113172794838,False,3,0
128.0,158.0,1,3.4108738658844394e-06,0.9999147281533497,False,3,2
12.0,100.0,1,3.4108738658844394e-06,0.9999181390272156,False,2,0
230.0,120.0,1,3.4108738658844394e-06,0.9999215499010815,False,0,3
113.0,153.0,1,3.4108738658844394e-06,0.9999249607749474,False,0,3
12.0,113.0,1,3.4108738658844394e-06,0.9999283716488133,False,2,0
12.0,125.0,1,3.4108738658844394e-06,0.9999317825226792,False,2,2
12.0,137.0,1,3.4108738658844394e-06,0.9999351933965451,False,2,0
128.0,236.0,1,3.4108738658844394e-06,0.999938604270411,False,3,1
128.0,238.0,1,3.4108738658844394e-06,0.9999420151442769,False,3,1
45.0,244.0,1,3.4108738658844394e-06,0.9999454260181428,False,2,3
202.0,127.0,1,3.4108738658844394e-06,0.9999488368920088,False,1,3
202.0,144.0,1,3.4108738658844394e-06,0.9999522477658747,False,1,2
202.0,158.0,1,3.4108738658844394e-06,0.9999556586397406,False,1,2
202.0,186.0,1,3.4108738658844394e-06,0.9999590695136065,False,1,0
202.0,231.0,1,3.4108738658844394e-06,0.9999624803874724,False,1,2
202.0,232.0,1,3.4108738658844394e-06,0.9999658912613383,False,1,0
202.0,233.0,1,3.4108738658844394e-06,0.9999693021352042,False,1,0
202.0,239.0,1,3.4108738658844394e-06,0.9999727130090701,False,1,0
209.0,12.0,1,3.4108738658844394e-06,0.999976123882936,False,2,2
12.0,140.0,1,3.4108738658844394e-06,0.9999795347568019,False,2,1
12.0,141.0,1,3.4108738658844394e-06,0.9999829456306678,False,2,1
12.0,143.0,1,3.4108738658844394e-06,0.9999863565045337,False,2,0
12.0,148.0,1,3.4108738658844394e-06,0.9999897673783996,False,2,2
158.0,194.0,1,3.4108738658844394e-06,0.9999931782522655,False,2,1
107.0,202.0,1,3.4108738658844394e-06,0.9999965891261314,False,0,1
90.0,128.0,1,3.4108738658844394e-06,0.9999999999999973,False,0,3
