origen_id,origen_zona,destino_id,destino_zona,distancia_geodesica_km,distancia_manhattan_aprox_km,distancia_manhattan_exacta_km,duracion_normal_min,duracion_hora_punta_min,duracion_hora_valle_min
4,Alphabet City,4,Alphabet City,0.0,0.0,0.0,0.0,0.0,0.0
4,Alphabet City,12,Battery Park,3.997,5.59,5.581,13.4,16.7,11.2
4,Alphabet City,13,Battery Park City,3.551,4.625,4.627,11.1,13.9,9.3
4,Alphabet City,24,Bloomingdale,8.74,9.659,9.562,22.9,28.7,19.1
4,Alphabet City,41,Central Harlem,9.207,11.127,11.032,26.5,33.1,22.1
4,Alphabet City,42,Central Harlem North,10.931,13.567,13.457,32.3,40.4,26.9
4,Alphabet City,43,Central Park,6.592,7.489,7.417,17.8,22.3,14.8
4,Alphabet City,45,Chinatown,2.185,3.054,3.049,7.3,9.1,6.1
4,Alphabet City,48,Clinton East,4.412,5.368,5.398,13.0,16.2,10.8
4,Alphabet City,50,Clinton West,4.961,6.26,6.287,15.1,18.9,12.6
4,Alphabet City,68,East Chelsea,3.357,4.69,4.686,11.2,14.1,9.4
4,Alphabet City,74,East Harlem North,9.225,11.961,11.876,28.5,35.6,23.8
4,Alphabet City,75,East Harlem South,7.816,10.008,9.935,23.8,29.8,19.9
4,Alphabet City,79,East Village,0.871,1.192,1.183,2.8,3.5,2.4
4,Alphabet City,87,Financial District North,3.193,4.476,4.467,10.7,13.4,8.9
4,Alphabet City,88,Financial District South,3.695,5.2,5.189,12.5,15.6,10.4
4,Alphabet City,90,Flatiron,2.662,3.757,3.75,9.0,11.2,7.5
4,Alphabet City,100,Garment District,3.452,4.308,4.328,10.4,13.0,8.7
4,Alphabet City,103,Governor's Island/Ellis Island/Liberty Island,6.892,9.569,9.556,22.9,28.7,19.1
4,Alphabet City,107,Gramercy,1.57,2.053,2.059,4.9,6.2,4.1
4,Alphabet City,113,Greenwich Village North,1.762,2.453,2.438,5.9,7.3,4.9
4,Alphabet City,114,Greenwich Village South,1.798,2.244,2.219,5.3,6.7,4.4
4,Alphabet City,116,Hamilton Heights,11.716,13.88,13.756,33.0,41.3,27.5
4,Alphabet City,120,Highbridge Park,14.21,17.62,17.476,41.9,52.4,35.0
4,Alphabet City,125,Hudson Sq,2.594,2.876,2.833,6.8,8.5,5.7
4,Alphabet City,127,Inwood,16.537,20.699,20.532,49.3,61.6,41.1
4,Alphabet City,128,Inwood Hill Park,17.091,20.968,20.792,49.9,62.4,41.6
4,Alphabet City,137,Kips Bay,1.853,1.892,1.871,4.5,5.6,3.7
4,Alphabet City,140,Lenox Hill East,5.0,6.522,6.477,15.5,19.4,13.0
4,Alphabet City,141,Lenox Hill West,5.015,6.268,6.219,14.9,18.7,12.4
4,Alphabet City,142,Lincoln Square East,5.553,5.925,5.982,14.4,17.9,12.0
4,Alphabet City,143,Lincoln Square West,5.868,6.703,6.754,16.2,20.3,13.5
4,Alphabet City,144,Little Italy/NoLiTa,1.715,2.014,2.019,4.8,6.1,4.0
4,Alphabet City,148,Lower East Side,1.292,1.718,1.718,4.1,5.2,3.4
4,Alphabet City,151,Manhattan Valley,8.274,8.985,8.893,21.3,26.7,17.8
4,Alphabet City,152,Manhattanville,10.645,12.43,12.316,29.6,36.9,24.6
4,Alphabet City,153,Marble Hill,17.813,22.556,22.379,53.7,67.1,44.8
4,Alphabet City,158,Meatpacking/West Village West,2.981,3.974,3.939,9.5,11.8,7.9
4,Alphabet City,161,Midtown Center,3.807,3.867,3.91,9.4,11.7,7.8
4,Alphabet City,162,Midtown East,3.678,4.048,4.007,9.6,12.0,8.0
4,Alphabet City,163,Midtown North,4.517,4.565,4.617,11.1,13.9,9.2
4,Alphabet City,164,Midtown South,2.842,3.451,3.471,8.3,10.4,6.9
4,Alphabet City,166,Morningside Heights,9.604,10.806,10.7,25.7,32.1,21.4
4,Alphabet City,170,Murray Hill,2.668,2.793,2.822,6.8,8.5,5.6
4,Alphabet City,186,Penn Station/Madison Sq West,3.043,4.062,4.07,9.8,12.2,8.1
4,Alphabet City,194,Randalls Island,8.679,11.916,11.849,28.4,35.5,23.7
4,Alphabet City,202,Roosevelt Island,4.812,6.531,6.492,15.6,19.5,13.0
4,Alphabet City,209,Seaport,2.783,3.899,3.892,9.3,11.7,7.8
4,Alphabet City,211,SoHo,2.076,2.103,2.084,5.0,6.3,4.2
4,Alphabet City,224,Stuy Town/Peter Cooper Village,0.897,0.927,0.917,2.2,2.8,1.8
4,Alphabet City,229,Sutton Place/Turtle Bay North,3.796,4.665,4.628,11.1,13.9,9.3
4,Alphabet City,230,Times Sq/Theatre District,4.051,4.618,4.653,11.2,14.0,9.3
4,Alphabet City,231,TriBeCa/Civic Center,2.695,3.291,3.297,7.9,9.9,6.6
4,Alphabet City,232,Two Bridges/Seward Park,1.125,1.516,1.507,3.6,4.5,3.0
4,Alphabet City,233,UN/Turtle Bay South,2.957,3.459,3.428,8.2,10.3,6.9
4,Alphabet City,234,Union Sq,2.166,2.988,2.988,7.2,9.0,6.0
4,Alphabet City,236,Upper East Side North,6.516,7.988,7.923,19.0,23.8,15.8
4,Alphabet City,237,Upper East Side South,5.073,5.943,5.89,14.1,17.7,11.8
4,Alphabet City,238,Upper West Side North,7.553,7.876,7.79,18.7,23.4,15.6
4,Alphabet City,239,Upper West Side South,6.688,6.825,6.9,16.6,20.7,13.8
4,Alphabet City,243,Washington Heights North,15.271,18.554,18.395,44.1,55.2,36.8
4,Alphabet City,244,Washington Heights South,13.439,16.117,15.976,38.3,47.9,32.0
4,Alphabet City,246,West Chelsea/Hudson Yards,3.999,5.58,5.576,13.4,16.7,11.2
4,Alphabet City,249,West Village,2.497,3.404,3.378,8.1,10.1,6.8
4,Alphabet City,261,World Trade Center,3.452,4.687,4.684,11.2,14.1,9.4
4,Alphabet City,262,Yorkville East,6.34,8.381,8.326,20.0,25.0,16.7
4,Alphabet City,263,Yorkville West,6.491,8.313,8.252,19.8,24.8,16.5
12,Battery Park,4,Alphabet City,3.997,5.59,5.581,13.4,16.7,11.2
12,Battery Park,12,Battery Park,0.0,0.0,0.0,0.0,0.0,0.0
12,Battery Park,13,Battery Park City,1.011,1.053,1.064,2.6,3.2,2.1
12,Battery Park,24,Bloomingdale,11.782,15.249,15.143,36.3,45.4,30.3
12,Battery Park,41,Central Harlem,12.499,16.717,16.613,39.9,49.8,33.2
12,Battery Park,42,Central Harlem North,14.278,19.157,19.038,45.7,57.1,38.1
12,Battery Park,43,Central Park,9.79,13.079,12.998,31.2,39.0,26.0
12,Battery Park,45,Chinatown,1.811,2.536,2.532,6.1,7.6,5.1
12,Battery Park,48,Clinton East,6.935,8.769,8.705,20.9,26.1,17.4
12,Battery Park,50,Clinton West,7.237,8.762,8.691,20.9,26.1,17.4
12,Battery Park,68,East Chelsea,5.221,6.378,6.328,15.2,19.0,12.7
12,Battery Park,74,East Harlem North,12.752,17.551,17.456,41.9,52.4,34.9
12,Battery Park,75,East Harlem South,11.325,15.598,15.515,37.2,46.5,31.0
12,Battery Park,79,East Village,3.711,5.257,5.239,12.6,15.7,10.5
12,Battery Park,87,Financial District North,0.805,1.114,1.113,2.7,3.3,2.2
12,Battery Park,88,Financial District South,0.345,0.39,0.391,0.9,1.2,0.8
12,Battery Park,90,Flatiron,4.642,5.946,5.905,14.2,17.7,11.8
12,Battery Park,100,Garment District,6.054,7.889,7.836,18.8,23.5,15.7
12,Battery Park,103,Governor's Island/Ellis Island/Liberty Island,2.902,3.979,3.976,9.5,11.9,8.0
12,Battery Park,107,Gramercy,4.609,6.439,6.41,15.4,19.2,12.8
12,Battery Park,113,Greenwich Village North,3.749,5.096,5.068,12.2,15.2,10.1
12,Battery Park,114,Greenwich Village South,3.211,4.364,4.34,10.4,13.0,8.7
12,Battery Park,116,Hamilton Heights,14.895,19.47,19.337,46.4,58.0,38.7
12,Battery Park,120,Highbridge Park,17.512,23.211,23.057,55.3,69.2,46.1
12,Battery Park,125,Hudson Sq,2.681,3.278,3.252,7.8,9.8,6.5
12,Battery Park,127,Inwood,19.854,26.289,26.113,62.7,78.3,52.2
12,Battery Park,128,Inwood Hill Park,20.329,26.559,26.372,63.3,79.1,52.7
12,Battery Park,137,Kips Bay,5.313,7.483,7.452,17.9,22.4,14.9
12,Battery Park,140,Lenox Hill East,8.639,12.112,12.057,28.9,36.2,24.1
12,Battery Park,141,Lenox Hill West,8.534,11.858,11.8,28.3,35.4,23.6
12,Battery Park,142,Lincoln Square East,8.36,10.739,10.663,25.6,32.0,21.3
12,Battery Park,143,Lincoln Square West,8.445,10.478,10.397,25.0,31.2,20.8
12,Battery Park,144,Little Italy/NoLiTa,2.54,3.577,3.562,8.5,10.7,7.1
12,Battery Park,148,Lower East Side,2.738,3.872,3.862,9.3,11.6,7.7
12,Battery Park,151,Manhattan Valley,11.285,14.575,14.473,34.7,43.4,28.9
12,Battery Park,152,Manhattanville,13.798,18.02,17.896,43.0,53.7,35.8
12,Battery Park,153,Marble Hill,21.166,28.146,27.959,67.1,83.9,55.9
12,Battery Park,158,Meatpacking/West Village West,3.607,4.121,4.084,9.8,12.3,8.2
12,Battery Park,161,Midtown Center,6.903,9.333,9.279,22.3,27.8,18.6
12,Battery Park,162,Midtown East,6.996,9.638,9.588,23.0,28.8,19.2
12,Battery Park,163,Midtown North,7.544,10.053,9.991,24.0,30.0,20.0
12,Battery Park,164,Midtown South,5.681,7.649,7.605,18.3,22.8,15.2
12,Battery Park,166,Morningside Heights,12.67,16.396,16.281,39.1,48.8,32.6
12,Battery Park,170,Murray Hill,5.879,8.124,8.083,19.4,24.2,16.2
12,Battery Park,186,Penn Station/Madison Sq West,5.423,7.022,6.974,16.7,20.9,13.9
12,Battery Park,194,Randalls Island,12.436,17.506,17.43,41.8,52.3,34.9
12,Battery Park,202,Roosevelt Island,8.578,12.121,12.073,29.0,36.2,24.1
12,Battery Park,209,Seaport,1.214,1.691,1.689,4.1,5.1,3.4
12,Battery Park,211,SoHo,2.61,3.517,3.497,8.4,10.5,7.0
12,Battery Park,224,Stuy Town/Peter Cooper Village,4.596,6.517,6.497,15.6,19.5,13.0
12,Battery Park,229,Sutton Place/Turtle Bay North,7.336,10.255,10.208,24.5,30.6,20.4
12,Battery Park,230,Times Sq/Theatre District,6.849,8.979,8.92,21.4,26.8,17.8
12,Battery Park,231,TriBeCa/Civic Center,1.77,2.299,2.284,5.5,6.9,4.6
12,Battery Park,232,Two Bridges/Seward Park,3.045,4.074,4.073,9.8,12.2,8.1
12,Battery Park,233,UN/Turtle Bay South,6.46,9.049,9.008,21.6,27.0,18.0
12,Battery Park,234,Union Sq,4.663,6.284,6.248,15.0,18.7,12.5
12,Battery Park,236,Upper East Side North,9.925,13.578,13.503,32.4,40.5,27.0
12,Battery Park,237,Upper East Side South,8.424,11.533,11.47,27.5,34.4,22.9
12,Battery Park,238,Upper West Side North,10.49,13.466,13.37,32.1,40.1,26.7
12,Battery Park,239,Upper West Side South,9.522,12.132,12.044,28.9,36.1,24.1
12,Battery Park,243,Washington Heights North,18.489,24.144,23.976,57.5,71.9,48.0
12,Battery Park,244,Washington Heights South,16.633,21.707,21.556,51.7,64.7,43.1
12,Battery Park,246,West Chelsea/Hudson Yards,5.677,6.572,6.514,15.6,19.5,13.0
12,Battery Park,249,West Village,3.672,4.589,4.555,10.9,13.7,9.1
12,Battery Park,261,World Trade Center,0.72,0.903,0.897,2.2,2.7,1.8
12,Battery Park,262,Yorkville East,9.986,13.971,13.906,33.4,41.7,27.8
12,Battery Park,263,Yorkville West,10.031,13.903,13.833,33.2,41.5,27.7
13,Battery Park City,4,Alphabet City,3.551,4.625,4.627,11.1,13.9,9.3
13,Battery Park City,12,Battery Park,1.011,1.053,1.064,2.6,3.2,2.1
13,Battery Park City,13,Battery Park City,0.0,0.0,0.0,0.0,0.0,0.0
13,Battery Park City,24,Bloomingdale,10.863,14.283,14.189,34.1,42.6,28.4
13,Battery Park City,41,Central Harlem,11.618,15.752,15.659,37.6,47.0,31.3
13,Battery Park City,42,Central Harlem North,13.4,18.192,18.084,43.4,54.3,36.2
13,Battery Park City,43,Central Park,8.91,12.114,12.044,28.9,36.1,24.1
13,Battery Park City,45,Chinatown,1.516,1.571,1.578,3.8,4.7,3.2
13,Battery Park City,48,Clinton East,6.0,7.804,7.751,18.6,23.3,15.5
13,Battery Park City,50,Clinton West,6.273,7.796,7.737,18.6,23.2,15.5
13,Battery Park City,68,East Chelsea,4.265,5.413,5.374,12.9,16.1,10.7
13,Battery Park City,74,East Harlem North,11.924,16.586,16.502,39.6,49.5,33.0
13,Battery Park City,75,East Harlem South,10.5,14.633,14.561,34.9,43.7,29.1
13,Battery Park City,79,East Village,3.079,4.292,4.285,10.3,12.9,8.6
13,Battery Park City,87,Financial District North,0.929,1.31,1.304,3.1,3.9,2.6
13,Battery Park City,88,Financial District South,1.038,1.351,1.356,3.3,4.1,2.7
13,Battery Park City,90,Flatiron,3.726,4.981,4.951,11.9,14.9,9.9
13,Battery Park City,100,Garment District,5.151,6.924,6.883,16.5,20.6,13.8
13,Battery Park City,103,Governor's Island/Ellis Island/Liberty Island,3.487,4.945,4.93,11.8,14.8,9.9
13,Battery Park City,107,Gramercy,3.86,5.474,5.456,13.1,16.4,10.9
13,Battery Park City,113,Greenwich Village North,2.93,4.131,4.114,9.9,12.3,8.2
13,Battery Park City,114,Greenwich Village South,2.403,3.399,3.386,8.1,10.2,6.8
13,Battery Park City,116,Hamilton Heights,13.984,18.505,18.383,44.1,55.1,36.8
13,Battery Park City,120,Highbridge Park,16.616,22.245,22.103,53.0,66.3,44.2
13,Battery Park City,125,Hudson Sq,1.741,2.312,2.298,5.5,6.9,4.6
13,Battery Park City,127,Inwood,18.956,25.324,25.159,60.4,75.5,50.3
13,Battery Park City,128,Inwood Hill Park,19.415,25.593,25.418,61.0,76.3,50.8
13,Battery Park City,137,Kips Bay,4.597,6.517,6.498,15.6,19.5,13.0
13,Battery Park City,140,Lenox Hill East,7.878,11.146,11.103,26.6,33.3,22.2
13,Battery Park City,141,Lenox Hill West,7.74,10.893,10.846,26.0,32.5,21.7
13,Battery Park City,142,Lincoln Square East,7.436,9.774,9.71,23.3,29.1,19.4
13,Battery Park City,143,Lincoln Square West,7.494,9.513,9.444,22.7,28.3,18.9
13,Battery Park City,144,Little Italy/NoLiTa,1.894,2.611,2.608,6.3,7.8,5.2
13,Battery Park City,148,Lower East Side,2.262,2.906,2.908,7.0,8.7,5.8
13,Battery Park City,151,Manhattan Valley,10.364,13.61,13.519,32.4,40.6,27.0
13,Battery Park City,152,Manhattanville,12.887,17.054,16.943,40.7,50.8,33.9
13,Battery Park City,153,Marble Hill,20.273,27.181,27.005,64.8,81.0,54.0
13,Battery Park City,158,Meatpacking/West Village West,2.623,3.156,3.13,7.5,9.4,6.3
13,Battery Park City,161,Midtown Center,6.049,8.367,8.325,20.0,25.0,16.6
13,Battery Park City,162,Midtown East,6.183,8.673,8.634,20.7,25.9,17.3
13,Battery Park City,163,Midtown North,6.665,9.088,9.037,21.7,27.1,18.1
13,Battery Park City,164,Midtown South,4.826,6.684,6.651,16.0,20.0,13.3
13,Battery Park City,166,Morningside Heights,11.75,15.43,15.327,36.8,46.0,30.7
13,Battery Park City,170,Murray Hill,5.08,7.158,7.129,17.1,21.4,14.3
13,Battery Park City,186,Penn Station/Madison Sq West,4.515,6.056,6.02,14.4,18.1,12.0
13,Battery Park City,194,Randalls Island,11.687,16.541,16.476,39.5,49.4,33.0
13,Battery Park City,202,Roosevelt Island,7.865,11.155,11.119,26.7,33.4,22.2
13,Battery Park City,209,Seaport,1.1,1.384,1.37,3.3,4.1,2.7
13,Battery Park City,211,SoHo,1.8,2.551,2.543,6.1,7.6,5.1
13,Battery Park City,224,Stuy Town/Peter Cooper Village,3.994,5.552,5.543,13.3,16.6,11.1
13,Battery Park City,229,Sutton Place/Turtle Bay North,6.568,9.29,9.254,22.2,27.8,18.5
13,Battery Park City,230,Times Sq/Theatre District,5.95,8.014,7.966,19.1,23.9,15.9
13,Battery Park City,231,TriBeCa/Civic Center,0.941,1.333,1.33,3.2,4.0,2.7
13,Battery Park City,232,Two Bridges/Seward Park,2.809,3.109,3.12,7.5,9.4,6.2
13,Battery Park City,233,UN/Turtle Bay South,5.706,8.083,8.054,19.3,24.2,16.1
13,Battery Park City,234,Union Sq,3.816,5.319,5.294,12.7,15.9,10.6
13,Battery Park City,236,Upper East Side North,9.087,12.613,12.549,30.1,37.6,25.1
13,Battery Park City,237,Upper East Side South,7.591,10.568,10.516,25.2,31.5,21.0
13,Battery Park City,238,Upper West Side North,9.564,12.501,12.416,29.8,37.2,24.8
13,Battery Park City,239,Upper West Side South,8.59,11.166,11.09,26.6,33.3,22.2
13,Battery Park City,243,Washington Heights North,17.576,23.179,23.022,55.3,69.1,46.0
13,Battery Park City,244,Washington Heights South,15.719,20.741,20.602,49.4,61.8,41.2
13,Battery Park City,246,West Chelsea/Hudson Yards,4.695,5.607,5.56,13.3,16.7,11.1
13,Battery Park City,249,West Village,2.74,3.624,3.601,8.6,10.8,7.2
13,Battery Park City,261,World Trade Center,0.413,0.582,0.581,1.4,1.7,1.2
13,Battery Park City,262,Yorkville East,9.212,13.006,12.952,31.1,38.9,25.9
13,Battery Park City,263,Yorkville West,9.226,12.938,12.879,30.9,38.6,25.8
24,Bloomingdale,4,Alphabet City,8.74,9.659,9.562,22.9,28.7,19.1
24,Bloomingdale,12,Battery Park,11.782,15.249,15.143,36.3,45.4,30.3
24,Bloomingdale,13,Battery Park City,10.863,14.283,14.189,34.1,42.6,28.4
24,Bloomingdale,24,Bloomingdale,0.0,0.0,0.0,0.0,0.0,0.0
24,Bloomingdale,41,Central Harlem,1.226,1.468,1.47,3.5,4.4,2.9
24,Bloomingdale,42,Central Harlem North,2.76,3.908,3.895,9.3,11.7,7.8
24,Bloomingdale,43,Central Park,2.165,2.17,2.183,5.2,6.5,4.4
24,Bloomingdale,45,Chinatown,10.316,12.713,12.611,30.3,37.8,25.2
24,Bloomingdale,48,Clinton East,4.867,6.48,6.438,15.5,19.3,12.9
24,Bloomingdale,50,Clinton West,4.692,6.487,6.452,15.5,19.4,12.9
24,Bloomingdale,68,East Chelsea,6.619,8.87,8.815,21.2,26.4,17.6
24,Bloomingdale,74,East Harlem North,2.376,2.48,2.435,5.8,7.3,4.9
24,Bloomingdale,75,East Harlem South,2.13,3.005,2.988,7.2,9.0,6.0
24,Bloomingdale,79,East Village,8.435,9.992,9.904,23.8,29.7,19.8
24,Bloomingdale,87,Financial District North,11.147,14.134,14.029,33.7,42.1,28.1
24,Bloomingdale,88,Financial District South,11.62,14.859,14.752,35.4,44.3,29.5
24,Bloomingdale,90,Flatiron,7.142,9.303,9.238,22.2,27.7,18.5
24,Bloomingdale,100,Garment District,5.73,7.36,7.306,17.5,21.9,14.6
24,Bloomingdale,103,Governor's Island/Ellis Island/Liberty Island,14.157,19.228,19.118,45.9,57.4,38.2
24,Bloomingdale,107,Gramercy,7.402,8.81,8.733,21.0,26.2,17.5
24,Bloomingdale,113,Greenwich Village North,8.081,10.153,10.075,24.2,30.2,20.1
24,Bloomingdale,114,Greenwich Village South,8.609,10.885,10.802,25.9,32.4,21.6
24,Bloomingdale,116,Hamilton Heights,3.127,4.221,4.194,10.1,12.6,8.4
24,Bloomingdale,120,Highbridge Park,5.788,7.962,7.914,19.0,23.7,15.8
24,Bloomingdale,125,Hudson Sq,9.122,11.971,11.89,28.5,35.7,23.8
24,Bloomingdale,127,Inwood,8.114,11.04,10.97,26.3,32.9,21.9
24,Bloomingdale,128,Inwood Hill Park,8.553,11.31,11.23,27.0,33.7,22.5
24,Bloomingdale,137,Kips Bay,6.896,7.766,7.691,18.5,23.1,15.4
24,Bloomingdale,140,Lenox Hill East,4.152,4.963,4.994,12.0,15.0,10.0
24,Bloomingdale,141,Lenox Hill West,3.92,4.384,4.421,10.6,13.3,8.8
24,Bloomingdale,142,Lincoln Square East,3.426,4.51,4.479,10.7,13.4,9.0
24,Bloomingdale,143,Lincoln Square West,3.441,4.771,4.745,11.4,14.2,9.5
24,Bloomingdale,144,Little Italy/NoLiTa,9.387,11.672,11.581,27.8,34.7,23.2
24,Bloomingdale,148,Lower East Side,9.467,11.377,11.28,27.1,33.8,22.6
24,Bloomingdale,151,Manhattan Valley,0.5,0.673,0.669,1.6,2.0,1.3
24,Bloomingdale,152,Manhattanville,2.033,2.771,2.754,6.6,8.3,5.5
24,Bloomingdale,153,Marble Hill,9.44,12.897,12.817,30.8,38.4,25.6
24,Bloomingdale,158,Meatpacking/West Village West,8.291,11.128,11.059,26.5,33.2,22.1
24,Bloomingdale,161,Midtown Center,4.988,5.916,5.864,14.1,17.6,11.7
24,Bloomingdale,162,Midtown East,5.062,5.611,5.555,13.3,16.7,11.1
24,Bloomingdale,163,Midtown North,4.293,5.196,5.151,12.4,15.5,10.3
24,Bloomingdale,164,Midtown South,6.158,7.599,7.538,18.1,22.6,15.1
24,Bloomingdale,166,Morningside Heights,0.889,1.147,1.138,2.7,3.4,2.3
24,Bloomingdale,170,Murray Hill,6.121,7.125,7.06,16.9,21.2,14.1
24,Bloomingdale,186,Penn Station/Madison Sq West,6.359,8.227,8.168,19.6,24.5,16.3
24,Bloomingdale,194,Randalls Island,3.659,4.693,4.64,11.1,13.9,9.3
24,Bloomingdale,202,Roosevelt Island,4.639,5.768,5.796,13.9,17.4,11.6
24,Bloomingdale,209,Seaport,10.808,13.557,13.454,32.3,40.4,26.9
24,Bloomingdale,211,SoHo,9.19,11.732,11.646,28.0,34.9,23.3
24,Bloomingdale,224,Stuy Town/Peter Cooper Village,7.846,8.732,8.645,20.7,25.9,17.3
24,Bloomingdale,229,Sutton Place/Turtle Bay North,5.024,5.05,5.109,12.3,15.3,10.2
24,Bloomingdale,230,Times Sq/Theatre District,4.941,6.27,6.222,14.9,18.7,12.4
24,Bloomingdale,231,TriBeCa/Civic Center,10.012,12.95,12.859,30.9,38.6,25.7
24,Bloomingdale,232,Two Bridges/Seward Park,9.8,11.175,11.069,26.6,33.2,22.1
24,Bloomingdale,233,UN/Turtle Bay South,5.796,6.2,6.134,14.7,18.4,12.3
24,Bloomingdale,234,Union Sq,7.162,8.964,8.895,21.3,26.7,17.8
24,Bloomingdale,236,Upper East Side North,2.496,3.11,3.125,7.5,9.4,6.2
24,Bloomingdale,237,Upper East Side South,3.704,3.716,3.733,9.0,11.2,7.5
24,Bloomingdale,238,Upper West Side North,1.307,1.783,1.772,4.3,5.3,3.5
24,Bloomingdale,239,Upper West Side South,2.287,3.117,3.098,7.4,9.3,6.2
24,Bloomingdale,243,Washington Heights North,6.714,8.895,8.833,21.2,26.5,17.7
24,Bloomingdale,244,Washington Heights South,4.858,6.458,6.413,15.4,19.2,12.8
24,Bloomingdale,246,West Chelsea/Hudson Yards,6.307,8.677,8.629,20.7,25.9,17.3
24,Bloomingdale,249,West Village,8.123,10.659,10.587,25.4,31.8,21.2
24,Bloomingdale,261,World Trade Center,11.063,14.345,14.246,34.2,42.7,28.5
24,Bloomingdale,262,Yorkville East,3.305,4.503,4.506,10.8,13.5,9.0
24,Bloomingdale,263,Yorkville West,2.852,3.806,3.813,9.2,11.4,7.6
41,Central Harlem,4,Alphabet City,9.207,11.127,11.032,26.5,33.1,22.1
41,Central Harlem,12,Battery Park,12.499,16.717,16.613,39.9,49.8,33.2
41,Central Harlem,13,Battery Park City,11.618,15.752,15.659,37.6,47.0,31.3
41,Central Harlem,24,Bloomingdale,1.226,1.468,1.47,3.5,4.4,2.9
41,Central Harlem,41,Central Harlem,0.0,0.0,0.0,0.0,0.0,0.0
41,Central Harlem,42,Central Harlem North,1.783,2.44,2.425,5.8,7.3,4.8
41,Central Harlem,43,Central Park,2.709,3.638,3.615,8.7,10.8,7.2
41,Central Harlem,45,Chinatown,10.943,14.181,14.081,33.8,42.2,28.2
41,Central Harlem,48,Clinton East,5.695,7.948,7.908,19.0,23.7,15.8
41,Central Harlem,50,Clinton West,5.621,7.955,7.922,19.0,23.8,15.8
41,Central Harlem,68,East Chelsea,7.443,10.339,10.285,24.7,30.9,20.6
41,Central Harlem,74,East Harlem North,1.228,1.537,1.518,3.6,4.6,3.0
41,Central Harlem,75,East Harlem South,1.658,2.061,2.071,5.0,6.2,4.1
41,Central Harlem,79,East Village,9.007,11.46,11.374,27.3,34.1,22.7
41,Central Harlem,87,Financial District North,11.824,15.603,15.5,37.2,46.5,31.0
41,Central Harlem,88,Financial District South,12.313,16.327,16.222,38.9,48.7,32.4
41,Central Harlem,90,Flatiron,7.897,10.771,10.708,25.7,32.1,21.4
41,Central Harlem,100,Garment District,6.471,8.828,8.776,21.1,26.3,17.6
41,Central Harlem,103,Governor's Island/Ellis Island/Liberty Island,14.987,20.696,20.588,49.4,61.8,41.2
41,Central Harlem,107,Gramercy,7.991,10.278,10.203,24.5,30.6,20.4
41,Central Harlem,113,Greenwich Village North,8.757,11.621,11.545,27.7,34.6,23.1
41,Central Harlem,114,Greenwich Village South,9.293,12.353,12.273,29.5,36.8,24.5
41,Central Harlem,116,Hamilton Heights,2.529,2.753,2.724,6.5,8.2,5.4
41,Central Harlem,120,Highbridge Park,5.027,6.493,6.444,15.5,19.3,12.9
41,Central Harlem,125,Hudson Sq,9.88,13.439,13.361,32.1,40.1,26.7
41,Central Harlem,127,Inwood,7.368,9.572,9.5,22.8,28.5,19.0
41,Central Harlem,128,Inwood Hill Park,7.89,9.841,9.759,23.4,29.3,19.5
41,Central Harlem,137,Kips Bay,7.408,9.235,9.161,22.0,27.5,18.3
41,Central Harlem,140,Lenox Hill East,4.324,4.605,4.555,10.9,13.7,9.1
41,Central Harlem,141,Lenox Hill West,4.211,4.859,4.813,11.6,14.4,9.6
41,Central Harlem,142,Lincoln Square East,4.259,5.978,5.949,14.3,17.8,11.9
41,Central Harlem,143,Lincoln Square West,4.398,6.239,6.215,14.9,18.6,12.4
41,Central Harlem,144,Little Italy/NoLiTa,10.035,13.141,13.051,31.3,39.2,26.1
41,Central Harlem,148,Lower East Side,10.055,12.845,12.75,30.6,38.3,25.5
41,Central Harlem,151,Manhattan Valley,1.59,2.142,2.139,5.1,6.4,4.3
41,Central Harlem,152,Manhattanville,1.529,1.726,1.74,4.2,5.2,3.5
41,Central Harlem,153,Marble Hill,8.671,11.429,11.346,27.2,34.0,22.7
41,Central Harlem,158,Meatpacking/West Village West,9.107,12.596,12.529,30.1,37.6,25.1
41,Central Harlem,161,Midtown Center,5.605,7.384,7.334,17.6,22.0,14.7
41,Central Harlem,162,Midtown East,5.582,7.079,7.025,16.9,21.1,14.0
41,Central Harlem,163,Midtown North,4.956,6.664,6.622,15.9,19.9,13.2
41,Central Harlem,164,Midtown South,6.82,9.068,9.008,21.6,27.0,18.0
41,Central Harlem,166,Morningside Heights,1.051,1.459,1.448,3.5,4.3,2.9
41,Central Harlem,170,Murray Hill,6.69,8.593,8.53,20.5,25.6,17.1
41,Central Harlem,186,Penn Station/Madison Sq West,7.107,9.695,9.639,23.1,28.9,19.3
41,Central Harlem,194,Randalls Island,2.696,3.749,3.723,8.9,11.2,7.4
41,Central Harlem,202,Roosevelt Island,4.714,4.824,4.879,11.7,14.6,9.8
41,Central Harlem,209,Seaport,11.466,15.026,14.924,35.8,44.8,29.8
41,Central Harlem,211,SoHo,9.89,13.2,13.116,31.5,39.3,26.2
41,Central Harlem,224,Stuy Town/Peter Cooper Village,8.331,10.2,10.115,24.3,30.3,20.2
41,Central Harlem,229,Sutton Place/Turtle Bay North,5.414,6.462,6.405,15.4,19.2,12.8
41,Central Harlem,230,Times Sq/Theatre District,5.67,7.738,7.693,18.5,23.1,15.4
41,Central Harlem,231,TriBeCa/Civic Center,10.735,14.418,14.329,34.4,43.0,28.7
41,Central Harlem,232,Two Bridges/Seward Park,10.305,12.643,12.539,30.1,37.6,25.1
41,Central Harlem,233,UN/Turtle Bay South,6.256,7.668,7.605,18.3,22.8,15.2
41,Central Harlem,234,Union Sq,7.838,10.433,10.365,24.9,31.1,20.7
41,Central Harlem,236,Upper East Side North,2.697,3.139,3.11,7.5,9.3,6.2
41,Central Harlem,237,Upper East Side South,4.147,5.184,5.143,12.3,15.4,10.3
41,Central Harlem,238,Upper West Side North,2.31,3.251,3.242,7.8,9.7,6.5
41,Central Harlem,239,Upper West Side South,3.231,4.585,4.569,11.0,13.7,9.1
41,Central Harlem,243,Washington Heights North,6.064,7.427,7.363,17.7,22.1,14.7
41,Central Harlem,244,Washington Heights South,4.234,4.99,4.943,11.9,14.8,9.9
41,Central Harlem,246,West Chelsea/Hudson Yards,7.205,10.145,10.099,24.2,30.3,20.2
41,Central Harlem,249,West Village,8.887,12.128,12.058,28.9,36.2,24.1
41,Central Harlem,261,World Trade Center,11.787,15.814,15.716,37.7,47.1,31.4
41,Central Harlem,262,Yorkville East,3.18,3.559,3.589,8.6,10.8,7.2
41,Central Harlem,263,Yorkville West,2.839,2.862,2.896,6.9,8.7,5.8
42,Central Harlem North,4,Alphabet City,10.931,13.567,13.457,32.3,40.4,26.9
42,Central Harlem North,12,Battery Park,14.278,19.157,19.038,45.7,57.1,38.1
42,Central Harlem North,13,Battery Park City,13.4,18.192,18.084,43.4,54.3,36.2
42,Central Harlem North,24,Bloomingdale,2.76,3.908,3.895,9.3,11.7,7.8
42,Central Harlem North,41,Central Harlem,1.783,2.44,2.425,5.8,7.3,4.8
42,Central Harlem North,42,Central Harlem North,0.0,0.0,0.0,0.0,0.0,0.0
42,Central Harlem North,43,Central Park,4.49,6.078,6.04,14.5,18.1,12.1
42,Central Harlem North,45,Chinatown,12.709,16.621,16.506,39.6,49.5,33.0
42,Central Harlem North,48,Clinton East,7.472,10.388,10.333,24.8,31.0,20.7
42,Central Harlem North,50,Clinton West,7.377,10.395,10.347,24.8,31.0,20.7
42,Central Harlem North,68,East Chelsea,9.223,12.779,12.71,30.5,38.1,25.4
42,Central Harlem North,74,East Harlem North,1.92,2.188,2.205,5.3,6.6,4.4
42,Central Harlem North,75,East Harlem South,3.165,3.559,3.523,8.5,10.6,7.0
42,Central Harlem North,79,East Village,10.763,13.9,13.799,33.1,41.4,27.6
42,Central Harlem North,87,Financial District North,13.598,18.042,17.925,43.0,53.8,35.8
42,Central Harlem North,88,Financial District South,14.089,18.767,18.647,44.8,55.9,37.3
42,Central Harlem North,90,Flatiron,9.68,13.211,13.133,31.5,39.4,26.3
42,Central Harlem North,100,Garment District,8.253,11.268,11.201,26.9,33.6,22.4
42,Central Harlem North,103,Governor's Island/Ellis Island/Liberty Island,16.769,23.136,23.013,55.2,69.0,46.0
42,Central Harlem North,107,Gramercy,9.753,12.718,12.628,30.3,37.9,25.3
42,Central Harlem North,113,Greenwich Village North,10.533,14.061,13.97,33.5,41.9,27.9
42,Central Harlem North,114,Greenwich Village South,11.07,14.793,14.698,35.3,44.1,29.4
42,Central Harlem North,116,Hamilton Heights,1.172,1.631,1.629,3.9,4.9,3.3
42,Central Harlem North,120,Highbridge Park,3.279,4.054,4.019,9.6,12.1,8.0
42,Central Harlem North,125,Hudson Sq,11.663,15.879,15.786,37.9,47.4,31.6
42,Central Harlem North,127,Inwood,5.61,7.132,7.075,17.0,21.2,14.1
42,Central Harlem North,128,Inwood Hill Park,6.167,7.402,7.334,17.6,22.0,14.7
42,Central Harlem North,137,Kips Bay,9.153,11.674,11.586,27.8,34.8,23.2
42,Central Harlem North,140,Lenox Hill East,5.978,7.045,6.98,16.8,20.9,14.0
42,Central Harlem North,141,Lenox Hill West,5.916,7.299,7.238,17.4,21.7,14.5
42,Central Harlem North,142,Lincoln Square East,6.032,8.418,8.374,20.1,25.1,16.7
42,Central Harlem North,143,Lincoln Square West,6.141,8.679,8.64,20.7,25.9,17.3
42,Central Harlem North,144,Little Italy/NoLiTa,11.806,15.58,15.476,37.1,46.4,31.0
42,Central Harlem North,148,Lower East Side,11.813,15.285,15.175,36.4,45.5,30.4
42,Central Harlem North,151,Manhattan Valley,3.229,4.582,4.564,11.0,13.7,9.1
42,Central Harlem North,152,Manhattanville,1.098,1.137,1.141,2.7,3.4,2.3
42,Central Harlem North,153,Marble Hill,6.902,8.989,8.921,21.4,26.8,17.8
42,Central Harlem North,158,Meatpacking/West Village West,10.889,15.036,14.954,35.9,44.9,29.9
42,Central Harlem North,161,Midtown Center,7.379,9.824,9.759,23.4,29.3,19.5
42,Central Harlem North,162,Midtown East,7.339,9.519,9.45,22.7,28.3,18.9
42,Central Harlem North,163,Midtown North,6.737,9.104,9.047,21.7,27.1,18.1
42,Central Harlem North,164,Midtown South,8.598,11.508,11.433,27.4,34.3,22.9
42,Central Harlem North,166,Morningside Heights,2.023,2.761,2.757,6.6,8.3,5.5
42,Central Harlem North,170,Murray Hill,8.453,11.033,10.955,26.3,32.9,21.9
42,Central Harlem North,186,Penn Station/Madison Sq West,8.89,12.135,12.063,29.0,36.2,24.1
42,Central Harlem North,194,Randalls Island,3.32,4.4,4.41,10.6,13.2,8.8
42,Central Harlem North,202,Roosevelt Island,6.306,7.036,6.965,16.7,20.9,13.9
42,Central Harlem North,209,Seaport,13.237,17.465,17.349,41.6,52.0,34.7
42,Central Harlem North,211,SoHo,11.668,15.64,15.541,37.3,46.6,31.1
42,Central Harlem North,224,Stuy Town/Peter Cooper Village,10.064,12.64,12.54,30.1,37.6,25.1
42,Central Harlem North,229,Sutton Place/Turtle Bay North,7.136,8.902,8.83,21.2,26.5,17.7
42,Central Harlem North,230,Times Sq/Theatre District,7.453,10.178,10.118,24.3,30.4,20.2
42,Central Harlem North,231,TriBeCa/Civic Center,12.515,16.858,16.754,40.2,50.3,33.5
42,Central Harlem North,232,Two Bridges/Seward Park,12.037,15.083,14.964,35.9,44.9,29.9
42,Central Harlem North,233,UN/Turtle Bay South,7.992,10.108,10.03,24.1,30.1,20.1
42,Central Harlem North,234,Union Sq,9.616,12.872,12.79,30.7,38.4,25.6
42,Central Harlem North,236,Upper East Side North,4.418,5.579,5.534,13.3,16.6,11.1
42,Central Harlem North,237,Upper East Side South,5.899,7.624,7.568,18.2,22.7,15.1
42,Central Harlem North,238,Upper West Side North,4.014,5.691,5.667,13.6,17.0,11.3
42,Central Harlem North,239,Upper West Side South,4.971,7.025,6.994,16.8,21.0,14.0
42,Central Harlem North,243,Washington Heights North,4.366,4.987,4.938,11.9,14.8,9.9
42,Central Harlem North,244,Washington Heights South,2.605,2.656,2.687,6.4,8.1,5.4
42,Central Harlem North,246,West Chelsea/Hudson Yards,8.973,12.585,12.524,30.1,37.6,25.0
42,Central Harlem North,249,West Village,10.67,14.567,14.483,34.8,43.4,29.0
42,Central Harlem North,261,World Trade Center,13.567,18.254,18.141,43.5,54.4,36.3
42,Central Harlem North,262,Yorkville East,4.725,5.186,5.132,12.3,15.4,10.3
42,Central Harlem North,263,Yorkville West,4.47,5.254,5.205,12.5,15.6,10.4
43,Central Park,4,Alphabet City,6.592,7.489,7.417,17.8,22.3,14.8
43,Central Park,12,Battery Park,9.79,13.079,12.998,31.2,39.0,26.0
43,Central Park,13,Battery Park City,8.91,12.114,12.044,28.9,36.1,24.1
43,Central Park,24,Bloomingdale,2.165,2.17,2.183,5.2,6.5,4.4
43,Central Park,41,Central Harlem,2.709,3.638,3.615,8.7,10.8,7.2
43,Central Park,42,Central Harlem North,4.49,6.078,6.04,14.5,18.1,12.1
43,Central Park,43,Central Park,0.0,0.0,0.0,0.0,0.0,0.0
43,Central Park,45,Chinatown,8.249,10.543,10.466,25.1,31.4,20.9
43,Central Park,48,Clinton East,3.041,4.31,4.293,10.3,12.9,8.6
43,Central Park,50,Clinton West,3.08,4.317,4.307,10.3,12.9,8.6
43,Central Park,68,East Chelsea,4.766,6.701,6.67,16.0,20.0,13.3
43,Central Park,74,East Harlem North,3.159,4.472,4.459,10.7,13.4,8.9
43,Central Park,75,East Harlem South,1.869,2.519,2.517,6.0,7.6,5.0
43,Central Park,79,East Village,6.33,7.822,7.759,18.6,23.3,15.5
43,Central Park,87,Financial District North,9.119,11.964,11.885,28.5,35.7,23.8
43,Central Park,88,Financial District South,9.606,12.689,12.607,30.3,37.8,25.2
43,Central Park,90,Flatiron,5.193,7.133,7.093,17.0,21.3,14.2
43,Central Park,100,Garment District,3.768,5.19,5.161,12.4,15.5,10.3
43,Central Park,103,Governor's Island/Ellis Island/Liberty Island,12.294,17.058,16.973,40.7,50.9,33.9
43,Central Park,107,Gramercy,5.305,6.64,6.588,15.8,19.8,13.2
43,Central Park,113,Greenwich Village North,6.05,7.983,7.93,19.0,23.8,15.9
43,Central Park,114,Greenwich Village South,6.585,8.715,8.657,20.8,26.0,17.3
43,Central Park,116,Hamilton Heights,5.15,6.391,6.339,15.2,19.0,12.7
43,Central Park,120,Highbridge Park,7.728,10.132,10.059,24.1,30.2,20.1
43,Central Park,125,Hudson Sq,7.174,9.801,9.746,23.4,29.2,19.5
43,Central Park,127,Inwood,10.07,13.21,13.115,31.5,39.3,26.2
43,Central Park,128,Inwood Hill Park,10.571,13.48,13.374,32.1,40.1,26.7
43,Central Park,137,Kips Bay,4.759,5.596,5.546,13.3,16.6,11.1
43,Central Park,140,Lenox Hill East,2.096,2.806,2.811,6.7,8.4,5.6
43,Central Park,141,Lenox Hill West,1.796,2.227,2.238,5.4,6.7,4.5
43,Central Park,142,Lincoln Square East,1.669,2.34,2.334,5.6,7.0,4.7
43,Central Park,143,Lincoln Square West,2.0,2.601,2.6,6.2,7.8,5.2
43,Central Park,144,Little Italy/NoLiTa,7.334,9.502,9.436,22.6,28.3,18.9
43,Central Park,148,Lower East Side,7.373,9.207,9.135,21.9,27.4,18.3
43,Central Park,151,Manhattan Valley,1.734,1.941,1.957,4.7,5.9,3.9
43,Central Park,152,Manhattanville,4.065,4.941,4.899,11.8,14.7,9.8
43,Central Park,153,Marble Hill,11.378,15.067,14.961,35.9,44.9,29.9
43,Central Park,158,Meatpacking/West Village West,6.419,8.958,8.914,21.4,26.7,17.8
43,Central Park,161,Midtown Center,2.902,3.746,3.719,8.9,11.2,7.4
43,Central Park,162,Midtown East,2.921,3.441,3.41,8.2,10.2,6.8
43,Central Park,163,Midtown North,2.247,3.026,3.007,7.2,9.0,6.0
43,Central Park,164,Midtown South,4.113,5.43,5.393,12.9,16.2,10.8
43,Central Park,166,Morningside Heights,3.013,3.317,3.283,7.9,9.8,6.6
43,Central Park,170,Murray Hill,4.009,4.955,4.915,11.8,14.7,9.8
43,Central Park,186,Penn Station/Madison Sq West,4.404,6.057,6.023,14.5,18.1,12.0
43,Central Park,194,Randalls Island,3.584,4.427,4.432,10.6,13.3,8.9
43,Central Park,202,Roosevelt Island,2.638,3.61,3.613,8.7,10.8,7.2
43,Central Park,209,Seaport,8.764,11.387,11.309,27.1,33.9,22.6
43,Central Park,211,SoHo,7.181,9.562,9.501,22.8,28.5,19.0
43,Central Park,224,Stuy Town/Peter Cooper Village,5.702,6.562,6.5,15.6,19.5,13.0
43,Central Park,229,Sutton Place/Turtle Bay North,2.86,2.893,2.926,7.0,8.8,5.9
43,Central Park,230,Times Sq/Theatre District,2.968,4.1,4.078,9.8,12.2,8.2
43,Central Park,231,TriBeCa/Civic Center,8.025,10.78,10.714,25.7,32.1,21.4
43,Central Park,232,Two Bridges/Seward Park,7.666,9.005,8.924,21.4,26.8,17.8
43,Central Park,233,UN/Turtle Bay South,3.64,4.03,3.99,9.6,12.0,8.0
43,Central Park,234,Union Sq,5.13,6.794,6.75,16.2,20.2,13.5
43,Central Park,236,Upper East Side North,0.756,0.953,0.942,2.3,2.8,1.9
43,Central Park,237,Upper East Side South,1.539,1.546,1.55,3.7,4.7,3.1
43,Central Park,238,Upper West Side North,1.204,1.661,1.661,4.0,5.0,3.3
43,Central Park,239,Upper West Side South,1.116,1.276,1.257,3.0,3.8,2.5
43,Central Park,243,Washington Heights North,8.735,11.065,10.978,26.3,32.9,22.0
43,Central Park,244,Washington Heights South,6.886,8.628,8.558,20.5,25.7,17.1
43,Central Park,246,West Chelsea/Hudson Yards,4.587,6.507,6.484,15.6,19.5,13.0
43,Central Park,249,West Village,6.183,8.489,8.442,20.3,25.3,16.9
43,Central Park,261,World Trade Center,9.078,12.176,12.101,29.0,36.3,24.2
43,Central Park,262,Yorkville East,1.764,2.345,2.323,5.6,7.0,4.6
43,Central Park,263,Yorkville West,1.295,1.648,1.63,3.9,4.9,3.3
45,Chinatown,4,Alphabet City,2.185,3.054,3.049,7.3,9.1,6.1
45,Chinatown,12,Battery Park,1.811,2.536,2.532,6.1,7.6,5.1
45,Chinatown,13,Battery Park City,1.516,1.571,1.578,3.8,4.7,3.2
45,Chinatown,24,Bloomingdale,10.316,12.713,12.611,30.3,37.8,25.2
45,Chinatown,41,Central Harlem,10.943,14.181,14.081,33.8,42.2,28.2
45,Chinatown,42,Central Harlem North,12.709,16.621,16.506,39.6,49.5,33.0
45,Chinatown,43,Central Park,8.249,10.543,10.466,25.1,31.4,20.9
45,Chinatown,45,Chinatown,0.0,0.0,0.0,0.0,0.0,0.0
45,Chinatown,48,Clinton East,5.574,6.233,6.173,14.8,18.5,12.3
45,Chinatown,50,Clinton West,5.977,6.226,6.159,14.8,18.5,12.3
45,Chinatown,68,East Chelsea,3.997,4.143,4.186,10.0,12.6,8.4
45,Chinatown,74,East Harlem North,11.109,15.015,14.925,35.8,44.8,29.8
45,Chinatown,75,East Harlem South,9.682,13.062,12.983,31.2,39.0,26.0
45,Chinatown,79,East Village,1.975,2.721,2.707,6.5,8.1,5.4
45,Chinatown,87,Financial District North,1.009,1.422,1.418,3.4,4.3,2.8
45,Chinatown,88,Financial District South,1.516,2.146,2.141,5.1,6.4,4.3
45,Chinatown,90,Flatiron,3.313,3.41,3.373,8.1,10.1,6.7
45,Chinatown,100,Garment District,4.627,5.353,5.305,12.7,15.9,10.6
45,Chinatown,103,Governor's Island/Ellis Island/Liberty Island,4.708,6.515,6.507,15.6,19.5,13.0
45,Chinatown,107,Gramercy,2.956,3.903,3.878,9.3,11.6,7.8
45,Chinatown,113,Greenwich Village North,2.258,2.56,2.536,6.1,7.6,5.1
45,Chinatown,114,Greenwich Village South,1.765,1.828,1.809,4.3,5.4,3.6
45,Chinatown,116,Hamilton Heights,13.393,16.934,16.805,40.3,50.4,33.6
45,Chinatown,120,Highbridge Park,15.97,20.675,20.525,49.3,61.6,41.1
45,Chinatown,125,Hudson Sq,1.727,2.329,2.332,5.6,7.0,4.7
45,Chinatown,127,Inwood,18.311,23.753,23.581,56.6,70.7,47.2
45,Chinatown,128,Inwood Hill Park,18.819,24.023,23.841,57.2,71.5,47.7
45,Chinatown,137,Kips Bay,3.606,4.947,4.92,11.8,14.8,9.8
45,Chinatown,140,Lenox Hill East,6.937,9.576,9.526,22.9,28.6,19.1
45,Chinatown,141,Lenox Hill West,6.87,9.322,9.268,22.2,27.8,18.5
45,Chinatown,142,Lincoln Square East,6.937,8.203,8.132,19.5,24.4,16.3
45,Chinatown,143,Lincoln Square West,7.108,7.942,7.866,18.9,23.6,15.7
45,Chinatown,144,Little Italy/NoLiTa,0.942,1.04,1.03,2.5,3.1,2.1
45,Chinatown,148,Lower East Side,0.945,1.336,1.331,3.2,4.0,2.7
45,Chinatown,151,Manhattan Valley,9.827,12.039,11.942,28.7,35.8,23.9
45,Chinatown,152,Manhattanville,12.302,15.484,15.365,36.9,46.1,30.7
45,Chinatown,153,Marble Hill,19.611,25.61,25.428,61.0,76.3,50.9
45,Chinatown,158,Meatpacking/West Village West,2.669,3.427,3.439,8.3,10.3,6.9
45,Chinatown,161,Midtown Center,5.347,6.797,6.747,16.2,20.2,13.5
45,Chinatown,162,Midtown East,5.373,7.102,7.056,16.9,21.2,14.1
45,Chinatown,163,Midtown North,6.027,7.517,7.46,17.9,22.4,14.9
45,Chinatown,164,Midtown South,4.158,5.113,5.073,12.2,15.2,10.1
45,Chinatown,166,Morningside Heights,11.201,13.86,13.749,33.0,41.2,27.5
45,Chinatown,170,Murray Hill,4.256,5.588,5.551,13.3,16.7,11.1
45,Chinatown,186,Penn Station/Madison Sq West,4.031,4.486,4.443,10.7,13.3,8.9
45,Chinatown,194,Randalls Island,10.708,14.97,14.898,35.8,44.7,29.8
45,Chinatown,202,Roosevelt Island,6.835,9.585,9.541,22.9,28.6,19.1
45,Chinatown,209,Seaport,0.599,0.845,0.843,2.0,2.5,1.7
45,Chinatown,211,SoHo,1.301,1.556,1.566,3.8,4.7,3.1
45,Chinatown,224,Stuy Town/Peter Cooper Village,2.818,3.981,3.966,9.5,11.9,7.9
45,Chinatown,229,Sutton Place/Turtle Bay North,5.652,7.719,7.677,18.4,23.0,15.4
45,Chinatown,230,Times Sq/Theatre District,5.39,6.443,6.389,15.3,19.2,12.8
45,Chinatown,231,TriBeCa/Civic Center,1.012,1.417,1.409,3.4,4.2,2.8
45,Chinatown,232,Two Bridges/Seward Park,1.303,1.538,1.542,3.7,4.6,3.1
45,Chinatown,233,UN/Turtle Bay South,4.773,6.513,6.477,15.5,19.4,13.0
45,Chinatown,234,Union Sq,3.163,3.748,3.716,8.9,11.1,7.4
45,Chinatown,236,Upper East Side North,8.31,11.042,10.972,26.3,32.9,21.9
45,Chinatown,237,Upper East Side South,6.814,8.997,8.939,21.5,26.8,17.9
45,Chinatown,238,Upper West Side North,9.052,10.93,10.839,26.0,32.5,21.7
45,Chinatown,239,Upper West Side South,8.11,9.596,9.513,22.8,28.5,19.0
45,Chinatown,243,Washington Heights North,16.983,21.608,21.444,51.5,64.3,42.9
45,Chinatown,244,Washington Heights South,15.132,19.171,19.025,45.7,57.1,38.0
45,Chinatown,246,West Chelsea/Hudson Yards,4.563,5.033,5.076,12.2,15.2,10.2
45,Chinatown,249,West Village,2.488,2.856,2.877,6.9,8.6,5.8
45,Chinatown,261,World Trade Center,1.31,1.633,1.635,3.9,4.9,3.3
45,Chinatown,262,Yorkville East,8.289,11.435,11.374,27.3,34.1,22.7
45,Chinatown,263,Yorkville West,8.371,11.367,11.301,27.1,33.9,22.6
48,Clinton East,4,Alphabet City,4.412,5.368,5.398,13.0,16.2,10.8
48,Clinton East,12,Battery Park,6.935,8.769,8.705,20.9,26.1,17.4
48,Clinton East,13,Battery Park City,6.0,7.804,7.751,18.6,23.3,15.5
48,Clinton East,24,Bloomingdale,4.867,6.48,6.438,15.5,19.3,12.9
48,Clinton East,41,Central Harlem,5.695,7.948,7.908,19.0,23.7,15.8
48,Clinton East,42,Central Harlem North,7.472,10.388,10.333,24.8,31.0,20.7
48,Clinton East,43,Central Park,3.041,4.31,4.293,10.3,12.9,8.6
48,Clinton East,45,Chinatown,5.574,6.233,6.173,14.8,18.5,12.3
48,Clinton East,48,Clinton East,0.0,0.0,0.0,0.0,0.0,0.0
48,Clinton East,50,Clinton West,0.629,0.892,0.889,2.1,2.7,1.8
48,Clinton East,68,East Chelsea,1.755,2.391,2.377,5.7,7.1,4.8
48,Clinton East,74,East Harlem North,6.19,8.782,8.751,21.0,26.3,17.5
48,Clinton East,75,East Harlem South,4.833,6.829,6.81,16.3,20.4,13.6
48,Clinton East,79,East Village,3.86,4.176,4.215,10.1,12.6,8.4
48,Clinton East,87,Financial District North,6.335,7.655,7.592,18.2,22.8,15.2
48,Clinton East,88,Financial District South,6.792,8.379,8.314,20.0,24.9,16.6
48,Clinton East,90,Flatiron,2.298,2.823,2.8,6.7,8.4,5.6
48,Clinton East,100,Garment District,0.975,1.06,1.07,2.6,3.2,2.1
48,Clinton East,103,Governor's Island/Ellis Island/Liberty Island,9.304,12.748,12.681,30.4,38.0,25.4
48,Clinton East,107,Gramercy,2.866,3.315,3.339,8.0,10.0,6.7
48,Clinton East,113,Greenwich Village North,3.317,3.673,3.637,8.7,10.9,7.3
48,Clinton East,114,Greenwich Village South,3.819,4.405,4.365,10.5,13.1,8.7
48,Clinton East,116,Hamilton Heights,7.993,10.701,10.632,25.5,31.9,21.3
48,Clinton East,120,Highbridge Park,10.641,14.441,14.352,34.4,43.1,28.7
48,Clinton East,125,Hudson Sq,4.262,5.491,5.453,13.1,16.4,10.9
48,Clinton East,127,Inwood,12.975,17.52,17.408,41.8,52.2,34.8
48,Clinton East,128,Inwood Hill Park,13.419,17.789,17.667,42.4,53.0,35.3
48,Clinton East,137,Kips Bay,2.672,3.556,3.563,8.6,10.7,7.1
48,Clinton East,140,Lenox Hill East,2.986,3.343,3.352,8.0,10.1,6.7
48,Clinton East,141,Lenox Hill West,2.603,3.089,3.095,7.4,9.3,6.2
48,Clinton East,142,Lincoln Square East,1.446,1.97,1.958,4.7,5.9,3.9
48,Clinton East,143,Lincoln Square West,1.534,1.709,1.692,4.1,5.1,3.4
48,Clinton East,144,Little Italy/NoLiTa,4.632,5.193,5.143,12.3,15.4,10.3
48,Clinton East,148,Lower East Side,4.811,4.897,4.843,11.6,14.5,9.7
48,Clinton East,151,Manhattan Valley,4.367,5.806,5.768,13.8,17.3,11.5
48,Clinton East,152,Manhattanville,6.896,9.25,9.191,22.1,27.6,18.4
48,Clinton East,153,Marble Hill,14.297,19.377,19.254,46.2,57.8,38.5
48,Clinton East,158,Meatpacking/West Village West,3.428,4.648,4.621,11.1,13.9,9.2
48,Clinton East,161,Midtown Center,1.128,1.501,1.488,3.6,4.5,3.0
48,Clinton East,162,Midtown East,1.601,2.104,2.084,5.0,6.3,4.2
48,Clinton East,163,Midtown North,1.064,1.284,1.286,3.1,3.9,2.6
48,Clinton East,164,Midtown South,1.57,1.917,1.927,4.6,5.8,3.9
48,Clinton East,166,Morningside Heights,5.753,7.627,7.576,18.2,22.7,15.2
48,Clinton East,170,Murray Hill,1.875,2.575,2.576,6.2,7.7,5.2
48,Clinton East,186,Penn Station/Madison Sq West,1.543,1.747,1.731,4.2,5.2,3.5
48,Clinton East,194,Randalls Island,6.366,8.737,8.725,20.9,26.2,17.4
48,Clinton East,202,Roosevelt Island,3.369,3.43,3.368,8.1,10.1,6.7
48,Clinton East,209,Seaport,6.02,7.078,7.016,16.8,21.0,14.0
48,Clinton East,211,SoHo,4.373,5.252,5.209,12.5,15.6,10.4
48,Clinton East,224,Stuy Town/Peter Cooper Village,3.56,4.504,4.523,10.9,13.6,9.0
48,Clinton East,229,Sutton Place/Turtle Bay North,2.174,2.713,2.681,6.4,8.0,5.4
48,Clinton East,230,Times Sq/Theatre District,0.548,0.75,0.745,1.8,2.2,1.5
48,Clinton East,231,TriBeCa/Civic Center,5.169,6.47,6.421,15.4,19.3,12.8
48,Clinton East,232,Two Bridges/Seward Park,5.308,5.854,5.905,14.2,17.7,11.8
48,Clinton East,233,UN/Turtle Bay South,2.136,3.019,3.004,7.2,9.0,6.0
48,Clinton East,234,Union Sq,2.434,2.485,2.457,5.9,7.4,4.9
48,Clinton East,236,Upper East Side North,3.429,4.809,4.798,11.5,14.4,9.6
48,Clinton East,237,Upper East Side South,2.163,2.764,2.765,6.6,8.3,5.5
48,Clinton East,238,Upper West Side North,3.565,4.697,4.665,11.2,14.0,9.3
48,Clinton East,239,Upper West Side South,2.59,3.363,3.339,8.0,10.0,6.7
48,Clinton East,243,Washington Heights North,11.58,15.375,15.271,36.6,45.8,30.5
48,Clinton East,244,Washington Heights South,9.725,12.937,12.851,30.8,38.6,25.7
48,Clinton East,246,West Chelsea/Hudson Yards,1.555,2.197,2.191,5.3,6.6,4.4
48,Clinton East,249,West Village,3.265,4.18,4.15,10.0,12.4,8.3
48,Clinton East,261,World Trade Center,6.215,7.866,7.808,18.7,23.4,15.6
48,Clinton East,262,Yorkville East,3.961,5.202,5.201,12.5,15.6,10.4
48,Clinton East,263,Yorkville West,3.757,5.134,5.127,12.3,15.4,10.3
50,Clinton West,4,Alphabet City,4.961,6.26,6.287,15.1,18.9,12.6
50,Clinton West,12,Battery Park,7.237,8.762,8.691,20.9,26.1,17.4
50,Clinton West,13,Battery Park City,6.273,7.796,7.737,18.6,23.2,15.5
50,Clinton West,24,Bloomingdale,4.692,6.487,6.452,15.5,19.4,12.9
50,Clinton West,41,Central Harlem,5.621,7.955,7.922,19.0,23.8,15.8
50,Clinton West,42,Central Harlem North,7.377,10.395,10.347,24.8,31.0,20.7
50,Clinton West,43,Central Park,3.08,4.317,4.307,10.3,12.9,8.6
50,Clinton West,45,Chinatown,5.977,6.226,6.159,14.8,18.5,12.3
50,Clinton West,48,Clinton East,0.629,0.892,0.889,2.1,2.7,1.8
50,Clinton West,50,Clinton West,0.0,0.0,0.0,0.0,0.0,0.0
50,Clinton West,68,East Chelsea,2.019,2.383,2.363,5.7,7.1,4.7
50,Clinton West,74,East Harlem North,6.232,8.79,8.766,21.0,26.3,17.5
50,Clinton West,75,East Harlem South,4.935,6.837,6.824,16.4,20.5,13.6
50,Clinton West,79,East Village,4.358,5.068,5.104,12.2,15.3,10.2
50,Clinton West,87,Financial District North,6.682,7.647,7.578,18.2,22.7,15.2
50,Clinton West,88,Financial District South,7.118,8.372,8.3,19.9,24.9,16.6
50,Clinton West,90,Flatiron,2.665,2.816,2.786,6.7,8.4,5.6
50,Clinton West,100,Garment District,1.511,1.952,1.959,4.7,5.9,3.9
50,Clinton West,103,Governor's Island/Ellis Island/Liberty Island,9.481,12.741,12.666,30.4,38.0,25.3
50,Clinton West,107,Gramercy,3.398,4.207,4.228,10.1,12.7,8.5
50,Clinton West,113,Greenwich Village North,3.738,3.807,3.848,9.2,11.5,7.7
50,Clinton West,114,Greenwich Village South,4.213,4.397,4.35,10.4,13.1,8.7
50,Clinton West,116,Hamilton Heights,7.812,10.708,10.646,25.6,31.9,21.3
50,Clinton West,120,Highbridge Park,10.479,14.449,14.366,34.5,43.1,28.7
50,Clinton West,125,Hudson Sq,4.557,5.484,5.439,13.1,16.3,10.9
50,Clinton West,127,Inwood,12.8,17.527,17.422,41.8,52.3,34.8
50,Clinton West,128,Inwood Hill Park,13.213,17.797,17.681,42.4,53.0,35.4
50,Clinton West,137,Kips Bay,3.269,4.448,4.452,10.7,13.4,8.9
50,Clinton West,140,Lenox Hill East,3.412,3.517,3.454,8.3,10.4,6.9
50,Clinton West,141,Lenox Hill West,2.998,3.096,3.109,7.5,9.3,6.2
50,Clinton West,142,Lincoln Square East,1.412,1.977,1.973,4.7,5.9,3.9
50,Clinton West,143,Lincoln Square West,1.252,1.716,1.707,4.1,5.1,3.4
50,Clinton West,144,Little Italy/NoLiTa,5.038,5.185,5.129,12.3,15.4,10.3
50,Clinton West,148,Lower East Side,5.265,5.611,5.665,13.6,17.0,11.3
50,Clinton West,151,Manhattan Valley,4.194,5.814,5.783,13.9,17.3,11.6
50,Clinton West,152,Manhattanville,6.722,9.258,9.206,22.1,27.6,18.4
50,Clinton West,153,Marble Hill,14.128,19.384,19.268,46.2,57.8,38.5
50,Clinton West,158,Meatpacking/West Village West,3.657,4.641,4.607,11.1,13.8,9.2
50,Clinton West,161,Midtown Center,1.732,2.393,2.377,5.7,7.1,4.8
50,Clinton West,162,Midtown East,2.196,2.996,2.973,7.1,8.9,5.9
50,Clinton West,163,Midtown North,1.497,1.695,1.669,4.0,5.0,3.3
50,Clinton West,164,Midtown South,2.135,2.809,2.816,6.8,8.4,5.6
50,Clinton West,166,Morningside Heights,5.565,7.634,7.59,18.2,22.8,15.2
50,Clinton West,170,Murray Hill,2.488,3.467,3.465,8.3,10.4,6.9
50,Clinton West,186,Penn Station/Madison Sq West,1.983,2.199,2.217,5.3,6.7,4.4
50,Clinton West,194,Randalls Island,6.559,8.745,8.739,21.0,26.2,17.5
50,Clinton West,202,Roosevelt Island,3.845,4.322,4.256,10.2,12.8,8.5
50,Clinton West,209,Seaport,6.389,7.07,7.002,16.8,21.0,14.0
50,Clinton West,211,SoHo,4.734,5.245,5.194,12.5,15.6,10.4
50,Clinton West,224,Stuy Town/Peter Cooper Village,4.13,5.396,5.412,13.0,16.2,10.8
50,Clinton West,229,Sutton Place/Turtle Bay North,2.744,3.605,3.57,8.6,10.7,7.1
50,Clinton West,230,Times Sq/Theatre District,1.167,1.642,1.634,3.9,4.9,3.3
50,Clinton West,231,TriBeCa/Civic Center,5.489,6.463,6.407,15.4,19.2,12.8
50,Clinton West,232,Two Bridges/Seward Park,5.81,6.746,6.794,16.3,20.4,13.6
50,Clinton West,233,UN/Turtle Bay South,2.763,3.911,3.893,9.3,11.7,7.8
50,Clinton West,234,Union Sq,2.903,3.273,3.298,7.9,9.9,6.6
50,Clinton West,236,Upper East Side North,3.584,4.817,4.813,11.6,14.4,9.6
50,Clinton West,237,Upper East Side South,2.505,2.771,2.78,6.7,8.3,5.6
50,Clinton West,238,Upper West Side North,3.387,4.704,4.68,11.2,14.0,9.4
50,Clinton West,239,Upper West Side South,2.411,3.37,3.354,8.0,10.1,6.7
50,Clinton West,243,Washington Heights North,11.378,15.382,15.285,36.7,45.9,30.6
50,Clinton West,244,Washington Heights South,9.529,12.945,12.865,30.9,38.6,25.7
50,Clinton West,246,West Chelsea/Hudson Yards,1.62,2.19,2.177,5.2,6.5,4.4
50,Clinton West,249,West Village,3.576,4.172,4.135,9.9,12.4,8.3
50,Clinton West,261,World Trade Center,6.518,7.858,7.794,18.7,23.4,15.6
50,Clinton West,262,Yorkville East,4.244,5.209,5.215,12.5,15.6,10.4
50,Clinton West,263,Yorkville West,3.977,5.141,5.142,12.3,15.4,10.3
68,East Chelsea,4,Alphabet City,3.357,4.69,4.686,11.2,14.1,9.4
68,East Chelsea,12,Battery Park,5.221,6.378,6.328,15.2,19.0,12.7
68,East Chelsea,13,Battery Park City,4.265,5.413,5.374,12.9,16.1,10.7
68,East Chelsea,24,Bloomingdale,6.619,8.87,8.815,21.2,26.4,17.6
68,East Chelsea,41,Central Harlem,7.443,10.339,10.285,24.7,30.9,20.6
68,East Chelsea,42,Central Harlem North,9.223,12.779,12.71,30.5,38.1,25.4
68,East Chelsea,43,Central Park,4.766,6.701,6.67,16.0,20.0,13.3
68,East Chelsea,45,Chinatown,3.997,4.143,4.186,10.0,12.6,8.4
68,East Chelsea,48,Clinton East,1.755,2.391,2.377,5.7,7.1,4.8
68,East Chelsea,50,Clinton West,2.019,2.383,2.363,5.7,7.1,4.7
68,East Chelsea,68,East Chelsea,0.0,0.0,0.0,0.0,0.0,0.0
68,East Chelsea,74,East Harlem North,7.887,11.173,11.128,26.7,33.4,22.3
68,East Chelsea,75,East Harlem South,6.499,9.22,9.187,22.0,27.6,18.4
68,East Chelsea,79,East Village,2.595,3.498,3.503,8.4,10.5,7.0
68,East Chelsea,87,Financial District North,4.666,5.264,5.215,12.5,15.6,10.4
68,East Chelsea,88,Financial District South,5.1,5.989,5.937,14.2,17.8,11.9
68,East Chelsea,90,Flatiron,0.727,0.933,0.936,2.2,2.8,1.9
68,East Chelsea,100,Garment District,1.097,1.511,1.509,3.6,4.5,3.0
68,East Chelsea,103,Governor's Island/Ellis Island/Liberty Island,7.55,10.358,10.304,24.7,30.9,20.6
68,East Chelsea,107,Gramercy,1.859,2.637,2.627,6.3,7.9,5.3
68,East Chelsea,113,Greenwich Village North,1.823,2.236,2.248,5.4,6.7,4.5
68,East Chelsea,114,Greenwich Village South,2.241,2.445,2.467,5.9,7.4,4.9
68,East Chelsea,116,Hamilton Heights,9.746,13.092,13.009,31.2,39.0,26.0
68,East Chelsea,120,Highbridge Park,12.396,16.832,16.729,40.1,50.2,33.5
68,East Chelsea,125,Hudson Sq,2.54,3.101,3.076,7.4,9.2,6.2
68,East Chelsea,127,Inwood,14.729,19.911,19.785,47.5,59.4,39.6
68,East Chelsea,128,Inwood Hill Park,15.169,20.18,20.044,48.1,60.1,40.1
68,East Chelsea,137,Kips Bay,2.168,2.878,2.852,6.8,8.6,5.7
68,East Chelsea,140,Lenox Hill East,4.259,5.733,5.729,13.8,17.2,11.5
68,East Chelsea,141,Lenox Hill West,3.975,5.48,5.472,13.1,16.4,10.9
68,East Chelsea,142,Lincoln Square East,3.201,4.361,4.336,10.4,13.0,8.7
68,East Chelsea,143,Lincoln Square West,3.229,4.1,4.07,9.8,12.2,8.1
68,East Chelsea,144,Little Italy/NoLiTa,3.069,3.312,3.342,8.0,10.0,6.7
68,East Chelsea,148,Lower East Side,3.362,4.04,4.064,9.8,12.2,8.1
68,East Chelsea,151,Manhattan Valley,6.119,8.197,8.145,19.5,24.4,16.3
68,East Chelsea,152,Manhattanville,8.65,11.641,11.569,27.8,34.7,23.1
68,East Chelsea,153,Marble Hill,16.052,21.768,21.631,51.9,64.9,43.3
68,East Chelsea,158,Meatpacking/West Village West,1.673,2.257,2.244,5.4,6.7,4.5
68,East Chelsea,161,Midtown Center,2.158,2.954,2.951,7.1,8.9,5.9
68,East Chelsea,162,Midtown East,2.502,3.26,3.26,7.8,9.8,6.5
68,East Chelsea,163,Midtown North,2.592,3.675,3.663,8.8,11.0,7.3
68,East Chelsea,164,Midtown South,1.247,1.271,1.277,3.1,3.8,2.6
68,East Chelsea,166,Morningside Heights,7.504,10.017,9.953,23.9,29.9,19.9
68,East Chelsea,170,Murray Hill,1.811,1.897,1.865,4.5,5.6,3.7
68,East Chelsea,186,Penn Station/Madison Sq West,0.632,0.644,0.646,1.6,1.9,1.3
68,East Chelsea,194,Randalls Island,7.924,11.128,11.102,26.6,33.3,22.2
68,East Chelsea,202,Roosevelt Island,4.477,5.742,5.745,13.8,17.2,11.5
68,East Chelsea,209,Seaport,4.382,4.687,4.639,11.1,13.9,9.3
68,East Chelsea,211,SoHo,2.729,2.862,2.831,6.8,8.5,5.7
68,East Chelsea,224,Stuy Town/Peter Cooper Village,2.698,3.826,3.811,9.1,11.4,7.6
68,East Chelsea,229,Sutton Place/Turtle Bay North,3.078,3.877,3.88,9.3,11.6,7.8
68,East Chelsea,230,Times Sq/Theatre District,1.834,2.601,2.592,6.2,7.8,5.2
68,East Chelsea,231,TriBeCa/Civic Center,3.47,4.079,4.044,9.7,12.1,8.1
68,East Chelsea,232,Two Bridges/Seward Park,4.005,5.176,5.193,12.5,15.6,10.4
68,East Chelsea,233,UN/Turtle Bay South,2.495,2.67,2.68,6.4,8.0,5.4
68,East Chelsea,234,Union Sq,1.202,1.702,1.698,4.1,5.1,3.4
68,East Chelsea,236,Upper East Side North,5.075,7.2,7.175,17.2,21.5,14.4
68,East Chelsea,237,Upper East Side South,3.661,5.155,5.142,12.3,15.4,10.3
68,East Chelsea,238,Upper West Side North,5.314,7.088,7.042,16.9,21.1,14.1
68,East Chelsea,239,Upper West Side South,4.336,5.754,5.716,13.7,17.1,11.4
68,East Chelsea,243,Washington Heights North,13.331,17.766,17.648,42.4,52.9,35.3
68,East Chelsea,244,Washington Heights South,11.476,15.328,15.228,36.5,45.7,30.5
68,East Chelsea,246,West Chelsea/Hudson Yards,0.643,0.89,0.89,2.1,2.7,1.8
68,East Chelsea,249,West Village,1.558,1.789,1.773,4.3,5.3,3.5
68,East Chelsea,261,World Trade Center,4.501,5.475,5.431,13.0,16.3,10.9
68,East Chelsea,262,Yorkville East,5.447,7.593,7.578,18.2,22.7,15.2
68,East Chelsea,263,Yorkville West,5.329,7.525,7.505,18.0,22.5,15.0
74,East Harlem North,4,Alphabet City,9.225,11.961,11.876,28.5,35.6,23.8
74,East Harlem North,12,Battery Park,12.752,17.551,17.456,41.9,52.4,34.9
74,East Harlem North,13,Battery Park City,11.924,16.586,16.502,39.6,49.5,33.0
74,East Harlem North,24,Bloomingdale,2.376,2.48,2.435,5.8,7.3,4.9
74,East Harlem North,41,Central Harlem,1.228,1.537,1.518,3.6,4.6,3.0
74,East Harlem North,42,Central Harlem North,1.92,2.188,2.205,5.3,6.6,4.4
74,East Harlem North,43,Central Park,3.159,4.472,4.459,10.7,13.4,8.9
74,East Harlem North,45,Chinatown,11.109,15.015,14.925,35.8,44.8,29.8
74,East Harlem North,48,Clinton East,6.19,8.782,8.751,21.0,26.3,17.5
74,East Harlem North,50,Clinton West,6.232,8.79,8.766,21.0,26.3,17.5
74,East Harlem North,68,East Chelsea,7.887,11.173,11.128,26.7,33.4,22.3
74,East Harlem North,74,East Harlem North,0.0,0.0,0.0,0.0,0.0,0.0
74,East Harlem North,75,East Harlem South,1.428,1.953,1.941,4.7,5.8,3.9
74,East Harlem North,79,East Village,9.14,12.294,12.218,29.3,36.7,24.4
74,East Harlem North,87,Financial District North,12.037,16.437,16.343,39.2,49.0,32.7
74,East Harlem North,88,Financial District South,12.538,17.161,17.065,41.0,51.2,34.1
74,East Harlem North,90,Flatiron,8.253,11.605,11.552,27.7,34.7,23.1
74,East Harlem North,100,Garment District,6.846,9.662,9.62,23.1,28.9,19.2
74,East Harlem North,103,Governor's Island/Ellis Island/Liberty Island,15.359,21.53,21.432,51.4,64.3,42.9
74,East Harlem North,107,Gramercy,8.161,11.112,11.047,26.5,33.1,22.1
74,East Harlem North,113,Greenwich Village North,9.008,12.455,12.388,29.7,37.2,24.8
74,East Harlem North,114,Greenwich Village South,9.545,13.187,13.116,31.5,39.3,26.2
74,East Harlem North,116,Hamilton Heights,3.021,3.819,3.835,9.2,11.5,7.7
74,East Harlem North,120,Highbridge Park,5.089,5.659,5.601,13.4,16.8,11.2
74,East Harlem North,125,Hudson Sq,10.209,14.273,14.204,34.1,42.6,28.4
74,East Harlem North,127,Inwood,7.367,8.738,8.656,20.8,26.0,17.3
74,East Harlem North,128,Inwood Hill Park,7.983,9.007,8.916,21.4,26.7,17.8
74,East Harlem North,137,Kips Bay,7.51,10.069,10.005,24.0,30.0,20.0
74,East Harlem North,140,Lenox Hill East,4.226,5.439,5.399,13.0,16.2,10.8
74,East Harlem North,141,Lenox Hill West,4.24,5.693,5.657,13.6,17.0,11.3
74,East Harlem North,142,Lincoln Square East,4.823,6.812,6.793,16.3,20.4,13.6
74,East Harlem North,143,Lincoln Square West,5.085,7.073,7.059,16.9,21.2,14.1
74,East Harlem North,144,Little Italy/NoLiTa,10.236,13.975,13.894,33.3,41.7,27.8
74,East Harlem North,148,Lower East Side,10.19,13.679,13.594,32.6,40.8,27.2
74,East Harlem North,151,Manhattan Valley,2.625,2.976,2.983,7.2,8.9,6.0
74,East Harlem North,152,Manhattanville,2.325,3.263,3.258,7.8,9.8,6.5
74,East Harlem North,153,Marble Hill,8.612,10.595,10.503,25.2,31.5,21.0
74,East Harlem North,158,Meatpacking/West Village West,9.514,13.43,13.372,32.1,40.1,26.7
74,East Harlem North,161,Midtown Center,5.878,8.219,8.178,19.6,24.5,16.4
74,East Harlem North,162,Midtown East,5.756,7.913,7.869,18.9,23.6,15.7
74,East Harlem North,163,Midtown North,5.309,7.498,7.465,17.9,22.4,14.9
74,East Harlem North,164,Midtown South,7.1,9.902,9.852,23.6,29.6,19.7
74,East Harlem North,166,Morningside Heights,2.257,2.995,2.966,7.1,8.9,5.9
74,East Harlem North,170,Murray Hill,6.875,9.427,9.374,22.5,28.1,18.7
74,East Harlem North,186,Penn Station/Madison Sq West,7.473,10.529,10.482,25.2,31.4,21.0
74,East Harlem North,194,Randalls Island,1.56,2.212,2.205,5.3,6.6,4.4
74,East Harlem North,202,Roosevelt Island,4.489,5.43,5.383,12.9,16.2,10.8
74,East Harlem North,209,Seaport,11.66,15.86,15.767,37.8,47.3,31.5
74,East Harlem North,211,SoHo,10.15,14.035,13.96,33.5,41.9,27.9
74,East Harlem North,224,Stuy Town/Peter Cooper Village,8.384,11.034,10.959,26.3,32.9,21.9
74,East Harlem North,229,Sutton Place/Turtle Bay North,5.465,7.296,7.248,17.4,21.7,14.5
74,East Harlem North,230,Times Sq/Theatre District,6.06,8.572,8.536,20.5,25.6,17.1
74,East Harlem North,231,TriBeCa/Civic Center,11.011,15.252,15.173,36.4,45.5,30.3
74,East Harlem North,232,Two Bridges/Seward Park,10.345,13.477,13.383,32.1,40.1,26.8
74,East Harlem North,233,UN/Turtle Bay South,6.341,8.503,8.448,20.3,25.3,16.9
74,East Harlem North,234,Union Sq,8.108,11.267,11.208,26.9,33.6,22.4
74,East Harlem North,236,Upper East Side North,2.838,3.973,3.953,9.5,11.9,7.9
74,East Harlem North,237,Upper East Side South,4.333,6.018,5.986,14.4,18.0,12.0
74,East Harlem North,238,Upper West Side North,3.191,4.085,4.086,9.8,12.3,8.2
74,East Harlem North,239,Upper West Side South,3.974,5.419,5.412,13.0,16.2,10.8
74,East Harlem North,243,Washington Heights North,6.224,6.593,6.519,15.6,19.6,13.0
74,East Harlem North,244,Washington Heights South,4.515,4.844,4.892,11.7,14.7,9.8
74,East Harlem North,246,West Chelsea/Hudson Yards,7.741,10.979,10.943,26.3,32.8,21.9
74,East Harlem North,249,West Village,9.236,12.962,12.901,31.0,38.7,25.8
74,East Harlem North,261,World Trade Center,12.053,16.648,16.56,39.7,49.7,33.1
74,East Harlem North,262,Yorkville East,2.907,3.58,3.55,8.5,10.7,7.1
74,East Harlem North,263,Yorkville West,2.742,3.648,3.624,8.7,10.9,7.2
75,East Harlem South,4,Alphabet City,7.816,10.008,9.935,23.8,29.8,19.9
75,East Harlem South,12,Battery Park,11.325,15.598,15.515,37.2,46.5,31.0
75,East Harlem South,13,Battery Park City,10.5,14.633,14.561,34.9,43.7,29.1
75,East Harlem South,24,Bloomingdale,2.13,3.005,2.988,7.2,9.0,6.0
75,East Harlem South,41,Central Harlem,1.658,2.061,2.071,5.0,6.2,4.1
75,East Harlem South,42,Central Harlem North,3.165,3.559,3.523,8.5,10.6,7.0
75,East Harlem South,43,Central Park,1.869,2.519,2.517,6.0,7.6,5.0
75,East Harlem South,45,Chinatown,9.682,13.062,12.983,31.2,39.0,26.0
75,East Harlem South,48,Clinton East,4.833,6.829,6.81,16.3,20.4,13.6
75,East Harlem South,50,Clinton West,4.935,6.837,6.824,16.4,20.5,13.6
75,East Harlem South,68,East Chelsea,6.499,9.22,9.187,22.0,27.6,18.4
75,East Harlem South,74,East Harlem North,1.428,1.953,1.941,4.7,5.8,3.9
75,East Harlem South,75,East Harlem South,0.0,0.0,0.0,0.0,0.0,0.0
75,East Harlem South,79,East Village,7.715,10.341,10.276,24.7,30.8,20.6
75,East Harlem South,87,Financial District North,10.61,14.484,14.402,34.6,43.2,28.8
75,East Harlem South,88,Financial District South,11.111,15.208,15.124,36.3,45.4,30.2
75,East Harlem South,90,Flatiron,6.841,9.652,9.61,23.1,28.8,19.2
75,East Harlem South,100,Garment District,5.443,7.709,7.679,18.4,23.0,15.4
75,East Harlem South,103,Governor's Island/Ellis Island/Liberty Island,13.942,19.577,19.491,46.8,58.5,39.0
75,East Harlem South,107,Gramercy,6.734,9.159,9.105,21.9,27.3,18.2
75,East Harlem South,113,Greenwich Village North,7.582,10.502,10.447,25.1,31.3,20.9
75,East Harlem South,114,Greenwich Village South,8.118,11.234,11.175,26.8,33.5,22.3
75,East Harlem South,116,Hamilton Heights,4.116,4.343,4.388,10.5,13.2,8.8
75,East Harlem South,120,Highbridge Park,6.427,7.612,7.542,18.1,22.6,15.1
75,East Harlem South,125,Hudson Sq,8.789,12.32,12.263,29.4,36.8,24.5
75,East Harlem South,127,Inwood,8.737,10.691,10.598,25.4,31.8,21.2
75,East Harlem South,128,Inwood Hill Park,9.323,10.96,10.857,26.1,32.6,21.7
75,East Harlem South,137,Kips Bay,6.086,8.116,8.063,19.4,24.2,16.1
75,East Harlem South,140,Lenox Hill East,2.827,3.486,3.458,8.3,10.4,6.9
75,East Harlem South,141,Lenox Hill West,2.817,3.74,3.715,8.9,11.1,7.4
75,East Harlem South,142,Lincoln Square East,3.526,4.859,4.852,11.6,14.6,9.7
75,East Harlem South,143,Lincoln Square West,3.865,5.12,5.118,12.3,15.4,10.2
75,East Harlem South,144,Little Italy/NoLiTa,8.809,12.022,11.953,28.7,35.9,23.9
75,East Harlem South,148,Lower East Side,8.765,11.726,11.653,28.0,35.0,23.3
75,East Harlem South,151,Manhattan Valley,2.088,2.788,2.762,6.6,8.3,5.5
75,East Harlem South,152,Manhattanville,3.179,3.787,3.811,9.1,11.4,7.6
75,East Harlem South,153,Marble Hill,10.001,12.548,12.444,29.9,37.3,24.9
75,East Harlem South,158,Meatpacking/West Village West,8.11,11.477,11.431,27.4,34.3,22.9
75,East Harlem South,161,Midtown Center,4.46,6.266,6.236,15.0,18.7,12.5
75,East Harlem South,162,Midtown East,4.329,5.96,5.927,14.2,17.8,11.9
75,East Harlem South,163,Midtown North,3.91,5.545,5.524,13.3,16.6,11.0
75,East Harlem South,164,Midtown South,5.678,7.949,7.91,19.0,23.7,15.8
75,East Harlem South,166,Morningside Heights,2.547,3.52,3.519,8.4,10.6,7.0
75,East Harlem South,170,Murray Hill,5.447,7.474,7.432,17.8,22.3,14.9
75,East Harlem South,186,Penn Station/Madison Sq West,6.065,8.576,8.541,20.5,25.6,17.1
75,East Harlem South,194,Randalls Island,1.789,1.908,1.915,4.6,5.7,3.8
75,East Harlem South,202,Roosevelt Island,3.142,3.477,3.442,8.3,10.3,6.9
75,East Harlem South,209,Seaport,10.233,13.907,13.826,33.2,41.5,27.7
75,East Harlem South,211,SoHo,8.724,12.082,12.018,28.8,36.1,24.0
75,East Harlem South,224,Stuy Town/Peter Cooper Village,6.967,9.081,9.018,21.6,27.1,18.0
75,East Harlem South,229,Sutton Place/Turtle Bay North,4.042,5.343,5.307,12.7,15.9,10.6
75,East Harlem South,230,Times Sq/Theatre District,4.667,6.619,6.595,15.8,19.8,13.2
75,East Harlem South,231,TriBeCa/Civic Center,9.585,13.299,13.231,31.8,39.7,26.5
75,East Harlem South,232,Two Bridges/Seward Park,8.933,11.524,11.442,27.5,34.3,22.9
75,East Harlem South,233,UN/Turtle Bay South,4.917,6.55,6.507,15.6,19.5,13.0
75,East Harlem South,234,Union Sq,6.684,9.314,9.267,22.2,27.8,18.5
75,East Harlem South,236,Upper East Side North,1.426,2.02,2.012,4.8,6.0,4.0
75,East Harlem South,237,Upper East Side South,2.909,4.065,4.045,9.7,12.1,8.1
75,East Harlem South,238,Upper West Side North,2.312,2.508,2.466,5.9,7.4,4.9
75,East Harlem South,239,Upper West Side South,2.856,3.466,3.471,8.3,10.4,6.9
75,East Harlem South,243,Washington Heights North,7.53,8.546,8.461,20.3,25.4,16.9
75,East Harlem South,244,Washington Heights South,5.753,6.108,6.041,14.5,18.1,12.1
75,East Harlem South,246,West Chelsea/Hudson Yards,6.388,9.026,9.001,21.6,27.0,18.0
75,East Harlem South,249,West Village,7.821,11.009,10.96,26.3,32.9,21.9
75,East Harlem South,261,World Trade Center,10.627,14.695,14.618,35.1,43.9,29.2
75,East Harlem South,262,Yorkville East,1.565,1.627,1.609,3.9,4.8,3.2
75,East Harlem South,263,Yorkville West,1.325,1.695,1.682,4.0,5.0,3.4
79,East Village,4,Alphabet City,0.871,1.192,1.183,2.8,3.5,2.4
79,East Village,12,Battery Park,3.711,5.257,5.239,12.6,15.7,10.5
79,East Village,13,Battery Park City,3.079,4.292,4.285,10.3,12.9,8.6
79,East Village,24,Bloomingdale,8.435,9.992,9.904,23.8,29.7,19.8
79,East Village,41,Central Harlem,9.007,11.46,11.374,27.3,34.1,22.7
79,East Village,42,Central Harlem North,10.763,13.9,13.799,33.1,41.4,27.6
79,East Village,43,Central Park,6.33,7.822,7.759,18.6,23.3,15.5
79,East Village,45,Chinatown,1.975,2.721,2.707,6.5,8.1,5.4
79,East Village,48,Clinton East,3.86,4.176,4.215,10.1,12.6,8.4
79,East Village,50,Clinton West,4.358,5.068,5.104,12.2,15.3,10.2
79,East Village,68,East Chelsea,2.595,3.498,3.503,8.4,10.5,7.0
79,East Village,74,East Harlem North,9.14,12.294,12.218,29.3,36.7,24.4
79,East Village,75,East Harlem South,7.715,10.341,10.276,24.7,30.8,20.6
79,East Village,79,East Village,0.0,0.0,0.0,0.0,0.0,0.0
79,East Village,87,Financial District North,2.943,4.143,4.126,9.9,12.4,8.3
79,East Village,88,Financial District South,3.454,4.867,4.848,11.6,14.5,9.7
79,East Village,90,Flatiron,1.876,2.565,2.567,6.2,7.7,5.1
79,East Village,100,Garment District,2.885,3.116,3.145,7.5,9.4,6.3
79,East Village,103,Governor's Island/Ellis Island/Liberty Island,6.537,9.236,9.214,22.1,27.6,18.4
79,East Village,107,Gramercy,1.034,1.182,1.171,2.8,3.5,2.3
79,East Village,113,Greenwich Village North,0.896,1.262,1.255,3.0,3.8,2.5
79,East Village,114,Greenwich Village South,0.97,1.053,1.036,2.5,3.1,2.1
79,East Village,116,Hamilton Heights,11.481,14.213,14.098,33.8,42.3,28.2
79,East Village,120,Highbridge Park,14.033,17.953,17.818,42.8,53.5,35.6
79,East Village,125,Hudson Sq,1.826,1.979,1.986,4.8,6.0,4.0
79,East Village,127,Inwood,16.371,21.032,20.874,50.1,62.6,41.7
79,East Village,128,Inwood Hill Park,16.894,21.301,21.133,50.7,63.4,42.3
79,East Village,137,Kips Bay,1.632,2.226,2.213,5.3,6.6,4.4
79,East Village,140,Lenox Hill East,4.962,6.855,6.819,16.4,20.5,13.6
79,East Village,141,Lenox Hill West,4.9,6.601,6.561,15.7,19.7,13.1
79,East Village,142,Lincoln Square East,5.123,5.482,5.425,13.0,16.3,10.8
79,East Village,143,Lincoln Square West,5.371,5.511,5.571,13.4,16.7,11.1
79,East Village,144,Little Italy/NoLiTa,1.191,1.681,1.677,4.0,5.0,3.4
79,East Village,148,Lower East Side,1.051,1.385,1.376,3.3,4.1,2.8
79,East Village,151,Manhattan Valley,7.954,9.318,9.235,22.2,27.7,18.5
79,East Village,152,Manhattanville,10.395,12.763,12.658,30.4,38.0,25.3
79,East Village,153,Marble Hill,17.665,22.889,22.721,54.5,68.2,45.4
79,East Village,158,Meatpacking/West Village West,2.114,2.782,2.756,6.6,8.3,5.5
79,East Village,161,Midtown Center,3.448,4.076,4.04,9.7,12.1,8.1
79,East Village,162,Midtown East,3.426,4.381,4.349,10.4,13.0,8.7
79,East Village,163,Midtown North,4.147,4.796,4.753,11.4,14.3,9.5
79,East Village,164,Midtown South,2.328,2.392,2.366,5.7,7.1,4.7
79,East Village,166,Morningside Heights,9.314,11.139,11.042,26.5,33.1,22.1
79,East Village,170,Murray Hill,2.322,2.867,2.844,6.8,8.5,5.7
79,East Village,186,Penn Station/Madison Sq West,2.382,2.87,2.887,6.9,8.7,5.8
79,East Village,194,Randalls Island,8.739,12.249,12.191,29.3,36.6,24.4
79,East Village,202,Roosevelt Island,4.871,6.864,6.834,16.4,20.5,13.7
79,East Village,209,Seaport,2.547,3.566,3.55,8.5,10.6,7.1
79,East Village,211,SoHo,1.382,1.74,1.742,4.2,5.2,3.5
79,East Village,224,Stuy Town/Peter Cooper Village,0.917,1.26,1.259,3.0,3.8,2.5
79,East Village,229,Sutton Place/Turtle Bay North,3.679,4.998,4.97,11.9,14.9,9.9
79,East Village,230,Times Sq/Theatre District,3.579,3.722,3.682,8.8,11.0,7.4
79,East Village,231,TriBeCa/Civic Center,2.152,2.958,2.955,7.1,8.9,5.9
79,East Village,232,Two Bridges/Seward Park,1.452,1.678,1.69,4.1,5.1,3.4
79,East Village,233,UN/Turtle Bay South,2.8,3.792,3.77,9.0,11.3,7.5
79,East Village,234,Union Sq,1.463,1.796,1.805,4.3,5.4,3.6
79,East Village,236,Upper East Side North,6.354,8.321,8.265,19.8,24.8,16.5
79,East Village,237,Upper East Side South,4.865,6.276,6.232,15.0,18.7,12.5
79,East Village,238,Upper West Side North,7.199,8.209,8.132,19.5,24.4,16.3
79,East Village,239,Upper West Side South,6.287,6.875,6.806,16.3,20.4,13.6
79,East Village,243,Washington Heights North,15.062,18.887,18.737,45.0,56.2,37.5
79,East Village,244,Washington Heights South,13.216,16.45,16.317,39.2,49.0,32.6
79,East Village,246,West Chelsea/Hudson Yards,3.236,4.388,4.393,10.5,13.2,8.8
79,East Village,249,West Village,1.626,2.212,2.195,5.3,6.6,4.4
79,East Village,261,World Trade Center,3.074,4.354,4.342,10.4,13.0,8.7
79,East Village,262,Yorkville East,6.314,8.714,8.667,20.8,26.0,17.3
79,East Village,263,Yorkville West,6.4,8.646,8.594,20.6,25.8,17.2
87,Financial District North,4,Alphabet City,3.193,4.476,4.467,10.7,13.4,8.9
87,Financial District North,12,Battery Park,0.805,1.114,1.113,2.7,3.3,2.2
87,Financial District North,13,Battery Park City,0.929,1.31,1.304,3.1,3.9,2.6
87,Financial District North,24,Bloomingdale,11.147,14.134,14.029,33.7,42.1,28.1
87,Financial District North,41,Central Harlem,11.824,15.603,15.5,37.2,46.5,31.0
87,Financial District North,42,Central Harlem North,13.598,18.042,17.925,43.0,53.8,35.8
87,Financial District North,43,Central Park,9.119,11.964,11.885,28.5,35.7,23.8
87,Financial District North,45,Chinatown,1.009,1.422,1.418,3.4,4.3,2.8
87,Financial District North,48,Clinton East,6.335,7.655,7.592,18.2,22.8,15.2
87,Financial District North,50,Clinton West,6.682,7.647,7.578,18.2,22.7,15.2
87,Financial District North,68,East Chelsea,4.666,5.264,5.215,12.5,15.6,10.4
87,Financial District North,74,East Harlem North,12.037,16.437,16.343,39.2,49.0,32.7
87,Financial District North,75,East Harlem South,10.61,14.484,14.402,34.6,43.2,28.8
87,Financial District North,79,East Village,2.943,4.143,4.126,9.9,12.4,8.3
87,Financial District North,87,Financial District North,0.0,0.0,0.0,0.0,0.0,0.0
87,Financial District North,88,Financial District South,0.512,0.725,0.722,1.7,2.2,1.4
87,Financial District North,90,Flatiron,4.038,4.832,4.792,11.5,14.4,9.6
87,Financial District North,100,Garment District,5.422,6.774,6.723,16.1,20.2,13.4
87,Financial District North,103,Governor's Island/Ellis Island/Liberty Island,3.707,5.094,5.089,12.2,15.3,10.2
87,Financial District North,107,Gramercy,3.877,5.324,5.296,12.7,15.9,10.6
87,Financial District North,113,Greenwich Village North,3.071,3.982,3.955,9.5,11.9,7.9
87,Financial District North,114,Greenwich Village South,2.539,3.25,3.227,7.7,9.7,6.5
87,Financial District North,116,Hamilton Heights,14.247,18.355,18.223,43.7,54.7,36.4
87,Financial District North,120,Highbridge Park,16.847,22.096,21.944,52.7,65.8,43.9
87,Financial District North,125,Hudson Sq,2.163,2.163,2.186,5.2,6.6,4.4
87,Financial District North,127,Inwood,19.189,25.175,25.0,60.0,75.0,50.0
87,Financial District North,128,Inwood Hill Park,19.68,25.444,25.259,60.6,75.8,50.5
87,Financial District North,137,Kips Bay,4.562,6.368,6.339,15.2,19.0,12.7
87,Financial District North,140,Lenox Hill East,7.894,10.997,10.944,26.3,32.8,21.9
87,Financial District North,141,Lenox Hill West,7.807,10.744,10.687,25.6,32.1,21.4
87,Financial District North,142,Lincoln Square East,7.738,9.624,9.55,22.9,28.7,19.1
87,Financial District North,143,Lincoln Square West,7.861,9.364,9.284,22.3,27.9,18.6
87,Financial District North,144,Little Italy/NoLiTa,1.801,2.462,2.449,5.9,7.3,4.9
87,Financial District North,148,Lower East Side,1.945,2.757,2.749,6.6,8.2,5.5
87,Financial District North,151,Manhattan Valley,10.653,13.461,13.36,32.1,40.1,26.7
87,Financial District North,152,Manhattanville,13.152,16.905,16.783,40.3,50.4,33.6
87,Financial District North,153,Marble Hill,20.496,27.032,26.846,64.4,80.5,53.7
87,Financial District North,158,Meatpacking/West Village West,3.137,3.26,3.293,7.9,9.9,6.6
87,Financial District North,161,Midtown Center,6.22,8.218,8.166,19.6,24.5,16.3
87,Financial District North,162,Midtown East,6.284,8.523,8.475,20.3,25.4,16.9
87,Financial District North,163,Midtown North,6.879,8.939,8.878,21.3,26.6,17.8
87,Financial District North,164,Midtown South,5.007,6.535,6.491,15.6,19.5,13.0
87,Financial District North,166,Morningside Heights,12.035,15.281,15.168,36.4,45.5,30.3
87,Financial District North,170,Murray Hill,5.164,7.009,6.97,16.7,20.9,13.9
87,Financial District North,186,Penn Station/Madison Sq West,4.801,5.907,5.861,14.1,17.6,11.7
87,Financial District North,194,Randalls Island,11.68,16.392,16.317,39.2,49.0,32.6
87,Financial District North,202,Roosevelt Island,7.814,11.006,10.96,26.3,32.9,21.9
87,Financial District North,209,Seaport,0.41,0.577,0.576,1.4,1.7,1.2
87,Financial District North,211,SoHo,1.962,2.402,2.383,5.7,7.2,4.8
87,Financial District North,224,Stuy Town/Peter Cooper Village,3.812,5.403,5.384,12.9,16.2,10.8
87,Financial District North,229,Sutton Place/Turtle Bay North,6.598,9.141,9.095,21.8,27.3,18.2
87,Financial District North,230,Times Sq/Theatre District,6.207,7.864,7.807,18.7,23.4,15.6
87,Financial District North,231,TriBeCa/Civic Center,1.218,1.25,1.263,3.0,3.8,2.5
87,Financial District North,232,Two Bridges/Seward Park,2.247,2.96,2.96,7.1,8.9,5.9
87,Financial District North,233,UN/Turtle Bay South,5.719,7.934,7.895,18.9,23.7,15.8
87,Financial District North,234,Union Sq,3.992,5.17,5.135,12.3,15.4,10.3
87,Financial District North,236,Upper East Side North,9.221,12.464,12.39,29.7,37.2,24.8
87,Financial District North,237,Upper East Side South,7.721,10.419,10.357,24.9,31.1,20.7
87,Financial District North,238,Upper West Side North,9.866,12.352,12.257,29.4,36.8,24.5
87,Financial District North,239,Upper West Side South,8.908,11.017,10.931,26.2,32.8,21.9
87,Financial District North,243,Washington Heights North,17.841,23.03,22.863,54.9,68.6,45.7
87,Financial District North,244,Washington Heights South,15.986,20.592,20.443,49.1,61.3,40.9
87,Financial District North,246,West Chelsea/Hudson Yards,5.172,5.457,5.401,13.0,16.2,10.8
87,Financial District North,249,West Village,3.108,3.475,3.442,8.3,10.3,6.9
87,Financial District North,261,World Trade Center,0.534,0.728,0.723,1.7,2.2,1.4
87,Financial District North,262,Yorkville East,9.244,12.857,12.793,30.7,38.4,25.6
87,Financial District North,263,Yorkville West,9.307,12.789,12.719,30.5,38.2,25.4
88,Financial District South,4,Alphabet City,3.695,5.2,5.189,12.5,15.6,10.4
88,Financial District South,12,Battery Park,0.345,0.39,0.391,0.9,1.2,0.8
88,Financial District South,13,Battery Park City,1.038,1.351,1.356,3.3,4.1,2.7
88,Financial District South,24,Bloomingdale,11.62,14.859,14.752,35.4,44.3,29.5
88,Financial District South,41,Central Harlem,12.313,16.327,16.222,38.9,48.7,32.4
88,Financial District South,42,Central Harlem North,14.089,18.767,18.647,44.8,55.9,37.3
88,Financial District South,43,Central Park,9.606,12.689,12.607,30.3,37.8,25.2
88,Financial District South,45,Chinatown,1.516,2.146,2.141,5.1,6.4,4.3
88,Financial District South,48,Clinton East,6.792,8.379,8.314,20.0,24.9,16.6
88,Financial District South,50,Clinton West,7.118,8.372,8.3,19.9,24.9,16.6
88,Financial District South,68,East Chelsea,5.1,5.989,5.937,14.2,17.8,11.9
88,Financial District South,74,East Harlem North,12.538,17.161,17.065,41.0,51.2,34.1
88,Financial District South,75,East Harlem South,11.111,15.208,15.124,36.3,45.4,30.2
88,Financial District South,79,East Village,3.454,4.867,4.848,11.6,14.5,9.7
88,Financial District South,87,Financial District North,0.512,0.725,0.722,1.7,2.2,1.4
88,Financial District South,88,Financial District South,0.0,0.0,0.0,0.0,0.0,0.0
88,Financial District South,90,Flatiron,4.493,5.556,5.514,13.2,16.5,11.0
88,Financial District South,100,Garment District,5.891,7.499,7.445,17.9,22.3,14.9
88,Financial District South,103,Governor's Island/Ellis Island/Liberty Island,3.224,4.369,4.367,10.5,13.1,8.7
88,Financial District South,107,Gramercy,4.381,6.049,6.019,14.4,18.1,12.0
88,Financial District South,113,Greenwich Village North,3.556,4.706,4.677,11.2,14.0,9.4
88,Financial District South,114,Greenwich Village South,3.02,3.975,3.949,9.5,11.8,7.9
88,Financial District South,116,Hamilton Heights,14.726,19.08,18.946,45.5,56.8,37.9
88,Financial District South,120,Highbridge Park,17.332,22.821,22.666,54.4,68.0,45.3
88,Financial District South,125,Hudson Sq,2.569,2.888,2.861,6.9,8.6,5.7
88,Financial District South,127,Inwood,19.675,25.899,25.722,61.7,77.2,51.4
88,Financial District South,128,Inwood Hill Park,20.159,26.169,25.981,62.4,77.9,52.0
88,Financial District South,137,Kips Bay,5.071,7.093,7.061,16.9,21.2,14.1
88,Financial District South,140,Lenox Hill East,8.402,11.722,11.666,28.0,35.0,23.3
88,Financial District South,141,Lenox Hill West,8.311,11.468,11.409,27.4,34.2,22.8
88,Financial District South,142,Lincoln Square East,8.205,10.349,10.272,24.7,30.8,20.5
88,Financial District South,143,Lincoln Square West,8.311,10.088,10.006,24.0,30.0,20.0
88,Financial District South,144,Little Italy/NoLiTa,2.305,3.187,3.171,7.6,9.5,6.3
88,Financial District South,148,Lower East Side,2.455,3.482,3.471,8.3,10.4,6.9
88,Financial District South,151,Manhattan Valley,11.125,14.186,14.082,33.8,42.2,28.2
88,Financial District South,152,Manhattanville,13.63,17.63,17.505,42.0,52.5,35.0
88,Financial District South,153,Marble Hill,20.983,27.756,27.568,66.2,82.7,55.1
88,Financial District South,158,Meatpacking/West Village West,3.524,3.731,3.693,8.9,11.1,7.4
88,Financial District South,161,Midtown Center,6.71,8.943,8.888,21.3,26.7,17.8
88,Financial District South,162,Midtown East,6.783,9.248,9.197,22.1,27.6,18.4
88,Financial District South,163,Midtown North,7.362,9.663,9.6,23.0,28.8,19.2
88,Financial District South,164,Midtown South,5.493,7.26,7.213,17.3,21.6,14.4
88,Financial District South,166,Morningside Heights,12.509,16.006,15.89,38.1,47.7,31.8
88,Financial District South,170,Murray Hill,5.664,7.734,7.692,18.5,23.1,15.4
88,Financial District South,186,Penn Station/Madison Sq West,5.265,6.632,6.583,15.8,19.7,13.2
88,Financial District South,194,Randalls Island,12.191,17.116,17.039,40.9,51.1,34.1
88,Financial District South,202,Roosevelt Island,8.325,11.731,11.682,28.0,35.0,23.4
88,Financial District South,209,Seaport,0.918,1.302,1.298,3.1,3.9,2.6
88,Financial District South,211,SoHo,2.431,3.127,3.105,7.5,9.3,6.2
88,Financial District South,224,Stuy Town/Peter Cooper Village,4.324,6.127,6.106,14.7,18.3,12.2
88,Financial District South,229,Sutton Place/Turtle Bay North,7.104,9.866,9.817,23.6,29.5,19.6
88,Financial District South,230,Times Sq/Theatre District,6.681,8.589,8.529,20.5,25.6,17.1
88,Financial District South,231,TriBeCa/Civic Center,1.63,1.909,1.893,4.5,5.7,3.8
88,Financial District South,232,Two Bridges/Seward Park,2.719,3.684,3.682,8.8,11.0,7.4
88,Financial District South,233,UN/Turtle Bay South,6.226,8.659,8.617,20.7,25.9,17.2
88,Financial District South,234,Union Sq,4.475,5.895,5.857,14.1,17.6,11.7
88,Financial District South,236,Upper East Side North,9.719,13.189,13.112,31.5,39.3,26.2
88,Financial District South,237,Upper East Side South,8.218,11.143,11.079,26.6,33.2,22.2
88,Financial District South,238,Upper West Side North,10.335,13.076,12.979,31.2,38.9,26.0
88,Financial District South,239,Upper West Side South,9.372,11.742,11.653,28.0,35.0,23.3
88,Financial District South,243,Washington Heights North,18.32,23.754,23.585,56.6,70.8,47.2
88,Financial District South,244,Washington Heights South,16.465,21.317,21.165,50.8,63.5,42.3
88,Financial District South,246,West Chelsea/Hudson Yards,5.583,6.182,6.123,14.7,18.4,12.2
88,Financial District South,249,West Village,3.543,4.2,4.164,10.0,12.5,8.3
88,Financial District South,261,World Trade Center,0.654,0.77,0.775,1.9,2.3,1.5
88,Financial District South,262,Yorkville East,9.752,13.581,13.515,32.4,40.5,27.0
88,Financial District South,263,Yorkville West,9.81,13.513,13.441,32.3,40.3,26.9
90,Flatiron,4,Alphabet City,2.662,3.757,3.75,9.0,11.2,7.5
90,Flatiron,12,Battery Park,4.642,5.946,5.905,14.2,17.7,11.8
90,Flatiron,13,Battery Park City,3.726,4.981,4.951,11.9,14.9,9.9
90,Flatiron,24,Bloomingdale,7.142,9.303,9.238,22.2,27.7,18.5
90,Flatiron,41,Central Harlem,7.897,10.771,10.708,25.7,32.1,21.4
90,Flatiron,42,Central Harlem North,9.68,13.211,13.133,31.5,39.4,26.3
90,Flatiron,43,Central Park,5.193,7.133,7.093,17.0,21.3,14.2
90,Flatiron,45,Chinatown,3.313,3.41,3.373,8.1,10.1,6.7
90,Flatiron,48,Clinton East,2.298,2.823,2.8,6.7,8.4,5.6
90,Flatiron,50,Clinton West,2.665,2.816,2.786,6.7,8.4,5.6
90,Flatiron,68,East Chelsea,0.727,0.933,0.936,2.2,2.8,1.9
90,Flatiron,74,East Harlem North,8.253,11.605,11.552,27.7,34.7,23.1
90,Flatiron,75,East Harlem South,6.841,9.652,9.61,23.1,28.8,19.2
90,Flatiron,79,East Village,1.876,2.565,2.567,6.2,7.7,5.1
90,Flatiron,87,Financial District North,4.038,4.832,4.792,11.5,14.4,9.6
90,Flatiron,88,Financial District South,4.493,5.556,5.514,13.2,16.5,11.0
90,Flatiron,90,Flatiron,0.0,0.0,0.0,0.0,0.0,0.0
90,Flatiron,100,Garment District,1.426,1.943,1.932,4.6,5.8,3.9
90,Flatiron,103,Governor's Island/Ellis Island/Liberty Island,7.11,9.925,9.88,23.7,29.6,19.8
90,Flatiron,107,Gramercy,1.248,1.704,1.691,4.1,5.1,3.4
90,Flatiron,113,Greenwich Village North,1.1,1.303,1.312,3.1,3.9,2.6
90,Flatiron,114,Greenwich Village South,1.548,1.582,1.564,3.8,4.7,3.1
90,Flatiron,116,Hamilton Heights,10.26,13.524,13.432,32.2,40.3,26.9
90,Flatiron,120,Highbridge Park,12.89,17.264,17.152,41.2,51.5,34.3
90,Flatiron,125,Hudson Sq,1.985,2.668,2.653,6.4,8.0,5.3
90,Flatiron,127,Inwood,15.23,20.343,20.208,48.5,60.6,40.4
90,Flatiron,128,Inwood Hill Park,15.693,20.612,20.467,49.1,61.4,40.9
90,Flatiron,137,Kips Bay,1.742,1.945,1.915,4.6,5.7,3.8
90,Flatiron,140,Lenox Hill East,4.4,6.166,6.153,14.8,18.5,12.3
90,Flatiron,141,Lenox Hill West,4.177,5.912,5.895,14.1,17.7,11.8
90,Flatiron,142,Lincoln Square East,3.718,4.793,4.759,11.4,14.3,9.5
90,Flatiron,143,Lincoln Square West,3.823,4.532,4.493,10.8,13.5,9.0
90,Flatiron,144,Little Italy/NoLiTa,2.375,2.379,2.406,5.8,7.2,4.8
90,Flatiron,148,Lower East Side,2.642,3.107,3.128,7.5,9.4,6.3
90,Flatiron,151,Manhattan Valley,6.645,8.629,8.569,20.6,25.7,17.1
90,Flatiron,152,Manhattanville,9.163,12.073,11.992,28.8,36.0,24.0
90,Flatiron,153,Marble Hill,16.547,22.2,22.054,52.9,66.2,44.1
90,Flatiron,158,Meatpacking/West Village West,1.295,1.825,1.821,4.4,5.5,3.6
90,Flatiron,161,Midtown Center,2.389,3.386,3.374,8.1,10.1,6.7
90,Flatiron,162,Midtown East,2.623,3.692,3.683,8.8,11.0,7.4
90,Flatiron,163,Midtown North,2.955,4.107,4.086,9.8,12.3,8.2
90,Flatiron,164,Midtown South,1.218,1.703,1.7,4.1,5.1,3.4
90,Flatiron,166,Morningside Heights,8.03,10.449,10.376,24.9,31.1,20.8
90,Flatiron,170,Murray Hill,1.675,2.178,2.178,5.2,6.5,4.4
90,Flatiron,186,Penn Station/Madison Sq West,0.79,1.076,1.07,2.6,3.2,2.1
90,Flatiron,194,Randalls Island,8.162,11.56,11.525,27.7,34.6,23.1
90,Flatiron,202,Roosevelt Island,4.529,6.175,6.168,14.8,18.5,12.3
90,Flatiron,209,Seaport,3.731,4.255,4.216,10.1,12.6,8.4
90,Flatiron,211,SoHo,2.078,2.429,2.408,5.8,7.2,4.8
90,Flatiron,224,Stuy Town/Peter Cooper Village,2.076,2.893,2.875,6.9,8.6,5.7
90,Flatiron,229,Sutton Place/Turtle Bay North,3.13,4.309,4.303,10.3,12.9,8.6
90,Flatiron,230,Times Sq/Theatre District,2.227,3.033,3.015,7.2,9.0,6.0
90,Flatiron,231,TriBeCa/Civic Center,2.873,3.647,3.621,8.7,10.9,7.2
90,Flatiron,232,Two Bridges/Seward Park,3.278,4.243,4.257,10.2,12.8,8.5
90,Flatiron,233,UN/Turtle Bay South,2.396,3.102,3.103,7.4,9.3,6.2
90,Flatiron,234,Union Sq,0.591,0.769,0.762,1.8,2.3,1.5
90,Flatiron,236,Upper East Side North,5.417,7.632,7.599,18.2,22.8,15.2
90,Flatiron,237,Upper East Side South,3.944,5.587,5.566,13.4,16.7,11.1
90,Flatiron,238,Upper West Side North,5.849,7.52,7.466,17.9,22.4,14.9
90,Flatiron,239,Upper West Side South,4.881,6.186,6.14,14.7,18.4,12.3
90,Flatiron,243,Washington Heights North,13.853,18.198,18.071,43.4,54.2,36.1
90,Flatiron,244,Washington Heights South,11.997,15.76,15.651,37.6,47.0,31.3
90,Flatiron,246,West Chelsea/Hudson Yards,1.362,1.823,1.826,4.4,5.5,3.7
90,Flatiron,249,West Village,0.99,1.357,1.349,3.2,4.0,2.7
90,Flatiron,261,World Trade Center,3.922,5.043,5.008,12.0,15.0,10.0
90,Flatiron,262,Yorkville East,5.668,8.025,8.001,19.2,24.0,16.0
90,Flatiron,263,Yorkville West,5.611,7.957,7.928,19.0,23.8,15.9
100,Garment District,4,Alphabet City,3.452,4.308,4.328,10.4,13.0,8.7
100,Garment District,12,Battery Park,6.054,7.889,7.836,18.8,23.5,15.7
100,Garment District,13,Battery Park City,5.151,6.924,6.883,16.5,20.6,13.8
100,Garment District,24,Bloomingdale,5.73,7.36,7.306,17.5,21.9,14.6
100,Garment District,41,Central Harlem,6.471,8.828,8.776,21.1,26.3,17.6
100,Garment District,42,Central Harlem North,8.253,11.268,11.201,26.9,33.6,22.4
100,Garment District,43,Central Park,3.768,5.19,5.161,12.4,15.5,10.3
100,Garment District,45,Chinatown,4.627,5.353,5.305,12.7,15.9,10.6
100,Garment District,48,Clinton East,0.975,1.06,1.07,2.6,3.2,2.1
100,Garment District,50,Clinton West,1.511,1.952,1.959,4.7,5.9,3.9
100,Garment District,68,East Chelsea,1.097,1.511,1.509,3.6,4.5,3.0
100,Garment District,74,East Harlem North,6.846,9.662,9.62,23.1,28.9,19.2
100,Garment District,75,East Harlem South,5.443,7.709,7.679,18.4,23.0,15.4
100,Garment District,79,East Village,2.885,3.116,3.145,7.5,9.4,6.3
100,Garment District,87,Financial District North,5.422,6.774,6.723,16.1,20.2,13.4
100,Garment District,88,Financial District South,5.891,7.499,7.445,17.9,22.3,14.9
100,Garment District,90,Flatiron,1.426,1.943,1.932,4.6,5.8,3.9
100,Garment District,100,Garment District,0.0,0.0,0.0,0.0,0.0,0.0
100,Garment District,103,Governor's Island/Ellis Island/Liberty Island,8.53,11.868,11.812,28.3,35.4,23.6
100,Garment District,107,Gramercy,1.896,2.255,2.269,5.4,6.8,4.5
100,Garment District,113,Greenwich Village North,2.371,2.793,2.768,6.6,8.3,5.5
100,Garment District,114,Greenwich Village South,2.888,3.525,3.496,8.4,10.5,7.0
100,Garment District,116,Hamilton Heights,8.841,11.581,11.5,27.6,34.5,23.0
100,Garment District,120,Highbridge Park,11.466,15.322,15.22,36.5,45.7,30.4
100,Garment District,125,Hudson Sq,3.411,4.611,4.584,11.0,13.8,9.2
100,Garment District,127,Inwood,13.806,18.4,18.276,43.9,54.8,36.6
100,Garment District,128,Inwood Hill Park,14.275,18.67,18.536,44.5,55.6,37.1
100,Garment District,137,Kips Bay,1.785,2.496,2.494,6.0,7.5,5.0
100,Garment District,140,Lenox Hill East,3.167,4.223,4.221,10.1,12.7,8.4
100,Garment District,141,Lenox Hill West,2.878,3.969,3.963,9.5,11.9,7.9
100,Garment District,142,Lincoln Square East,2.317,2.85,2.827,6.8,8.5,5.7
100,Garment District,143,Lincoln Square West,2.495,2.589,2.561,6.1,7.7,5.1
100,Garment District,144,Little Italy/NoLiTa,3.687,4.312,4.274,10.3,12.8,8.5
100,Garment District,148,Lower East Side,3.844,4.017,3.974,9.5,11.9,7.9
100,Garment District,151,Manhattan Valley,5.234,6.686,6.637,15.9,19.9,13.3
100,Garment District,152,Manhattanville,7.744,10.131,10.06,24.1,30.2,20.1
100,Garment District,153,Marble Hill,15.122,20.257,20.123,48.3,60.4,40.2
100,Garment District,158,Meatpacking/West Village West,2.668,3.768,3.752,9.0,11.3,7.5
100,Garment District,161,Midtown Center,1.062,1.444,1.442,3.5,4.3,2.9
100,Garment District,162,Midtown East,1.432,1.749,1.751,4.2,5.3,3.5
100,Garment District,163,Midtown North,1.538,2.164,2.155,5.2,6.5,4.3
100,Garment District,164,Midtown South,0.628,0.857,0.857,2.1,2.6,1.7
100,Garment District,166,Morningside Heights,6.618,8.507,8.445,20.3,25.3,16.9
100,Garment District,170,Murray Hill,1.08,1.515,1.507,3.6,4.5,3.0
100,Garment District,186,Penn Station/Madison Sq West,0.637,0.867,0.862,2.1,2.6,1.7
100,Garment District,194,Randalls Island,6.834,9.617,9.594,23.0,28.8,19.2
100,Garment District,202,Roosevelt Island,3.409,4.232,4.237,10.2,12.7,8.5
100,Garment District,209,Seaport,5.093,6.197,6.147,14.8,18.4,12.3
100,Garment District,211,SoHo,3.462,4.372,4.34,10.4,13.0,8.7
100,Garment District,224,Stuy Town/Peter Cooper Village,2.62,3.444,3.453,8.3,10.4,6.9
100,Garment District,229,Sutton Place/Turtle Bay North,2.028,2.366,2.372,5.7,7.1,4.7
100,Garment District,230,Times Sq/Theatre District,0.8,1.09,1.084,2.6,3.3,2.2
100,Garment District,231,TriBeCa/Civic Center,4.284,5.59,5.553,13.3,16.7,11.1
100,Garment District,232,Two Bridges/Seward Park,4.334,4.794,4.836,11.6,14.5,9.7
100,Garment District,233,UN/Turtle Bay South,1.6,1.959,1.935,4.6,5.8,3.9
100,Garment District,234,Union Sq,1.47,1.605,1.588,3.8,4.8,3.2
100,Garment District,236,Upper East Side North,4.017,5.689,5.667,13.6,17.0,11.3
100,Garment District,237,Upper East Side South,2.576,3.644,3.634,8.7,10.9,7.3
100,Garment District,238,Upper West Side North,4.444,5.577,5.534,13.3,16.6,11.1
100,Garment District,239,Upper West Side South,3.488,4.243,4.208,10.1,12.6,8.4
100,Garment District,243,Washington Heights North,12.436,16.255,16.139,38.7,48.4,32.3
100,Garment District,244,Washington Heights South,10.579,13.818,13.72,32.9,41.2,27.4
100,Garment District,246,West Chelsea/Hudson Yards,1.286,1.317,1.323,3.2,4.0,2.6
100,Garment District,249,West Village,2.416,3.299,3.281,7.9,9.8,6.6
100,Garment District,261,World Trade Center,5.336,6.986,6.94,16.7,20.8,13.9
100,Garment District,262,Yorkville East,4.352,6.082,6.07,14.6,18.2,12.1
100,Garment District,263,Yorkville West,4.247,6.014,5.996,14.4,18.0,12.0
103,Governor's Island/Ellis Island/Liberty Island,4,Alphabet City,6.892,9.569,9.556,22.9,28.7,19.1
103,Governor's Island/Ellis Island/Liberty Island,12,Battery Park,2.902,3.979,3.976,9.5,11.9,8.0
103,Governor's Island/Ellis Island/Liberty Island,13,Battery Park City,3.487,4.945,4.93,11.8,14.8,9.9
103,Governor's Island/Ellis Island/Liberty Island,24,Bloomingdale,14.157,19.228,19.118,45.9,57.4,38.2
103,Governor's Island/Ellis Island/Liberty Island,41,Central Harlem,14.987,20.696,20.588,49.4,61.8,41.2
103,Governor's Island/Ellis Island/Liberty Island,42,Central Harlem North,16.769,23.136,23.013,55.2,69.0,46.0
103,Governor's Island/Ellis Island/Liberty Island,43,Central Park,12.294,17.058,16.973,40.7,50.9,33.9
103,Governor's Island/Ellis Island/Liberty Island,45,Chinatown,4.708,6.515,6.507,15.6,19.5,13.0
103,Governor's Island/Ellis Island/Liberty Island,48,Clinton East,9.304,12.748,12.681,30.4,38.0,25.4
103,Governor's Island/Ellis Island/Liberty Island,50,Clinton West,9.481,12.741,12.666,30.4,38.0,25.3
103,Governor's Island/Ellis Island/Liberty Island,68,East Chelsea,7.55,10.358,10.304,24.7,30.9,20.6
103,Governor's Island/Ellis Island/Liberty Island,74,East Harlem North,15.359,21.53,21.432,51.4,64.3,42.9
103,Governor's Island/Ellis Island/Liberty Island,75,East Harlem South,13.942,19.577,19.491,46.8,58.5,39.0
103,Governor's Island/Ellis Island/Liberty Island,79,East Village,6.537,9.236,9.214,22.1,27.6,18.4
103,Governor's Island/Ellis Island/Liberty Island,87,Financial District North,3.707,5.094,5.089,12.2,15.3,10.2
103,Governor's Island/Ellis Island/Liberty Island,88,Financial District South,3.224,4.369,4.367,10.5,13.1,8.7
103,Governor's Island/Ellis Island/Liberty Island,90,Flatiron,7.11,9.925,9.88,23.7,29.6,19.8
103,Governor's Island/Ellis Island/Liberty Island,100,Garment District,8.53,11.868,11.812,28.3,35.4,23.6
103,Governor's Island/Ellis Island/Liberty Island,103,Governor's Island/Ellis Island/Liberty Island,0.0,0.0,0.0,0.0,0.0,0.0
103,Governor's Island/Ellis Island/Liberty Island,107,Gramercy,7.347,10.418,10.385,24.9,31.2,20.8
103,Governor's Island/Ellis Island/Liberty Island,113,Greenwich Village North,6.408,9.075,9.044,21.7,27.1,18.1
103,Governor's Island/Ellis Island/Liberty Island,114,Greenwich Village South,5.886,8.343,8.316,20.0,24.9,16.6
103,Governor's Island/Ellis Island/Liberty Island,116,Hamilton Heights,17.284,23.449,23.312,55.9,69.9,46.6
103,Governor's Island/Ellis Island/Liberty Island,120,Highbridge Park,19.942,27.19,27.033,64.9,81.1,54.1
103,Governor's Island/Ellis Island/Liberty Island,125,Hudson Sq,5.155,7.257,7.228,17.3,21.7,14.5
103,Governor's Island/Ellis Island/Liberty Island,127,Inwood,22.272,30.268,30.088,72.2,90.3,60.2
103,Governor's Island/Ellis Island/Liberty Island,128,Inwood Hill Park,22.694,30.538,30.348,72.8,91.0,60.7
103,Governor's Island/Ellis Island/Liberty Island,137,Kips Bay,8.083,11.462,11.427,27.4,34.3,22.9
103,Governor's Island/Ellis Island/Liberty Island,140,Lenox Hill East,11.36,16.091,16.033,38.5,48.1,32.1
103,Governor's Island/Ellis Island/Liberty Island,141,Lenox Hill West,11.209,15.837,15.775,37.9,47.3,31.6
103,Governor's Island/Ellis Island/Liberty Island,142,Lincoln Square East,10.749,14.718,14.639,35.1,43.9,29.3
103,Governor's Island/Ellis Island/Liberty Island,143,Lincoln Square West,10.73,14.457,14.373,34.5,43.1,28.7
103,Governor's Island/Ellis Island/Liberty Island,144,Little Italy/NoLiTa,5.346,7.556,7.538,18.1,22.6,15.1
103,Governor's Island/Ellis Island/Liberty Island,148,Lower East Side,5.618,7.851,7.838,18.8,23.5,15.7
103,Governor's Island/Ellis Island/Liberty Island,151,Manhattan Valley,13.658,18.555,18.449,44.3,55.3,36.9
103,Governor's Island/Ellis Island/Liberty Island,152,Manhattanville,16.19,21.999,21.872,52.5,65.6,43.7
103,Governor's Island/Ellis Island/Liberty Island,153,Marble Hill,23.597,32.125,31.935,76.6,95.8,63.9
103,Governor's Island/Ellis Island/Liberty Island,158,Meatpacking/West Village West,5.88,8.1,8.06,19.3,24.2,16.1
103,Governor's Island/Ellis Island/Liberty Island,161,Midtown Center,9.482,13.312,13.254,31.8,39.8,26.5
103,Governor's Island/Ellis Island/Liberty Island,162,Midtown East,9.646,13.617,13.564,32.6,40.7,27.1
103,Governor's Island/Ellis Island/Liberty Island,163,Midtown North,10.064,14.032,13.967,33.5,41.9,27.9
103,Governor's Island/Ellis Island/Liberty Island,164,Midtown South,8.266,11.629,11.58,27.8,34.7,23.2
103,Governor's Island/Ellis Island/Liberty Island,166,Morningside Heights,15.038,20.375,20.257,48.6,60.8,40.5
103,Governor's Island/Ellis Island/Liberty Island,170,Murray Hill,8.554,12.103,12.059,28.9,36.2,24.1
103,Governor's Island/Ellis Island/Liberty Island,186,Penn Station/Madison Sq West,7.896,11.001,10.95,26.3,32.8,21.9
103,Governor's Island/Ellis Island/Liberty Island,194,Randalls Island,15.168,21.485,21.406,51.4,64.2,42.8
103,Governor's Island/Ellis Island/Liberty Island,202,Roosevelt Island,11.352,16.1,16.049,38.5,48.1,32.1
103,Governor's Island/Ellis Island/Liberty Island,209,Seaport,4.114,5.671,5.665,13.6,17.0,11.3
103,Governor's Island/Ellis Island/Liberty Island,211,SoHo,5.287,7.496,7.472,17.9,22.4,14.9
103,Governor's Island/Ellis Island/Liberty Island,224,Stuy Town/Peter Cooper Village,7.443,10.496,10.473,25.1,31.4,20.9
103,Governor's Island/Ellis Island/Liberty Island,229,Sutton Place/Turtle Bay North,10.049,14.235,14.184,34.0,42.6,28.4
103,Governor's Island/Ellis Island/Liberty Island,230,Times Sq/Theatre District,9.327,12.958,12.896,30.9,38.7,25.8
103,Governor's Island/Ellis Island/Liberty Island,231,TriBeCa/Civic Center,4.427,6.278,6.259,15.0,18.8,12.5
103,Governor's Island/Ellis Island/Liberty Island,232,Two Bridges/Seward Park,5.943,8.053,8.049,19.3,24.1,16.1
103,Governor's Island/Ellis Island/Liberty Island,233,UN/Turtle Bay South,9.19,13.028,12.984,31.2,39.0,26.0
103,Governor's Island/Ellis Island/Liberty Island,234,Union Sq,7.272,10.264,10.224,24.5,30.7,20.4
103,Governor's Island/Ellis Island/Liberty Island,236,Upper East Side North,12.521,17.557,17.479,41.9,52.4,35.0
103,Governor's Island/Ellis Island/Liberty Island,237,Upper East Side South,11.035,15.512,15.446,37.1,46.3,30.9
103,Governor's Island/Ellis Island/Liberty Island,238,Upper West Side North,12.851,17.445,17.346,41.6,52.0,34.7
103,Governor's Island/Ellis Island/Liberty Island,239,Upper West Side South,11.87,16.111,16.02,38.4,48.1,32.0
103,Governor's Island/Ellis Island/Liberty Island,243,Washington Heights North,20.859,28.123,27.952,67.1,83.9,55.9
103,Governor's Island/Ellis Island/Liberty Island,244,Washington Heights South,19.008,25.686,25.532,61.3,76.6,51.1
103,Governor's Island/Ellis Island/Liberty Island,246,West Chelsea/Hudson Yards,7.862,10.551,10.489,25.2,31.5,21.0
103,Governor's Island/Ellis Island/Liberty Island,249,West Village,6.124,8.569,8.531,20.5,25.6,17.1
103,Governor's Island/Ellis Island/Liberty Island,261,World Trade Center,3.467,4.883,4.872,11.7,14.6,9.7
103,Governor's Island/Ellis Island/Liberty Island,262,Yorkville East,12.688,17.95,17.882,42.9,53.6,35.8
103,Governor's Island/Ellis Island/Liberty Island,263,Yorkville West,12.685,17.882,17.808,42.7,53.4,35.6
107,Gramercy,4,Alphabet City,1.57,2.053,2.059,4.9,6.2,4.1
107,Gramercy,12,Battery Park,4.609,6.439,6.41,15.4,19.2,12.8
107,Gramercy,13,Battery Park City,3.86,5.474,5.456,13.1,16.4,10.9
107,Gramercy,24,Bloomingdale,7.402,8.81,8.733,21.0,26.2,17.5
107,Gramercy,41,Central Harlem,7.991,10.278,10.203,24.5,30.6,20.4
107,Gramercy,42,Central Harlem North,9.753,12.718,12.628,30.3,37.9,25.3
107,Gramercy,43,Central Park,5.305,6.64,6.588,15.8,19.8,13.2
107,Gramercy,45,Chinatown,2.956,3.903,3.878,9.3,11.6,7.8
107,Gramercy,48,Clinton East,2.866,3.315,3.339,8.0,10.0,6.7
107,Gramercy,50,Clinton West,3.398,4.207,4.228,10.1,12.7,8.5
107,Gramercy,68,East Chelsea,1.859,2.637,2.627,6.3,7.9,5.3
107,Gramercy,74,East Harlem North,8.161,11.112,11.047,26.5,33.1,22.1
107,Gramercy,75,East Harlem South,6.734,9.159,9.105,21.9,27.3,18.2
107,Gramercy,79,East Village,1.034,1.182,1.171,2.8,3.5,2.3
107,Gramercy,87,Financial District North,3.877,5.324,5.296,12.7,15.9,10.6
107,Gramercy,88,Financial District South,4.381,6.049,6.019,14.4,18.1,12.0
107,Gramercy,90,Flatiron,1.248,1.704,1.691,4.1,5.1,3.4
107,Gramercy,100,Garment District,1.896,2.255,2.269,5.4,6.8,4.5
107,Gramercy,103,Governor's Island/Ellis Island/Liberty Island,7.347,10.418,10.385,24.9,31.2,20.8
107,Gramercy,107,Gramercy,0.0,0.0,0.0,0.0,0.0,0.0
107,Gramercy,113,Greenwich Village North,0.986,1.343,1.341,3.2,4.0,2.7
107,Gramercy,114,Greenwich Village South,1.468,2.075,2.069,5.0,6.2,4.1
107,Gramercy,116,Hamilton Heights,10.455,13.031,12.927,31.0,38.8,25.9
107,Gramercy,120,Highbridge Park,13.018,16.772,16.647,40.0,49.9,33.3
107,Gramercy,125,Hudson Sq,2.299,3.161,3.157,7.6,9.5,6.3
107,Gramercy,127,Inwood,15.358,19.85,19.703,47.3,59.1,39.4
107,Gramercy,128,Inwood Hill Park,15.873,20.12,19.963,47.9,59.9,39.9
107,Gramercy,137,Kips Bay,0.754,1.044,1.042,2.5,3.1,2.1
107,Gramercy,140,Lenox Hill East,4.032,5.673,5.648,13.6,16.9,11.3
107,Gramercy,141,Lenox Hill West,3.93,5.419,5.39,12.9,16.2,10.8
107,Gramercy,142,Lincoln Square East,4.093,4.3,4.254,10.2,12.8,8.5
107,Gramercy,143,Lincoln Square West,4.357,4.65,4.695,11.3,14.1,9.4
107,Gramercy,144,Little Italy/NoLiTa,2.077,2.862,2.848,6.8,8.5,5.7
107,Gramercy,148,Lower East Side,2.069,2.567,2.547,6.1,7.6,5.1
107,Gramercy,151,Manhattan Valley,6.921,8.136,8.064,19.4,24.2,16.1
107,Gramercy,152,Manhattanville,9.367,11.581,11.487,27.6,34.5,23.0
107,Gramercy,153,Marble Hill,16.656,21.707,21.55,51.7,64.6,43.1
107,Gramercy,158,Meatpacking/West Village West,2.115,2.318,2.326,5.6,7.0,4.7
107,Gramercy,161,Midtown Center,2.415,2.894,2.869,6.9,8.6,5.7
107,Gramercy,162,Midtown East,2.417,3.199,3.178,7.6,9.5,6.4
107,Gramercy,163,Midtown North,3.113,3.614,3.582,8.6,10.7,7.2
107,Gramercy,164,Midtown South,1.308,1.398,1.412,3.4,4.2,2.8
107,Gramercy,166,Morningside Heights,8.282,9.957,9.871,23.7,29.6,19.7
107,Gramercy,170,Murray Hill,1.301,1.685,1.673,4.0,5.0,3.3
107,Gramercy,186,Penn Station/Madison Sq West,1.477,2.008,2.011,4.8,6.0,4.0
107,Gramercy,194,Randalls Island,7.836,11.067,11.02,26.4,33.1,22.0
107,Gramercy,202,Roosevelt Island,4.006,5.682,5.663,13.6,17.0,11.3
107,Gramercy,209,Seaport,3.499,4.747,4.721,11.3,14.2,9.4
107,Gramercy,211,SoHo,2.06,2.922,2.913,7.0,8.7,5.8
107,Gramercy,224,Stuy Town/Peter Cooper Village,0.84,1.189,1.184,2.8,3.6,2.4
107,Gramercy,229,Sutton Place/Turtle Bay North,2.727,3.816,3.799,9.1,11.4,7.6
107,Gramercy,230,Times Sq/Theatre District,2.553,2.565,2.594,6.2,7.8,5.2
107,Gramercy,231,TriBeCa/Civic Center,2.92,4.14,4.126,9.9,12.4,8.3
107,Gramercy,232,Two Bridges/Seward Park,2.455,2.54,2.566,6.2,7.7,5.1
107,Gramercy,233,UN/Turtle Bay South,1.853,2.61,2.599,6.2,7.8,5.2
107,Gramercy,234,Union Sq,0.667,0.934,0.929,2.2,2.8,1.9
107,Gramercy,236,Upper East Side North,5.354,7.139,7.094,17.0,21.3,14.2
107,Gramercy,237,Upper East Side South,3.858,5.094,5.061,12.1,15.2,10.1
107,Gramercy,238,Upper West Side North,6.165,7.027,6.961,16.7,20.9,13.9
107,Gramercy,239,Upper West Side South,5.255,5.693,5.635,13.5,16.9,11.3
107,Gramercy,243,Washington Heights North,14.04,17.705,17.566,42.2,52.7,35.1
107,Gramercy,244,Washington Heights South,12.191,15.268,15.147,36.4,45.4,30.3
107,Gramercy,246,West Chelsea/Hudson Yards,2.489,3.527,3.517,8.4,10.6,7.0
107,Gramercy,249,West Village,1.609,1.849,1.854,4.5,5.6,3.7
107,Gramercy,261,World Trade Center,3.93,5.536,5.513,13.2,16.5,11.0
107,Gramercy,262,Yorkville East,5.377,7.532,7.496,18.0,22.5,15.0
107,Gramercy,263,Yorkville West,5.429,7.464,7.423,17.8,22.3,14.8
113,Greenwich Village North,4,Alphabet City,1.762,2.453,2.438,5.9,7.3,4.9
113,Greenwich Village North,12,Battery Park,3.749,5.096,5.068,12.2,15.2,10.1
113,Greenwich Village North,13,Battery Park City,2.93,4.131,4.114,9.9,12.3,8.2
113,Greenwich Village North,24,Bloomingdale,8.081,10.153,10.075,24.2,30.2,20.1
113,Greenwich Village North,41,Central Harlem,8.757,11.621,11.545,27.7,34.6,23.1
113,Greenwich Village North,42,Central Harlem North,10.533,14.061,13.97,33.5,41.9,27.9
113,Greenwich Village North,43,Central Park,6.05,7.983,7.93,19.0,23.8,15.9
113,Greenwich Village North,45,Chinatown,2.258,2.56,2.536,6.1,7.6,5.1
113,Greenwich Village North,48,Clinton East,3.317,3.673,3.637,8.7,10.9,7.3
113,Greenwich Village North,50,Clinton West,3.738,3.807,3.848,9.2,11.5,7.7
113,Greenwich Village North,68,East Chelsea,1.823,2.236,2.248,5.4,6.7,4.5
113,Greenwich Village North,74,East Harlem North,9.008,12.455,12.388,29.7,37.2,24.8
113,Greenwich Village North,75,East Harlem South,7.582,10.502,10.447,25.1,31.3,20.9
113,Greenwich Village North,79,East Village,0.896,1.262,1.255,3.0,3.8,2.5
113,Greenwich Village North,87,Financial District North,3.071,3.982,3.955,9.5,11.9,7.9
113,Greenwich Village North,88,Financial District South,3.556,4.706,4.677,11.2,14.0,9.4
113,Greenwich Village North,90,Flatiron,1.1,1.303,1.312,3.1,3.9,2.6
113,Greenwich Village North,100,Garment District,2.371,2.793,2.768,6.6,8.3,5.5
113,Greenwich Village North,103,Governor's Island/Ellis Island/Liberty Island,6.408,9.075,9.044,21.7,27.1,18.1
113,Greenwich Village North,107,Gramercy,0.986,1.343,1.341,3.2,4.0,2.7
113,Greenwich Village North,113,Greenwich Village North,0.0,0.0,0.0,0.0,0.0,0.0
113,Greenwich Village North,114,Greenwich Village South,0.538,0.732,0.728,1.7,2.2,1.5
113,Greenwich Village North,116,Hamilton Heights,11.176,14.374,14.269,34.2,42.8,28.5
113,Greenwich Village North,120,Highbridge Park,13.777,18.114,17.989,43.2,54.0,36.0
113,Greenwich Village North,125,Hudson Sq,1.314,1.818,1.816,4.4,5.4,3.6
113,Greenwich Village North,127,Inwood,16.119,21.193,21.045,50.5,63.1,42.1
113,Greenwich Village North,128,Inwood Hill Park,16.609,21.462,21.304,51.1,63.9,42.6
113,Greenwich Village North,137,Kips Bay,1.739,2.386,2.384,5.7,7.2,4.8
113,Greenwich Village North,140,Lenox Hill East,4.952,7.016,6.989,16.8,21.0,14.0
113,Greenwich Village North,141,Lenox Hill West,4.81,6.762,6.732,16.2,20.2,13.5
113,Greenwich Village North,142,Lincoln Square East,4.685,5.643,5.595,13.4,16.8,11.2
113,Greenwich Village North,143,Lincoln Square West,4.851,5.382,5.329,12.8,16.0,10.7
113,Greenwich Village North,144,Little Italy/NoLiTa,1.317,1.52,1.506,3.6,4.5,3.0
113,Greenwich Village North,148,Lower East Side,1.542,1.804,1.816,4.4,5.4,3.6
113,Greenwich Village North,151,Manhattan Valley,7.589,9.479,9.405,22.6,28.2,18.8
113,Greenwich Village North,152,Manhattanville,10.081,12.923,12.828,30.8,38.5,25.7
113,Greenwich Village North,153,Marble Hill,17.427,23.05,22.891,54.9,68.7,45.8
113,Greenwich Village North,158,Meatpacking/West Village West,1.27,1.52,1.501,3.6,4.5,3.0
113,Greenwich Village North,161,Midtown Center,3.155,4.236,4.211,10.1,12.6,8.4
113,Greenwich Village North,162,Midtown East,3.256,4.542,4.52,10.8,13.6,9.0
113,Greenwich Village North,163,Midtown North,3.808,4.957,4.923,11.8,14.8,9.8
113,Greenwich Village North,164,Midtown South,1.937,2.553,2.536,6.1,7.6,5.1
113,Greenwich Village North,166,Morningside Heights,8.968,11.299,11.213,26.9,33.6,22.4
113,Greenwich Village North,170,Murray Hill,2.15,3.028,3.015,7.2,9.0,6.0
113,Greenwich Village North,186,Penn Station/Madison Sq West,1.775,1.926,1.906,4.6,5.7,3.8
113,Greenwich Village North,194,Randalls Island,8.76,12.41,12.362,29.7,37.1,24.7
113,Greenwich Village North,202,Roosevelt Island,4.963,7.025,7.005,16.8,21.0,14.0
113,Greenwich Village North,209,Seaport,2.728,3.405,3.379,8.1,10.1,6.8
113,Greenwich Village North,211,SoHo,1.142,1.579,1.572,3.8,4.7,3.1
113,Greenwich Village North,224,Stuy Town/Peter Cooper Village,1.498,1.589,1.563,3.8,4.7,3.1
113,Greenwich Village North,229,Sutton Place/Turtle Bay North,3.641,5.159,5.14,12.3,15.4,10.3
113,Greenwich Village North,230,Times Sq/Theatre District,3.143,3.883,3.852,9.2,11.6,7.7
113,Greenwich Village North,231,TriBeCa/Civic Center,2.005,2.797,2.784,6.7,8.4,5.6
113,Greenwich Village North,232,Two Bridges/Seward Park,2.199,2.94,2.946,7.1,8.8,5.9
113,Greenwich Village North,233,UN/Turtle Bay South,2.787,3.952,3.94,9.5,11.8,7.9
113,Greenwich Village North,234,Union Sq,0.921,1.188,1.18,2.8,3.5,2.4
113,Greenwich Village North,236,Upper East Side North,6.177,8.482,8.435,20.2,25.3,16.9
113,Greenwich Village North,237,Upper East Side South,4.677,6.437,6.402,15.4,19.2,12.8
113,Greenwich Village North,238,Upper West Side North,6.807,8.37,8.302,19.9,24.9,16.6
113,Greenwich Village North,239,Upper West Side South,5.857,7.036,6.976,16.7,20.9,14.0
113,Greenwich Village North,243,Washington Heights North,14.77,19.048,18.908,45.4,56.7,37.8
113,Greenwich Village North,244,Washington Heights South,12.915,16.61,16.488,39.6,49.5,33.0
113,Greenwich Village North,246,West Chelsea/Hudson Yards,2.444,3.126,3.138,7.5,9.4,6.3
113,Greenwich Village North,249,West Village,0.757,0.95,0.94,2.3,2.8,1.9
113,Greenwich Village North,261,World Trade Center,3.046,4.193,4.171,10.0,12.5,8.3
113,Greenwich Village North,262,Yorkville East,6.282,8.875,8.838,21.2,26.5,17.7
113,Greenwich Village North,263,Yorkville West,6.299,8.807,8.764,21.0,26.3,17.5
114,Greenwich Village South,4,Alphabet City,1.798,2.244,2.219,5.3,6.7,4.4
114,Greenwich Village South,12,Battery Park,3.211,4.364,4.34,10.4,13.0,8.7
114,Greenwich Village South,13,Battery Park City,2.403,3.399,3.386,8.1,10.2,6.8
114,Greenwich Village South,24,Bloomingdale,8.609,10.885,10.802,25.9,32.4,21.6
114,Greenwich Village South,41,Central Harlem,9.293,12.353,12.273,29.5,36.8,24.5
114,Greenwich Village South,42,Central Harlem North,11.07,14.793,14.698,35.3,44.1,29.4
114,Greenwich Village South,43,Central Park,6.585,8.715,8.657,20.8,26.0,17.3
114,Greenwich Village South,45,Chinatown,1.765,1.828,1.809,4.3,5.4,3.6
114,Greenwich Village South,48,Clinton East,3.819,4.405,4.365,10.5,13.1,8.7
114,Greenwich Village South,50,Clinton West,4.213,4.397,4.35,10.4,13.1,8.7
114,Greenwich Village South,68,East Chelsea,2.241,2.445,2.467,5.9,7.4,4.9
114,Greenwich Village South,74,East Harlem North,9.545,13.187,13.116,31.5,39.3,26.2
114,Greenwich Village South,75,East Harlem South,8.118,11.234,11.175,26.8,33.5,22.3
114,Greenwich Village South,79,East Village,0.97,1.053,1.036,2.5,3.1,2.1
114,Greenwich Village South,87,Financial District North,2.539,3.25,3.227,7.7,9.7,6.5
114,Greenwich Village South,88,Financial District South,3.02,3.975,3.949,9.5,11.8,7.9
114,Greenwich Village South,90,Flatiron,1.548,1.582,1.564,3.8,4.7,3.1
114,Greenwich Village South,100,Garment District,2.888,3.525,3.496,8.4,10.5,7.0
114,Greenwich Village South,103,Governor's Island/Ellis Island/Liberty Island,5.886,8.343,8.316,20.0,24.9,16.6
114,Greenwich Village South,107,Gramercy,1.468,2.075,2.069,5.0,6.2,4.1
114,Greenwich Village South,113,Greenwich Village North,0.538,0.732,0.728,1.7,2.2,1.5
114,Greenwich Village South,114,Greenwich Village South,0.0,0.0,0.0,0.0,0.0,0.0
114,Greenwich Village South,116,Hamilton Heights,11.708,15.106,14.996,36.0,45.0,30.0
114,Greenwich Village South,120,Highbridge Park,14.312,18.846,18.717,44.9,56.1,37.4
114,Greenwich Village South,125,Hudson Sq,0.884,1.087,1.088,2.6,3.3,2.2
114,Greenwich Village South,127,Inwood,16.654,21.925,21.772,52.3,65.3,43.5
114,Greenwich Village South,128,Inwood Hill Park,17.141,22.194,22.032,52.9,66.1,44.1
114,Greenwich Village South,137,Kips Bay,2.218,3.118,3.111,7.5,9.3,6.2
114,Greenwich Village South,140,Lenox Hill East,5.476,7.747,7.717,18.5,23.2,15.4
114,Greenwich Village South,141,Lenox Hill West,5.343,7.494,7.46,17.9,22.4,14.9
114,Greenwich Village South,142,Lincoln Square East,5.205,6.375,6.323,15.2,19.0,12.6
114,Greenwich Village South,143,Lincoln Square West,5.352,6.114,6.057,14.5,18.2,12.1
114,Greenwich Village South,144,Little Italy/NoLiTa,0.828,0.866,0.875,2.1,2.6,1.8
114,Greenwich Village South,148,Lower East Side,1.179,1.595,1.597,3.8,4.8,3.2
114,Greenwich Village South,151,Manhattan Valley,8.115,10.211,10.133,24.3,30.4,20.3
114,Greenwich Village South,152,Manhattanville,10.613,13.655,13.556,32.5,40.7,27.1
114,Greenwich Village South,153,Marble Hill,17.963,23.782,23.619,56.7,70.9,47.2
114,Greenwich Village South,158,Meatpacking/West Village West,1.23,1.729,1.72,4.1,5.2,3.4
114,Greenwich Village South,161,Midtown Center,3.692,4.968,4.938,11.9,14.8,9.9
114,Greenwich Village South,162,Midtown East,3.792,5.274,5.248,12.6,15.7,10.5
114,Greenwich Village South,163,Midtown North,4.342,5.689,5.651,13.6,17.0,11.3
114,Greenwich Village South,164,Midtown South,2.473,3.285,3.264,7.8,9.8,6.5
114,Greenwich Village South,166,Morningside Heights,9.497,12.031,11.941,28.7,35.8,23.9
114,Greenwich Village South,170,Murray Hill,2.681,3.76,3.743,9.0,11.2,7.5
114,Greenwich Village South,186,Penn Station/Madison Sq West,2.277,2.658,2.634,6.3,7.9,5.3
114,Greenwich Village South,194,Randalls Island,9.284,13.142,13.09,31.4,39.3,26.2
114,Greenwich Village South,202,Roosevelt Island,5.471,7.757,7.733,18.6,23.2,15.5
114,Greenwich Village South,209,Seaport,2.205,2.673,2.651,6.4,8.0,5.3
114,Greenwich Village South,211,SoHo,0.606,0.848,0.844,2.0,2.5,1.7
114,Greenwich Village South,224,Stuy Town/Peter Cooper Village,1.798,2.153,2.157,5.2,6.5,4.3
114,Greenwich Village South,229,Sutton Place/Turtle Bay North,4.165,5.891,5.868,14.1,17.6,11.7
114,Greenwich Village South,230,Times Sq/Theatre District,3.669,4.615,4.58,11.0,13.7,9.2
114,Greenwich Village South,231,TriBeCa/Civic Center,1.471,2.065,2.057,4.9,6.2,4.1
114,Greenwich Village South,232,Two Bridges/Seward Park,1.938,2.731,2.726,6.5,8.2,5.5
114,Greenwich Village South,233,UN/Turtle Bay South,3.304,4.684,4.668,11.2,14.0,9.3
114,Greenwich Village South,234,Union Sq,1.455,1.92,1.908,4.6,5.7,3.8
114,Greenwich Village South,236,Upper East Side North,6.715,9.214,9.163,22.0,27.5,18.3
114,Greenwich Village South,237,Upper East Side South,5.215,7.169,7.13,17.1,21.4,14.3
114,Greenwich Village South,238,Upper West Side North,7.33,9.102,9.03,21.7,27.1,18.1
114,Greenwich Village South,239,Upper West Side South,6.376,7.768,7.704,18.5,23.1,15.4
114,Greenwich Village South,243,Washington Heights North,15.302,19.78,19.636,47.1,58.9,39.3
114,Greenwich Village South,244,Washington Heights South,13.447,17.342,17.216,41.3,51.6,34.4
114,Greenwich Village South,246,West Chelsea/Hudson Yards,2.829,3.335,3.357,8.1,10.1,6.7
114,Greenwich Village South,249,West Village,0.834,1.159,1.159,2.8,3.5,2.3
114,Greenwich Village South,261,World Trade Center,2.509,3.461,3.443,8.3,10.3,6.9
114,Greenwich Village South,262,Yorkville East,6.811,9.607,9.566,23.0,28.7,19.1
114,Greenwich Village South,263,Yorkville West,6.833,9.539,9.492,22.8,28.5,19.0
116,Hamilton Heights,4,Alphabet City,11.716,13.88,13.756,33.0,41.3,27.5
116,Hamilton Heights,12,Battery Park,14.895,19.47,19.337,46.4,58.0,38.7
116,Hamilton Heights,13,Battery Park City,13.984,18.505,18.383,44.1,55.1,36.8
116,Hamilton Heights,24,Bloomingdale,3.127,4.221,4.194,10.1,12.6,8.4
116,Hamilton Heights,41,Central Harlem,2.529,2.753,2.724,6.5,8.2,5.4
116,Hamilton Heights,42,Central Harlem North,1.172,1.631,1.629,3.9,4.9,3.3
116,Hamilton Heights,43,Central Park,5.15,6.391,6.339,15.2,19.0,12.7
116,Hamilton Heights,45,Chinatown,13.393,16.934,16.805,40.3,50.4,33.6
116,Hamilton Heights,48,Clinton East,7.993,10.701,10.632,25.5,31.9,21.3
116,Hamilton Heights,50,Clinton West,7.812,10.708,10.646,25.6,31.9,21.3
116,Hamilton Heights,68,East Chelsea,9.746,13.092,13.009,31.2,39.0,26.0
116,Hamilton Heights,74,East Harlem North,3.021,3.819,3.835,9.2,11.5,7.7
116,Hamilton Heights,75,East Harlem South,4.116,4.343,4.388,10.5,13.2,8.8
116,Hamilton Heights,79,East Village,11.481,14.213,14.098,33.8,42.3,28.2
116,Hamilton Heights,87,Financial District North,14.247,18.355,18.223,43.7,54.7,36.4
116,Hamilton Heights,88,Financial District South,14.726,19.08,18.946,45.5,56.8,37.9
116,Hamilton Heights,90,Flatiron,10.26,13.524,13.432,32.2,40.3,26.9
116,Hamilton Heights,100,Garment District,8.841,11.581,11.5,27.6,34.5,23.0
116,Hamilton Heights,103,Governor's Island/Ellis Island/Liberty Island,17.284,23.449,23.312,55.9,69.9,46.6
116,Hamilton Heights,107,Gramercy,10.455,13.031,12.927,31.0,38.8,25.9
116,Hamilton Heights,113,Greenwich Village North,11.176,14.374,14.269,34.2,42.8,28.5
116,Hamilton Heights,114,Greenwich Village South,11.708,15.106,14.996,36.0,45.0,30.0
116,Hamilton Heights,116,Hamilton Heights,0.0,0.0,0.0,0.0,0.0,0.0
116,Hamilton Heights,120,Highbridge Park,2.675,3.741,3.72,8.9,11.2,7.4
116,Hamilton Heights,125,Hudson Sq,12.243,16.192,16.084,38.6,48.3,32.2
116,Hamilton Heights,127,Inwood,4.989,6.819,6.776,16.3,20.3,13.6
116,Hamilton Heights,128,Inwood Hill Park,5.434,7.089,7.036,16.9,21.1,14.1
116,Hamilton Heights,137,Kips Bay,9.9,11.987,11.885,28.5,35.7,23.8
116,Hamilton Heights,140,Lenox Hill East,6.853,7.358,7.279,17.5,21.8,14.6
116,Hamilton Heights,141,Lenox Hill West,6.736,7.612,7.537,18.1,22.6,15.1
116,Hamilton Heights,142,Lincoln Square East,6.55,8.731,8.673,20.8,26.0,17.3
116,Hamilton Heights,143,Lincoln Square West,6.56,8.992,8.939,21.5,26.8,17.9
116,Hamilton Heights,144,Little Italy/NoLiTa,12.473,15.893,15.775,37.9,47.3,31.5
116,Hamilton Heights,148,Lower East Side,12.523,15.598,15.474,37.1,46.4,30.9
116,Hamilton Heights,151,Manhattan Valley,3.627,4.895,4.863,11.7,14.6,9.7
116,Hamilton Heights,152,Manhattanville,1.097,1.45,1.44,3.5,4.3,2.9
116,Hamilton Heights,153,Marble Hill,6.317,8.676,8.623,20.7,25.9,17.2
116,Hamilton Heights,158,Meatpacking/West Village West,11.418,15.349,15.253,36.6,45.8,30.5
116,Hamilton Heights,161,Midtown Center,8.047,10.137,10.058,24.1,30.2,20.1
116,Hamilton Heights,162,Midtown East,8.064,9.832,9.749,23.4,29.2,19.5
116,Hamilton Heights,163,Midtown North,7.37,9.417,9.345,22.4,28.0,18.7
116,Hamilton Heights,164,Midtown South,9.243,11.821,11.732,28.2,35.2,23.5
116,Hamilton Heights,166,Morningside Heights,2.247,3.074,3.056,7.3,9.2,6.1
116,Hamilton Heights,170,Murray Hill,9.159,11.346,11.254,27.0,33.8,22.5
116,Hamilton Heights,186,Penn Station/Madison Sq West,9.474,12.448,12.362,29.7,37.1,24.7
116,Hamilton Heights,194,Randalls Island,4.48,6.031,6.04,14.5,18.1,12.1
116,Hamilton Heights,202,Roosevelt Island,7.232,7.349,7.264,17.4,21.8,14.5
116,Hamilton Heights,209,Seaport,13.9,17.778,17.648,42.4,52.9,35.3
116,Hamilton Heights,211,SoHo,12.295,15.953,15.84,38.0,47.5,31.7
116,Hamilton Heights,224,Stuy Town/Peter Cooper Village,10.833,12.953,12.839,30.8,38.5,25.7
116,Hamilton Heights,229,Sutton Place/Turtle Bay North,7.93,9.215,9.128,21.9,27.4,18.3
116,Hamilton Heights,230,Times Sq/Theatre District,8.047,10.491,10.416,25.0,31.2,20.8
116,Hamilton Heights,231,TriBeCa/Civic Center,13.125,17.171,17.053,40.9,51.2,34.1
116,Hamilton Heights,232,Two Bridges/Seward Park,12.804,15.396,15.263,36.6,45.8,30.5
116,Hamilton Heights,233,UN/Turtle Bay South,8.759,10.421,10.328,24.8,31.0,20.7
116,Hamilton Heights,234,Union Sq,10.256,13.186,13.089,31.4,39.3,26.2
116,Hamilton Heights,236,Upper East Side North,5.222,5.892,5.833,14.0,17.5,11.7
116,Hamilton Heights,237,Upper East Side South,6.644,7.937,7.866,18.9,23.6,15.7
116,Hamilton Heights,238,Upper West Side North,4.434,6.004,5.966,14.3,17.9,11.9
116,Hamilton Heights,239,Upper West Side South,5.414,7.338,7.292,17.5,21.9,14.6
116,Hamilton Heights,243,Washington Heights North,3.595,4.674,4.639,11.1,13.9,9.3
116,Hamilton Heights,244,Washington Heights South,1.739,2.237,2.219,5.3,6.7,4.4
116,Hamilton Heights,246,West Chelsea/Hudson Yards,9.43,12.898,12.823,30.8,38.5,25.6
116,Hamilton Heights,249,West Village,11.244,14.88,14.781,35.5,44.3,29.6
116,Hamilton Heights,261,World Trade Center,14.177,18.567,18.44,44.3,55.3,36.9
116,Hamilton Heights,262,Yorkville East,5.675,5.841,5.906,14.2,17.7,11.8
116,Hamilton Heights,263,Yorkville West,5.362,5.567,5.504,13.2,16.5,11.0
120,Highbridge Park,4,Alphabet City,14.21,17.62,17.476,41.9,52.4,35.0
120,Highbridge Park,12,Battery Park,17.512,23.211,23.057,55.3,69.2,46.1
120,Highbridge Park,13,Battery Park City,16.616,22.245,22.103,53.0,66.3,44.2
120,Highbridge Park,24,Bloomingdale,5.788,7.962,7.914,19.0,23.7,15.8
120,Highbridge Park,41,Central Harlem,5.027,6.493,6.444,15.5,19.3,12.9
120,Highbridge Park,42,Central Harlem North,3.279,4.054,4.019,9.6,12.1,8.0
120,Highbridge Park,43,Central Park,7.728,10.132,10.059,24.1,30.2,20.1
120,Highbridge Park,45,Chinatown,15.97,20.675,20.525,49.3,61.6,41.1
120,Highbridge Park,48,Clinton East,10.641,14.441,14.352,34.4,43.1,28.7
120,Highbridge Park,50,Clinton West,10.479,14.449,14.366,34.5,43.1,28.7
120,Highbridge Park,68,East Chelsea,12.396,16.832,16.729,40.1,50.2,33.5
120,Highbridge Park,74,East Harlem North,5.089,5.659,5.601,13.4,16.8,11.2
120,Highbridge Park,75,East Harlem South,6.427,7.612,7.542,18.1,22.6,15.1
120,Highbridge Park,79,East Village,14.033,17.953,17.818,42.8,53.5,35.6
120,Highbridge Park,87,Financial District North,16.847,22.096,21.944,52.7,65.8,43.9
120,Highbridge Park,88,Financial District South,17.332,22.821,22.666,54.4,68.0,45.3
120,Highbridge Park,90,Flatiron,12.89,17.264,17.152,41.2,51.5,34.3
120,Highbridge Park,100,Garment District,11.466,15.322,15.22,36.5,45.7,30.4
120,Highbridge Park,103,Governor's Island/Ellis Island/Liberty Island,19.942,27.19,27.033,64.9,81.1,54.1
120,Highbridge Park,107,Gramercy,13.018,16.772,16.647,40.0,49.9,33.3
120,Highbridge Park,113,Greenwich Village North,13.777,18.114,17.989,43.2,54.0,36.0
120,Highbridge Park,114,Greenwich Village South,14.312,18.846,18.717,44.9,56.1,37.4
120,Highbridge Park,116,Hamilton Heights,2.675,3.741,3.72,8.9,11.2,7.4
120,Highbridge Park,120,Highbridge Park,0.0,0.0,0.0,0.0,0.0,0.0
120,Highbridge Park,125,Hudson Sq,14.875,19.933,19.805,47.5,59.4,39.6
120,Highbridge Park,127,Inwood,2.342,3.078,3.056,7.3,9.2,6.1
120,Highbridge Park,128,Inwood Hill Park,2.897,3.348,3.315,8.0,9.9,6.6
120,Highbridge Park,137,Kips Bay,12.427,15.728,15.605,37.5,46.8,31.2
120,Highbridge Park,140,Lenox Hill East,9.251,11.099,11.0,26.4,33.0,22.0
120,Highbridge Park,141,Lenox Hill West,9.195,11.352,11.257,27.0,33.8,22.5
120,Highbridge Park,142,Lincoln Square East,9.195,12.472,12.393,29.7,37.2,24.8
120,Highbridge Park,143,Lincoln Square West,9.228,12.732,12.659,30.4,38.0,25.3
120,Highbridge Park,144,Little Italy/NoLiTa,15.061,19.634,19.495,46.8,58.5,39.0
120,Highbridge Park,148,Lower East Side,15.082,19.339,19.194,46.1,57.6,38.4
120,Highbridge Park,151,Manhattan Valley,6.287,8.635,8.583,20.6,25.8,17.2
120,Highbridge Park,152,Manhattanville,3.757,5.191,5.16,12.4,15.5,10.3
120,Highbridge Park,153,Marble Hill,3.657,4.936,4.902,11.8,14.7,9.8
120,Highbridge Park,158,Meatpacking/West Village West,14.068,19.089,18.973,45.5,56.9,37.9
120,Highbridge Park,161,Midtown Center,10.629,13.878,13.778,33.1,41.3,27.6
120,Highbridge Park,162,Midtown East,10.607,13.573,13.469,32.3,40.4,26.9
120,Highbridge Park,163,Midtown North,9.97,13.157,13.066,31.4,39.2,26.1
120,Highbridge Park,164,Midtown South,11.84,15.561,15.452,37.1,46.4,30.9
120,Highbridge Park,166,Morningside Heights,4.917,6.815,6.776,16.3,20.3,13.6
120,Highbridge Park,170,Murray Hill,11.717,15.087,14.974,35.9,44.9,29.9
120,Highbridge Park,186,Penn Station/Madison Sq West,12.102,16.189,16.083,38.6,48.2,32.2
120,Highbridge Park,194,Randalls Island,6.2,6.654,6.72,16.1,20.2,13.4
120,Highbridge Park,202,Roosevelt Island,9.56,11.09,10.984,26.4,33.0,22.0
120,Highbridge Park,209,Seaport,16.491,21.519,21.368,51.3,64.1,42.7
120,Highbridge Park,211,SoHo,14.906,19.694,19.56,46.9,58.7,39.1
120,Highbridge Park,224,Stuy Town/Peter Cooper Village,13.342,16.693,16.559,39.7,49.7,33.1
120,Highbridge Park,229,Sutton Place/Turtle Bay North,10.414,12.955,12.849,30.8,38.5,25.7
120,Highbridge Park,230,Times Sq/Theatre District,10.668,14.232,14.137,33.9,42.4,28.3
120,Highbridge Park,231,TriBeCa/Civic Center,15.745,20.912,20.773,49.9,62.3,41.5
120,Highbridge Park,232,Two Bridges/Seward Park,15.315,19.136,18.983,45.6,57.0,38.0
120,Highbridge Park,233,UN/Turtle Bay South,11.269,14.162,14.049,33.7,42.1,28.1
120,Highbridge Park,234,Union Sq,12.857,16.926,16.809,40.3,50.4,33.6
120,Highbridge Park,236,Upper East Side North,7.695,9.632,9.554,22.9,28.7,19.1
120,Highbridge Park,237,Upper East Side South,9.169,11.677,11.587,27.8,34.8,23.2
120,Highbridge Park,238,Upper West Side North,7.095,9.745,9.687,23.2,29.1,19.4
120,Highbridge Park,239,Upper West Side South,8.075,11.079,11.013,26.4,33.0,22.0
120,Highbridge Park,243,Washington Heights North,1.181,1.384,1.394,3.3,4.2,2.8
120,Highbridge Park,244,Washington Heights South,1.095,1.504,1.501,3.6,4.5,3.0
120,Highbridge Park,246,West Chelsea/Hudson Yards,12.096,16.639,16.543,39.7,49.6,33.1
120,Highbridge Park,249,West Village,13.878,18.621,18.502,44.4,55.5,37.0
120,Highbridge Park,261,World Trade Center,16.797,22.307,22.16,53.2,66.5,44.3
120,Highbridge Park,262,Yorkville East,7.975,9.24,9.151,22.0,27.5,18.3
120,Highbridge Park,263,Yorkville West,7.743,9.307,9.224,22.1,27.7,18.4
125,Hudson Sq,4,Alphabet City,2.594,2.876,2.833,6.8,8.5,5.7
125,Hudson Sq,12,Battery Park,2.681,3.278,3.252,7.8,9.8,6.5
125,Hudson Sq,13,Battery Park City,1.741,2.312,2.298,5.5,6.9,4.6
125,Hudson Sq,24,Bloomingdale,9.122,11.971,11.89,28.5,35.7,23.8
125,Hudson Sq,41,Central Harlem,9.88,13.439,13.361,32.1,40.1,26.7
125,Hudson Sq,42,Central Harlem North,11.663,15.879,15.786,37.9,47.4,31.6
125,Hudson Sq,43,Central Park,7.174,9.801,9.746,23.4,29.2,19.5
125,Hudson Sq,45,Chinatown,1.727,2.329,2.332,5.6,7.0,4.7
125,Hudson Sq,48,Clinton East,4.262,5.491,5.453,13.1,16.4,10.9
125,Hudson Sq,50,Clinton West,4.557,5.484,5.439,13.1,16.3,10.9
125,Hudson Sq,68,East Chelsea,2.54,3.101,3.076,7.4,9.2,6.2
125,Hudson Sq,74,East Harlem North,10.209,14.273,14.204,34.1,42.6,28.4
125,Hudson Sq,75,East Harlem South,8.789,12.32,12.263,29.4,36.8,24.5
125,Hudson Sq,79,East Village,1.826,1.979,1.986,4.8,6.0,4.0
125,Hudson Sq,87,Financial District North,2.163,2.163,2.186,5.2,6.6,4.4
125,Hudson Sq,88,Financial District South,2.569,2.888,2.861,6.9,8.6,5.7
125,Hudson Sq,90,Flatiron,1.985,2.668,2.653,6.4,8.0,5.3
125,Hudson Sq,100,Garment District,3.411,4.611,4.584,11.0,13.8,9.2
125,Hudson Sq,103,Governor's Island/Ellis Island/Liberty Island,5.155,7.257,7.228,17.3,21.7,14.5
125,Hudson Sq,107,Gramercy,2.299,3.161,3.157,7.6,9.5,6.3
125,Hudson Sq,113,Greenwich Village North,1.314,1.818,1.816,4.4,5.4,3.6
125,Hudson Sq,114,Greenwich Village South,0.884,1.087,1.088,2.6,3.3,2.2
125,Hudson Sq,116,Hamilton Heights,12.243,16.192,16.084,38.6,48.3,32.2
125,Hudson Sq,120,Highbridge Park,14.875,19.933,19.805,47.5,59.4,39.6
125,Hudson Sq,125,Hudson Sq,0.0,0.0,0.0,0.0,0.0,0.0
125,Hudson Sq,127,Inwood,17.215,23.011,22.861,54.9,68.6,45.7
125,Hudson Sq,128,Inwood Hill Park,17.674,23.281,23.12,55.5,69.4,46.2
125,Hudson Sq,137,Kips Bay,3.053,4.205,4.2,10.1,12.6,8.4
125,Hudson Sq,140,Lenox Hill East,6.228,8.834,8.805,21.1,26.4,17.6
125,Hudson Sq,141,Lenox Hill West,6.06,8.58,8.548,20.5,25.6,17.1
125,Hudson Sq,142,Lincoln Square East,5.696,7.461,7.411,17.8,22.2,14.8
125,Hudson Sq,143,Lincoln Square West,5.765,7.2,7.145,17.1,21.4,14.3
125,Hudson Sq,144,Little Italy/NoLiTa,1.076,1.498,1.489,3.6,4.5,3.0
125,Hudson Sq,148,Lower East Side,1.622,2.226,2.211,5.3,6.6,4.4
125,Hudson Sq,151,Manhattan Valley,8.624,11.298,11.221,26.9,33.7,22.4
125,Hudson Sq,152,Manhattanville,11.145,14.742,14.644,35.1,43.9,29.3
125,Hudson Sq,153,Marble Hill,18.532,24.868,24.707,59.3,74.1,49.4
125,Hudson Sq,158,Meatpacking/West Village West,0.979,1.098,1.107,2.7,3.3,2.2
125,Hudson Sq,161,Midtown Center,4.33,6.055,6.027,14.5,18.1,12.1
125,Hudson Sq,162,Midtown East,4.494,6.36,6.336,15.2,19.0,12.7
125,Hudson Sq,163,Midtown North,4.931,6.775,6.739,16.2,20.2,13.5
125,Hudson Sq,164,Midtown South,3.111,4.372,4.352,10.4,13.1,8.7
125,Hudson Sq,166,Morningside Heights,10.01,13.118,13.029,31.3,39.1,26.1
125,Hudson Sq,170,Murray Hill,3.417,4.846,4.831,11.6,14.5,9.7
125,Hudson Sq,186,Penn Station/Madison Sq West,2.774,3.744,3.722,8.9,11.2,7.4
125,Hudson Sq,194,Randalls Island,10.031,14.228,14.178,34.0,42.5,28.4
125,Hudson Sq,202,Roosevelt Island,6.265,8.843,8.821,21.2,26.5,17.6
125,Hudson Sq,209,Seaport,1.939,2.236,2.252,5.4,6.8,4.5
125,Hudson Sq,211,SoHo,0.569,0.772,0.766,1.8,2.3,1.5
125,Hudson Sq,224,Stuy Town/Peter Cooper Village,2.681,3.239,3.245,7.8,9.7,6.5
125,Hudson Sq,229,Sutton Place/Turtle Bay North,4.921,6.978,6.956,16.7,20.9,13.9
125,Hudson Sq,230,Times Sq/Theatre District,4.211,5.701,5.668,13.6,17.0,11.3
125,Hudson Sq,231,TriBeCa/Civic Center,0.946,0.979,0.968,2.3,2.9,1.9
125,Hudson Sq,232,Two Bridges/Seward Park,2.433,3.362,3.34,8.0,10.0,6.7
125,Hudson Sq,233,UN/Turtle Bay South,4.083,5.771,5.756,13.8,17.3,11.5
125,Hudson Sq,234,Union Sq,2.122,3.007,2.996,7.2,9.0,6.0
125,Hudson Sq,236,Upper East Side North,7.37,10.301,10.251,24.6,30.8,20.5
125,Hudson Sq,237,Upper East Side South,5.881,8.255,8.218,19.7,24.7,16.4
125,Hudson Sq,238,Upper West Side North,7.825,10.188,10.118,24.3,30.4,20.2
125,Hudson Sq,239,Upper West Side South,6.852,8.854,8.792,21.1,26.4,17.6
125,Hudson Sq,243,Washington Heights North,15.835,20.866,20.724,49.7,62.2,41.4
125,Hudson Sq,244,Washington Heights South,13.978,18.429,18.304,43.9,54.9,36.6
125,Hudson Sq,246,West Chelsea/Hudson Yards,3.015,3.294,3.262,7.8,9.8,6.5
125,Hudson Sq,249,West Village,0.999,1.312,1.303,3.1,3.9,2.6
125,Hudson Sq,261,World Trade Center,1.961,2.374,2.355,5.7,7.1,4.7
125,Hudson Sq,262,Yorkville East,7.544,10.693,10.654,25.6,32.0,21.3
125,Hudson Sq,263,Yorkville West,7.53,10.625,10.58,25.4,31.7,21.2
127,Inwood,4,Alphabet City,16.537,20.699,20.532,49.3,61.6,41.1
127,Inwood,12,Battery Park,19.854,26.289,26.113,62.7,78.3,52.2
127,Inwood,13,Battery Park City,18.956,25.324,25.159,60.4,75.5,50.3
127,Inwood,24,Bloomingdale,8.114,11.04,10.97,26.3,32.9,21.9
127,Inwood,41,Central Harlem,7.368,9.572,9.5,22.8,28.5,19.0
127,Inwood,42,Central Harlem North,5.61,7.132,7.075,17.0,21.2,14.1
127,Inwood,43,Central Park,10.07,13.21,13.115,31.5,39.3,26.2
127,Inwood,45,Chinatown,18.311,23.753,23.581,56.6,70.7,47.2
127,Inwood,48,Clinton East,12.975,17.52,17.408,41.8,52.2,34.8
127,Inwood,50,Clinton West,12.8,17.527,17.422,41.8,52.3,34.8
127,Inwood,68,East Chelsea,14.729,19.911,19.785,47.5,59.4,39.6
127,Inwood,74,East Harlem North,7.367,8.738,8.656,20.8,26.0,17.3
127,Inwood,75,East Harlem South,8.737,10.691,10.598,25.4,31.8,21.2
127,Inwood,79,East Village,16.371,21.032,20.874,50.1,62.6,41.7
127,Inwood,87,Financial District North,19.189,25.175,25.0,60.0,75.0,50.0
127,Inwood,88,Financial District South,19.675,25.899,25.722,61.7,77.2,51.4
127,Inwood,90,Flatiron,15.23,20.343,20.208,48.5,60.6,40.4
127,Inwood,100,Garment District,13.806,18.4,18.276,43.9,54.8,36.6
127,Inwood,103,Governor's Island/Ellis Island/Liberty Island,22.272,30.268,30.088,72.2,90.3,60.2
127,Inwood,107,Gramercy,15.358,19.85,19.703,47.3,59.1,39.4
127,Inwood,113,Greenwich Village North,16.119,21.193,21.045,50.5,63.1,42.1
127,Inwood,114,Greenwich Village South,16.654,21.925,21.772,52.3,65.3,43.5
127,Inwood,116,Hamilton Heights,4.989,6.819,6.776,16.3,20.3,13.6
127,Inwood,120,Highbridge Park,2.342,3.078,3.056,7.3,9.2,6.1
127,Inwood,125,Hudson Sq,17.215,23.011,22.861,54.9,68.6,45.7
127,Inwood,127,Inwood,0.0,0.0,0.0,0.0,0.0,0.0
127,Inwood,128,Inwood Hill Park,0.82,1.13,1.13,2.7,3.4,2.3
127,Inwood,137,Kips Bay,14.763,18.806,18.661,44.8,56.0,37.3
127,Inwood,140,Lenox Hill East,11.564,14.177,14.055,33.7,42.2,28.1
127,Inwood,141,Lenox Hill West,11.522,14.431,14.313,34.4,42.9,28.6
127,Inwood,142,Lincoln Square East,11.53,15.55,15.449,37.1,46.3,30.9
127,Inwood,143,Lincoln Square West,11.549,15.811,15.715,37.7,47.1,31.4
127,Inwood,144,Little Italy/NoLiTa,17.403,22.713,22.551,54.1,67.7,45.1
127,Inwood,148,Lower East Side,17.421,22.417,22.25,53.4,66.8,44.5
127,Inwood,151,Manhattan Valley,8.614,11.714,11.639,27.9,34.9,23.3
127,Inwood,152,Manhattanville,6.082,8.269,8.216,19.7,24.6,16.4
127,Inwood,153,Marble Hill,1.332,1.857,1.846,4.4,5.5,3.7
127,Inwood,158,Meatpacking/West Village West,16.402,22.168,22.029,52.9,66.1,44.1
127,Inwood,161,Midtown Center,12.971,16.956,16.834,40.4,50.5,33.7
127,Inwood,162,Midtown East,12.946,16.651,16.525,39.7,49.6,33.0
127,Inwood,163,Midtown North,12.312,16.236,16.122,38.7,48.4,32.2
127,Inwood,164,Midtown South,14.182,18.64,18.508,44.4,55.5,37.0
127,Inwood,166,Morningside Heights,7.236,9.893,9.832,23.6,29.5,19.7
127,Inwood,170,Murray Hill,14.057,18.165,18.03,43.3,54.1,36.1
127,Inwood,186,Penn Station/Madison Sq West,14.442,19.267,19.138,45.9,57.4,38.3
127,Inwood,194,Randalls Island,8.349,8.783,8.683,20.8,26.0,17.4
127,Inwood,202,Roosevelt Island,11.854,14.168,14.04,33.7,42.1,28.1
127,Inwood,209,Seaport,18.833,24.598,24.424,58.6,73.3,48.8
127,Inwood,211,SoHo,17.248,22.772,22.616,54.3,67.8,45.2
127,Inwood,224,Stuy Town/Peter Cooper Village,15.673,19.772,19.615,47.1,58.8,39.2
127,Inwood,229,Sutton Place/Turtle Bay North,12.744,16.034,15.905,38.2,47.7,31.8
127,Inwood,230,Times Sq/Theatre District,13.008,17.31,17.193,41.3,51.6,34.4
127,Inwood,231,TriBeCa/Civic Center,18.086,23.99,23.829,57.2,71.5,47.7
127,Inwood,232,Two Bridges/Seward Park,17.646,22.215,22.039,52.9,66.1,44.1
127,Inwood,233,UN/Turtle Bay South,13.602,17.24,17.105,41.1,51.3,34.2
127,Inwood,234,Union Sq,15.199,20.005,19.865,47.7,59.6,39.7
127,Inwood,236,Upper East Side North,10.028,12.711,12.609,30.3,37.8,25.2
127,Inwood,237,Upper East Side South,11.507,14.756,14.642,35.1,43.9,29.3
127,Inwood,238,Upper West Side North,9.421,12.823,12.742,30.6,38.2,25.5
127,Inwood,239,Upper West Side South,10.402,14.157,14.068,33.8,42.2,28.1
127,Inwood,243,Washington Heights North,1.514,2.145,2.137,5.1,6.4,4.3
127,Inwood,244,Washington Heights South,3.285,4.582,4.557,10.9,13.7,9.1
127,Inwood,246,West Chelsea/Hudson Yards,14.419,19.717,19.599,47.0,58.8,39.2
127,Inwood,249,West Village,16.217,21.7,21.557,51.7,64.7,43.1
127,Inwood,261,World Trade Center,19.139,25.386,25.216,60.5,75.6,50.4
127,Inwood,262,Yorkville East,10.27,12.318,12.207,29.3,36.6,24.4
127,Inwood,263,Yorkville West,10.058,12.386,12.28,29.5,36.8,24.6
128,Inwood Hill Park,4,Alphabet City,17.091,20.968,20.792,49.9,62.4,41.6
128,Inwood Hill Park,12,Battery Park,20.329,26.559,26.372,63.3,79.1,52.7
128,Inwood Hill Park,13,Battery Park City,19.415,25.593,25.418,61.0,76.3,50.8
128,Inwood Hill Park,24,Bloomingdale,8.553,11.31,11.23,27.0,33.7,22.5
128,Inwood Hill Park,41,Central Harlem,7.89,9.841,9.759,23.4,29.3,19.5
128,Inwood Hill Park,42,Central Harlem North,6.167,7.402,7.334,17.6,22.0,14.7
128,Inwood Hill Park,43,Central Park,10.571,13.48,13.374,32.1,40.1,26.7
128,Inwood Hill Park,45,Chinatown,18.819,24.023,23.841,57.2,71.5,47.7
128,Inwood Hill Park,48,Clinton East,13.419,17.789,17.667,42.4,53.0,35.3
128,Inwood Hill Park,50,Clinton West,13.213,17.797,17.681,42.4,53.0,35.4
128,Inwood Hill Park,68,East Chelsea,15.169,20.18,20.044,48.1,60.1,40.1
128,Inwood Hill Park,74,East Harlem North,7.983,9.007,8.916,21.4,26.7,17.8
128,Inwood Hill Park,75,East Harlem South,9.323,10.96,10.857,26.1,32.6,21.7
128,Inwood Hill Park,79,East Village,16.894,21.301,21.133,50.7,63.4,42.3
128,Inwood Hill Park,87,Financial District North,19.68,25.444,25.259,60.6,75.8,50.5
128,Inwood Hill Park,88,Financial District South,20.159,26.169,25.981,62.4,77.9,52.0
128,Inwood Hill Park,90,Flatiron,15.693,20.612,20.467,49.1,61.4,40.9
128,Inwood Hill Park,100,Garment District,14.275,18.67,18.536,44.5,55.6,37.1
128,Inwood Hill Park,103,Governor's Island/Ellis Island/Liberty Island,22.694,30.538,30.348,72.8,91.0,60.7
128,Inwood Hill Park,107,Gramercy,15.873,20.12,19.963,47.9,59.9,39.9
128,Inwood Hill Park,113,Greenwich Village North,16.609,21.462,21.304,51.1,63.9,42.6
128,Inwood Hill Park,114,Greenwich Village South,17.141,22.194,22.032,52.9,66.1,44.1
128,Inwood Hill Park,116,Hamilton Heights,5.434,7.089,7.036,16.9,21.1,14.1
128,Inwood Hill Park,120,Highbridge Park,2.897,3.348,3.315,8.0,9.9,6.6
128,Inwood Hill Park,125,Hudson Sq,17.674,23.281,23.12,55.5,69.4,46.2
128,Inwood Hill Park,127,Inwood,0.82,1.13,1.13,2.7,3.4,2.3
128,Inwood Hill Park,128,Inwood Hill Park,0.0,0.0,0.0,0.0,0.0,0.0
128,Inwood Hill Park,137,Kips Bay,15.298,19.076,18.92,45.4,56.8,37.8
128,Inwood Hill Park,140,Lenox Hill East,12.144,14.447,14.315,34.4,42.9,28.6
128,Inwood Hill Park,141,Lenox Hill West,12.08,14.7,14.572,35.0,43.7,29.1
128,Inwood Hill Park,142,Lincoln Square East,11.979,15.82,15.709,37.7,47.1,31.4
128,Inwood Hill Park,143,Lincoln Square West,11.964,16.08,15.975,38.3,47.9,31.9
128,Inwood Hill Park,144,Little Italy/NoLiTa,17.902,22.982,22.81,54.7,68.4,45.6
128,Inwood Hill Park,148,Lower East Side,17.941,22.687,22.51,54.0,67.5,45.0
128,Inwood Hill Park,151,Manhattan Valley,9.052,11.983,11.899,28.6,35.7,23.8
128,Inwood Hill Park,152,Manhattanville,6.531,8.539,8.476,20.3,25.4,17.0
128,Inwood Hill Park,153,Marble Hill,1.245,1.588,1.587,3.8,4.8,3.2
128,Inwood Hill Park,158,Meatpacking/West Village West,16.841,22.437,22.288,53.5,66.9,44.6
128,Inwood Hill Park,161,Midtown Center,13.472,17.226,17.093,41.0,51.3,34.2
128,Inwood Hill Park,162,Midtown East,13.47,16.921,16.784,40.3,50.4,33.6
128,Inwood Hill Park,163,Midtown North,12.801,16.505,16.381,39.3,49.1,32.8
128,Inwood Hill Park,164,Midtown South,14.674,18.909,18.768,45.0,56.3,37.5
128,Inwood Hill Park,166,Morningside Heights,7.666,10.163,10.091,24.2,30.3,20.2
128,Inwood Hill Park,170,Murray Hill,14.574,18.435,18.289,43.9,54.9,36.6
128,Inwood Hill Park,186,Penn Station/Madison Sq West,14.908,19.537,19.398,46.6,58.2,38.8
128,Inwood Hill Park,194,Randalls Island,9.037,9.052,9.126,21.9,27.4,18.3
128,Inwood Hill Park,202,Roosevelt Island,12.457,14.438,14.299,34.3,42.9,28.6
128,Inwood Hill Park,209,Seaport,19.331,24.867,24.683,59.2,74.0,49.4
128,Inwood Hill Park,211,SoHo,17.729,23.042,22.876,54.9,68.6,45.8
128,Inwood Hill Park,224,Stuy Town/Peter Cooper Village,16.219,20.041,19.875,47.7,59.6,39.7
128,Inwood Hill Park,229,Sutton Place/Turtle Bay North,13.296,16.303,16.164,38.8,48.5,32.3
128,Inwood Hill Park,230,Times Sq/Theatre District,13.481,17.58,17.452,41.9,52.4,34.9
128,Inwood Hill Park,231,TriBeCa/Civic Center,18.559,24.26,24.088,57.8,72.3,48.2
128,Inwood Hill Park,232,Two Bridges/Seward Park,18.193,22.484,22.299,53.5,66.9,44.6
128,Inwood Hill Park,233,UN/Turtle Bay South,14.144,17.51,17.364,41.7,52.1,34.7
128,Inwood Hill Park,234,Union Sq,15.688,20.274,20.124,48.3,60.4,40.2
128,Inwood Hill Park,236,Upper East Side North,10.575,12.98,12.869,30.9,38.6,25.7
128,Inwood Hill Park,237,Upper East Side South,12.037,15.025,14.902,35.8,44.7,29.8
128,Inwood Hill Park,238,Upper West Side North,9.855,13.093,13.002,31.2,39.0,26.0
128,Inwood Hill Park,239,Upper West Side South,10.833,14.427,14.328,34.4,43.0,28.7
128,Inwood Hill Park,243,Washington Heights North,1.84,2.414,2.396,5.8,7.2,4.8
128,Inwood Hill Park,244,Washington Heights South,3.696,4.852,4.816,11.6,14.4,9.6
128,Inwood Hill Park,246,West Chelsea/Hudson Yards,14.832,19.987,19.858,47.7,59.6,39.7
128,Inwood Hill Park,249,West Village,16.675,21.969,21.817,52.4,65.5,43.6
128,Inwood Hill Park,261,World Trade Center,19.611,25.655,25.475,61.1,76.4,51.0
128,Inwood Hill Park,262,Yorkville East,10.872,12.587,12.466,29.9,37.4,24.9
128,Inwood Hill Park,263,Yorkville West,10.636,12.655,12.54,30.1,37.6,25.1
137,Kips Bay,4,Alphabet City,1.853,1.892,1.871,4.5,5.6,3.7
137,Kips Bay,12,Battery Park,5.313,7.483,7.452,17.9,22.4,14.9
137,Kips Bay,13,Battery Park City,4.597,6.517,6.498,15.6,19.5,13.0
137,Kips Bay,24,Bloomingdale,6.896,7.766,7.691,18.5,23.1,15.4
137,Kips Bay,41,Central Harlem,7.408,9.235,9.161,22.0,27.5,18.3
137,Kips Bay,42,Central Harlem North,9.153,11.674,11.586,27.8,34.8,23.2
137,Kips Bay,43,Central Park,4.759,5.596,5.546,13.3,16.6,11.1
137,Kips Bay,45,Chinatown,3.606,4.947,4.92,11.8,14.8,9.8
137,Kips Bay,48,Clinton East,2.672,3.556,3.563,8.6,10.7,7.1
137,Kips Bay,50,Clinton West,3.269,4.448,4.452,10.7,13.4,8.9
137,Kips Bay,68,East Chelsea,2.168,2.878,2.852,6.8,8.6,5.7
137,Kips Bay,74,East Harlem North,7.51,10.069,10.005,24.0,30.0,20.0
137,Kips Bay,75,East Harlem South,6.086,8.116,8.063,19.4,24.2,16.1
137,Kips Bay,79,East Village,1.632,2.226,2.213,5.3,6.6,4.4
137,Kips Bay,87,Financial District North,4.562,6.368,6.339,15.2,19.0,12.7
137,Kips Bay,88,Financial District South,5.071,7.093,7.061,16.9,21.2,14.1
137,Kips Bay,90,Flatiron,1.742,1.945,1.915,4.6,5.7,3.8
137,Kips Bay,100,Garment District,1.785,2.496,2.494,6.0,7.5,5.0
137,Kips Bay,103,Governor's Island/Ellis Island/Liberty Island,8.083,11.462,11.427,27.4,34.3,22.9
137,Kips Bay,107,Gramercy,0.754,1.044,1.042,2.5,3.1,2.1
137,Kips Bay,113,Greenwich Village North,1.739,2.386,2.384,5.7,7.2,4.8
137,Kips Bay,114,Greenwich Village South,2.218,3.118,3.111,7.5,9.3,6.2
137,Kips Bay,116,Hamilton Heights,9.9,11.987,11.885,28.5,35.7,23.8
137,Kips Bay,120,Highbridge Park,12.427,15.728,15.605,37.5,46.8,31.2
137,Kips Bay,125,Hudson Sq,3.053,4.205,4.2,10.1,12.6,8.4
137,Kips Bay,127,Inwood,14.763,18.806,18.661,44.8,56.0,37.3
137,Kips Bay,128,Inwood Hill Park,15.298,19.076,18.92,45.4,56.8,37.8
137,Kips Bay,137,Kips Bay,0.0,0.0,0.0,0.0,0.0,0.0
137,Kips Bay,140,Lenox Hill East,3.333,4.629,4.606,11.1,13.8,9.2
137,Kips Bay,141,Lenox Hill West,3.27,4.376,4.348,10.4,13.0,8.7
137,Kips Bay,142,Lincoln Square East,3.711,4.113,4.148,10.0,12.4,8.3
137,Kips Bay,143,Lincoln Square West,4.056,4.891,4.92,11.8,14.8,9.8
137,Kips Bay,144,Little Italy/NoLiTa,2.773,3.906,3.89,9.3,11.7,7.8
137,Kips Bay,148,Lower East Side,2.68,3.611,3.589,8.6,10.8,7.2
137,Kips Bay,151,Manhattan Valley,6.426,7.093,7.022,16.9,21.1,14.0
137,Kips Bay,152,Manhattanville,8.821,10.537,10.445,25.1,31.3,20.9
137,Kips Bay,153,Marble Hill,16.051,20.664,20.507,49.2,61.5,41.0
137,Kips Bay,158,Meatpacking/West Village West,2.809,3.361,3.368,8.1,10.1,6.7
137,Kips Bay,161,Midtown Center,1.956,2.055,2.076,5.0,6.2,4.2
137,Kips Bay,162,Midtown East,1.838,2.155,2.136,5.1,6.4,4.3
137,Kips Bay,163,Midtown North,2.665,2.753,2.783,6.7,8.3,5.6
137,Kips Bay,164,Midtown South,1.163,1.639,1.636,3.9,4.9,3.3
137,Kips Bay,166,Morningside Heights,7.765,8.913,8.829,21.2,26.5,17.7
137,Kips Bay,170,Murray Hill,0.829,0.981,0.987,2.4,3.0,2.0
137,Kips Bay,186,Penn Station/Madison Sq West,1.617,2.25,2.235,5.4,6.7,4.5
137,Kips Bay,194,Randalls Island,7.122,10.024,9.978,23.9,29.9,20.0
137,Kips Bay,202,Roosevelt Island,3.272,4.638,4.621,11.1,13.9,9.2
137,Kips Bay,209,Seaport,4.172,5.791,5.763,13.8,17.3,11.5
137,Kips Bay,211,SoHo,2.802,3.966,3.955,9.5,11.9,7.9
137,Kips Bay,224,Stuy Town/Peter Cooper Village,0.957,0.965,0.959,2.3,2.9,1.9
137,Kips Bay,229,Sutton Place/Turtle Bay North,2.047,2.773,2.756,6.6,8.3,5.5
137,Kips Bay,230,Times Sq/Theatre District,2.248,2.806,2.819,6.8,8.5,5.6
137,Kips Bay,231,TriBeCa/Civic Center,3.656,5.184,5.168,12.4,15.5,10.3
137,Kips Bay,232,Two Bridges/Seward Park,2.907,3.408,3.378,8.1,10.1,6.8
137,Kips Bay,233,UN/Turtle Bay South,1.17,1.566,1.556,3.7,4.7,3.1
137,Kips Bay,234,Union Sq,1.179,1.198,1.204,2.9,3.6,2.4
137,Kips Bay,236,Upper East Side North,4.737,6.096,6.052,14.5,18.2,12.1
137,Kips Bay,237,Upper East Side South,3.261,4.051,4.019,9.6,12.1,8.0
137,Kips Bay,238,Upper West Side North,5.7,5.983,5.919,14.2,17.8,11.8
137,Kips Bay,239,Upper West Side South,4.837,5.013,5.066,12.2,15.2,10.1
137,Kips Bay,243,Washington Heights North,13.47,16.662,16.524,39.7,49.6,33.0
137,Kips Bay,244,Washington Heights South,11.63,14.224,14.104,33.9,42.3,28.2
137,Kips Bay,246,West Chelsea/Hudson Yards,2.729,3.768,3.742,9.0,11.2,7.5
137,Kips Bay,249,West Village,2.321,2.893,2.896,7.0,8.7,5.8
137,Kips Bay,261,World Trade Center,4.648,6.579,6.555,15.7,19.7,13.1
137,Kips Bay,262,Yorkville East,4.685,6.488,6.454,15.5,19.4,12.9
137,Kips Bay,263,Yorkville West,4.769,6.42,6.381,15.3,19.1,12.8
140,Lenox Hill East,4,Alphabet City,5.0,6.522,6.477,15.5,19.4,13.0
140,Lenox Hill East,12,Battery Park,8.639,12.112,12.057,28.9,36.2,24.1
140,Lenox Hill East,13,Battery Park City,7.878,11.146,11.103,26.6,33.3,22.2
140,Lenox Hill East,24,Bloomingdale,4.152,4.963,4.994,12.0,15.0,10.0
140,Lenox Hill East,41,Central Harlem,4.324,4.605,4.555,10.9,13.7,9.1
140,Lenox Hill East,42,Central Harlem North,5.978,7.045,6.98,16.8,20.9,14.0
140,Lenox Hill East,43,Central Park,2.096,2.806,2.811,6.7,8.4,5.6
140,Lenox Hill East,45,Chinatown,6.937,9.576,9.526,22.9,28.6,19.1
140,Lenox Hill East,48,Clinton East,2.986,3.343,3.352,8.0,10.1,6.7
140,Lenox Hill East,50,Clinton West,3.412,3.517,3.454,8.3,10.4,6.9
140,Lenox Hill East,68,East Chelsea,4.259,5.733,5.729,13.8,17.2,11.5
140,Lenox Hill East,74,East Harlem North,4.226,5.439,5.399,13.0,16.2,10.8
140,Lenox Hill East,75,East Harlem South,2.827,3.486,3.458,8.3,10.4,6.9
140,Lenox Hill East,79,East Village,4.962,6.855,6.819,16.4,20.5,13.6
140,Lenox Hill East,87,Financial District North,7.894,10.997,10.944,26.3,32.8,21.9
140,Lenox Hill East,88,Financial District South,8.402,11.722,11.666,28.0,35.0,23.3
140,Lenox Hill East,90,Flatiron,4.4,6.166,6.153,14.8,18.5,12.3
140,Lenox Hill East,100,Garment District,3.167,4.223,4.221,10.1,12.7,8.4
140,Lenox Hill East,103,Governor's Island/Ellis Island/Liberty Island,11.36,16.091,16.033,38.5,48.1,32.1
140,Lenox Hill East,107,Gramercy,4.032,5.673,5.648,13.6,16.9,11.3
140,Lenox Hill East,113,Greenwich Village North,4.952,7.016,6.989,16.8,21.0,14.0
140,Lenox Hill East,114,Greenwich Village South,5.476,7.747,7.717,18.5,23.2,15.4
140,Lenox Hill East,116,Hamilton Heights,6.853,7.358,7.279,17.5,21.8,14.6
140,Lenox Hill East,120,Highbridge Park,9.251,11.099,11.0,26.4,33.0,22.0
140,Lenox Hill East,125,Hudson Sq,6.228,8.834,8.805,21.1,26.4,17.6
140,Lenox Hill East,127,Inwood,11.564,14.177,14.055,33.7,42.2,28.1
140,Lenox Hill East,128,Inwood Hill Park,12.144,14.447,14.315,34.4,42.9,28.6
140,Lenox Hill East,137,Kips Bay,3.333,4.629,4.606,11.1,13.8,9.2
140,Lenox Hill East,140,Lenox Hill East,0.0,0.0,0.0,0.0,0.0,0.0
140,Lenox Hill East,141,Lenox Hill West,0.444,0.579,0.573,1.4,1.7,1.1
140,Lenox Hill East,142,Lincoln Square East,2.436,3.182,3.15,7.6,9.4,6.3
140,Lenox Hill East,143,Lincoln Square West,3.012,3.96,3.922,9.4,11.8,7.8
140,Lenox Hill East,144,Little Italy/NoLiTa,6.101,8.535,8.495,20.4,25.5,17.0
140,Lenox Hill East,148,Lower East Side,6.004,8.24,8.195,19.7,24.6,16.4
140,Lenox Hill East,151,Manhattan Valley,3.781,4.747,4.768,11.4,14.3,9.5
140,Lenox Hill East,152,Manhattanville,5.83,5.908,5.839,14.0,17.5,11.7
140,Lenox Hill East,153,Marble Hill,12.827,16.034,15.902,38.2,47.7,31.8
140,Lenox Hill East,158,Meatpacking/West Village West,5.694,7.991,7.973,19.1,23.9,15.9
140,Lenox Hill East,161,Midtown Center,2.108,2.779,2.779,6.7,8.3,5.6
140,Lenox Hill East,162,Midtown East,1.78,2.474,2.469,5.9,7.4,4.9
140,Lenox Hill East,163,Midtown North,1.931,2.058,2.066,5.0,6.2,4.1
140,Lenox Hill East,164,Midtown South,3.182,4.462,4.453,10.7,13.4,8.9
140,Lenox Hill East,166,Morningside Heights,4.919,5.478,5.525,13.3,16.6,11.0
140,Lenox Hill East,170,Murray Hill,2.811,3.988,3.975,9.5,11.9,7.9
140,Lenox Hill East,186,Penn Station/Madison Sq West,3.7,5.09,5.083,12.2,15.2,10.2
140,Lenox Hill East,194,Randalls Island,3.808,5.394,5.373,12.9,16.1,10.7
140,Lenox Hill East,202,Roosevelt Island,0.567,0.805,0.802,1.9,2.4,1.6
140,Lenox Hill East,209,Seaport,7.505,10.42,10.368,24.9,31.1,20.7
140,Lenox Hill East,211,SoHo,6.079,8.595,8.561,20.5,25.7,17.1
140,Lenox Hill East,224,Stuy Town/Peter Cooper Village,4.169,5.595,5.56,13.3,16.7,11.1
140,Lenox Hill East,229,Sutton Place/Turtle Bay North,1.311,1.856,1.849,4.4,5.5,3.7
140,Lenox Hill East,230,Times Sq/Theatre District,2.566,3.133,3.137,7.5,9.4,6.3
140,Lenox Hill East,231,TriBeCa/Civic Center,6.944,9.813,9.774,23.5,29.3,19.5
140,Lenox Hill East,232,Two Bridges/Seward Park,6.121,8.038,7.984,19.2,24.0,16.0
140,Lenox Hill East,233,UN/Turtle Bay South,2.179,3.063,3.049,7.3,9.1,6.1
140,Lenox Hill East,234,Union Sq,4.111,5.827,5.809,13.9,17.4,11.6
140,Lenox Hill East,236,Upper East Side North,1.672,1.853,1.869,4.5,5.6,3.7
140,Lenox Hill East,237,Upper East Side South,0.983,1.274,1.26,3.0,3.8,2.5
140,Lenox Hill East,238,Upper West Side North,3.297,4.467,4.472,10.7,13.4,8.9
140,Lenox Hill East,239,Upper West Side South,2.877,4.082,4.068,9.8,12.2,8.1
140,Lenox Hill East,243,Washington Heights North,10.341,12.032,11.919,28.6,35.8,23.8
140,Lenox Hill East,244,Washington Heights South,8.539,9.595,9.499,22.8,28.5,19.0
140,Lenox Hill East,246,West Chelsea/Hudson Yards,4.375,5.54,5.544,13.3,16.6,11.1
140,Lenox Hill East,249,West Village,5.32,7.522,7.502,18.0,22.5,15.0
140,Lenox Hill East,261,World Trade Center,7.962,11.208,11.161,26.8,33.5,22.3
140,Lenox Hill East,262,Yorkville East,1.352,1.859,1.849,4.4,5.5,3.7
140,Lenox Hill East,263,Yorkville West,1.508,1.791,1.775,4.3,5.3,3.6
141,Lenox Hill West,4,Alphabet City,5.015,6.268,6.219,14.9,18.7,12.4
141,Lenox Hill West,12,Battery Park,8.534,11.858,11.8,28.3,35.4,23.6
141,Lenox Hill West,13,Battery Park City,7.74,10.893,10.846,26.0,32.5,21.7
141,Lenox Hill West,24,Bloomingdale,3.92,4.384,4.421,10.6,13.3,8.8
141,Lenox Hill West,41,Central Harlem,4.211,4.859,4.813,11.6,14.4,9.6
141,Lenox Hill West,42,Central Harlem North,5.916,7.299,7.238,17.4,21.7,14.5
141,Lenox Hill West,43,Central Park,1.796,2.227,2.238,5.4,6.7,4.5
141,Lenox Hill West,45,Chinatown,6.87,9.322,9.268,22.2,27.8,18.5
141,Lenox Hill West,48,Clinton East,2.603,3.089,3.095,7.4,9.3,6.2
141,Lenox Hill West,50,Clinton West,2.998,3.096,3.109,7.5,9.3,6.2
141,Lenox Hill West,68,East Chelsea,3.975,5.48,5.472,13.1,16.4,10.9
141,Lenox Hill West,74,East Harlem North,4.24,5.693,5.657,13.6,17.0,11.3
141,Lenox Hill West,75,East Harlem South,2.817,3.74,3.715,8.9,11.1,7.4
141,Lenox Hill West,79,East Village,4.9,6.601,6.561,15.7,19.7,13.1
141,Lenox Hill West,87,Financial District North,7.807,10.744,10.687,25.6,32.1,21.4
141,Lenox Hill West,88,Financial District South,8.311,11.468,11.409,27.4,34.2,22.8
141,Lenox Hill West,90,Flatiron,4.177,5.912,5.895,14.1,17.7,11.8
141,Lenox Hill West,100,Garment District,2.878,3.969,3.963,9.5,11.9,7.9
141,Lenox Hill West,103,Governor's Island/Ellis Island/Liberty Island,11.209,15.837,15.775,37.9,47.3,31.6
141,Lenox Hill West,107,Gramercy,3.93,5.419,5.39,12.9,16.2,10.8
141,Lenox Hill West,113,Greenwich Village North,4.81,6.762,6.732,16.2,20.2,13.5
141,Lenox Hill West,114,Greenwich Village South,5.343,7.494,7.46,17.9,22.4,14.9
141,Lenox Hill West,116,Hamilton Heights,6.736,7.612,7.537,18.1,22.6,15.1
141,Lenox Hill West,120,Highbridge Park,9.195,11.352,11.257,27.0,33.8,22.5
141,Lenox Hill West,125,Hudson Sq,6.06,8.58,8.548,20.5,25.6,17.1
141,Lenox Hill West,127,Inwood,11.522,14.431,14.313,34.4,42.9,28.6
141,Lenox Hill West,128,Inwood Hill Park,12.08,14.7,14.572,35.0,43.7,29.1
141,Lenox Hill West,137,Kips Bay,3.27,4.376,4.348,10.4,13.0,8.7
141,Lenox Hill West,140,Lenox Hill East,0.444,0.579,0.573,1.4,1.7,1.1
141,Lenox Hill West,141,Lenox Hill West,0.0,0.0,0.0,0.0,0.0,0.0
141,Lenox Hill West,142,Lincoln Square East,1.992,2.603,2.577,6.2,7.7,5.2
141,Lenox Hill West,143,Lincoln Square West,2.568,3.382,3.349,8.0,10.0,6.7
141,Lenox Hill West,144,Little Italy/NoLiTa,6.006,8.282,8.238,19.8,24.7,16.5
141,Lenox Hill West,148,Lower East Side,5.949,7.986,7.937,19.0,23.8,15.9
141,Lenox Hill West,151,Manhattan Valley,3.519,4.168,4.195,10.1,12.6,8.4
141,Lenox Hill West,152,Manhattanville,5.688,6.161,6.097,14.6,18.3,12.2
141,Lenox Hill West,153,Marble Hill,12.8,16.288,16.159,38.8,48.5,32.3
141,Lenox Hill West,158,Meatpacking/West Village West,5.471,7.737,7.716,18.5,23.1,15.4
141,Lenox Hill West,161,Midtown Center,1.819,2.526,2.521,6.1,7.6,5.0
141,Lenox Hill West,162,Midtown East,1.566,2.22,2.212,5.3,6.6,4.4
141,Lenox Hill West,163,Midtown North,1.54,1.805,1.809,4.3,5.4,3.6
141,Lenox Hill West,164,Midtown South,2.968,4.209,4.195,10.1,12.6,8.4
141,Lenox Hill West,166,Morningside Heights,4.724,4.899,4.952,11.9,14.9,9.9
141,Lenox Hill West,170,Murray Hill,2.661,3.734,3.717,8.9,11.2,7.4
141,Lenox Hill West,186,Penn Station/Madison Sq West,3.445,4.836,4.825,11.6,14.5,9.7
141,Lenox Hill West,194,Randalls Island,3.985,5.648,5.63,13.5,16.9,11.3
141,Lenox Hill West,202,Roosevelt Island,0.991,1.383,1.375,3.3,4.1,2.7
141,Lenox Hill West,209,Seaport,7.425,10.167,10.111,24.3,30.3,20.2
141,Lenox Hill West,211,SoHo,5.949,8.341,8.303,19.9,24.9,16.6
141,Lenox Hill West,224,Stuy Town/Peter Cooper Village,4.156,5.341,5.302,12.7,15.9,10.6
141,Lenox Hill West,229,Sutton Place/Turtle Bay North,1.227,1.603,1.592,3.8,4.8,3.2
141,Lenox Hill West,230,Times Sq/Theatre District,2.22,2.879,2.88,6.9,8.6,5.8
141,Lenox Hill West,231,TriBeCa/Civic Center,6.814,9.559,9.516,22.8,28.5,19.0
141,Lenox Hill West,232,Two Bridges/Seward Park,6.126,7.784,7.726,18.5,23.2,15.5
141,Lenox Hill West,233,UN/Turtle Bay South,2.1,2.809,2.792,6.7,8.4,5.6
141,Lenox Hill West,234,Union Sq,3.938,5.574,5.552,13.3,16.7,11.1
141,Lenox Hill West,236,Upper East Side North,1.514,1.72,1.704,4.1,5.1,3.4
141,Lenox Hill West,237,Upper East Side South,0.539,0.695,0.688,1.7,2.1,1.4
141,Lenox Hill West,238,Upper West Side North,2.973,3.888,3.899,9.4,11.7,7.8
141,Lenox Hill West,239,Upper West Side South,2.478,3.503,3.495,8.4,10.5,7.0
141,Lenox Hill West,243,Washington Heights North,10.265,12.286,12.176,29.2,36.5,24.4
141,Lenox Hill West,244,Washington Heights South,8.444,9.848,9.756,23.4,29.3,19.5
141,Lenox Hill West,246,West Chelsea/Hudson Yards,4.042,5.286,5.286,12.7,15.9,10.6
141,Lenox Hill West,249,West Village,5.124,7.269,7.245,17.4,21.7,14.5
141,Lenox Hill West,261,World Trade Center,7.845,10.955,10.903,26.2,32.7,21.8
141,Lenox Hill West,262,Yorkville East,1.491,2.113,2.106,5.1,6.3,4.2
141,Lenox Hill West,263,Yorkville West,1.501,2.045,2.033,4.9,6.1,4.1
142,Lincoln Square East,4,Alphabet City,5.553,5.925,5.982,14.4,17.9,12.0
142,Lincoln Square East,12,Battery Park,8.36,10.739,10.663,25.6,32.0,21.3
142,Lincoln Square East,13,Battery Park City,7.436,9.774,9.71,23.3,29.1,19.4
142,Lincoln Square East,24,Bloomingdale,3.426,4.51,4.479,10.7,13.4,9.0
142,Lincoln Square East,41,Central Harlem,4.259,5.978,5.949,14.3,17.8,11.9
142,Lincoln Square East,42,Central Harlem North,6.032,8.418,8.374,20.1,25.1,16.7
142,Lincoln Square East,43,Central Park,1.669,2.34,2.334,5.6,7.0,4.7
142,Lincoln Square East,45,Chinatown,6.937,8.203,8.132,19.5,24.4,16.3
142,Lincoln Square East,48,Clinton East,1.446,1.97,1.958,4.7,5.9,3.9
142,Lincoln Square East,50,Clinton West,1.412,1.977,1.973,4.7,5.9,3.9
142,Lincoln Square East,68,East Chelsea,3.201,4.361,4.336,10.4,13.0,8.7
142,Lincoln Square East,74,East Harlem North,4.823,6.812,6.793,16.3,20.4,13.6
142,Lincoln Square East,75,East Harlem South,3.526,4.859,4.852,11.6,14.6,9.7
142,Lincoln Square East,79,East Village,5.123,5.482,5.425,13.0,16.3,10.8
142,Lincoln Square East,87,Financial District North,7.738,9.624,9.55,22.9,28.7,19.1
142,Lincoln Square East,88,Financial District South,8.205,10.349,10.272,24.7,30.8,20.5
142,Lincoln Square East,90,Flatiron,3.718,4.793,4.759,11.4,14.3,9.5
142,Lincoln Square East,100,Garment District,2.317,2.85,2.827,6.8,8.5,5.7
142,Lincoln Square East,103,Governor's Island/Ellis Island/Liberty Island,10.749,14.718,14.639,35.1,43.9,29.3
142,Lincoln Square East,107,Gramercy,4.093,4.3,4.254,10.2,12.8,8.5
142,Lincoln Square East,113,Greenwich Village North,4.685,5.643,5.595,13.4,16.8,11.2
142,Lincoln Square East,114,Greenwich Village South,5.205,6.375,6.323,15.2,19.0,12.6
142,Lincoln Square East,116,Hamilton Heights,6.55,8.731,8.673,20.8,26.0,17.3
142,Lincoln Square East,120,Highbridge Park,9.195,12.472,12.393,29.7,37.2,24.8
142,Lincoln Square East,125,Hudson Sq,5.696,7.461,7.411,17.8,22.2,14.8
142,Lincoln Square East,127,Inwood,11.53,15.55,15.449,37.1,46.3,30.9
142,Lincoln Square East,128,Inwood Hill Park,11.979,15.82,15.709,37.7,47.1,31.4
142,Lincoln Square East,137,Kips Bay,3.711,4.113,4.148,10.0,12.4,8.3
142,Lincoln Square East,140,Lenox Hill East,2.436,3.182,3.15,7.6,9.4,6.3
142,Lincoln Square East,141,Lenox Hill West,1.992,2.603,2.577,6.2,7.7,5.2
142,Lincoln Square East,142,Lincoln Square East,0.0,0.0,0.0,0.0,0.0,0.0
142,Lincoln Square East,143,Lincoln Square West,0.577,0.778,0.772,1.9,2.3,1.5
142,Lincoln Square East,144,Little Italy/NoLiTa,6.0,7.162,7.102,17.0,21.3,14.2
142,Lincoln Square East,148,Lower East Side,6.125,6.867,6.801,16.3,20.4,13.6
142,Lincoln Square East,151,Manhattan Valley,2.928,3.836,3.81,9.1,11.4,7.6
142,Lincoln Square East,152,Manhattanville,5.453,7.281,7.233,17.4,21.7,14.5
142,Lincoln Square East,153,Marble Hill,12.852,17.407,17.296,41.5,51.9,34.6
142,Lincoln Square East,158,Meatpacking/West Village West,4.873,6.618,6.579,15.8,19.7,13.2
142,Lincoln Square East,161,Midtown Center,1.763,2.058,2.072,5.0,6.2,4.1
142,Lincoln Square East,162,Midtown East,2.035,2.661,2.668,6.4,8.0,5.3
142,Lincoln Square East,163,Midtown North,1.076,1.359,1.365,3.3,4.1,2.7
142,Lincoln Square East,164,Midtown South,2.8,3.09,3.059,7.3,9.2,6.1
142,Lincoln Square East,166,Morningside Heights,4.314,5.657,5.617,13.5,16.9,11.2
142,Lincoln Square East,170,Murray Hill,2.886,3.132,3.161,7.6,9.5,6.3
142,Lincoln Square East,186,Penn Station/Madison Sq West,2.939,3.717,3.689,8.9,11.1,7.4
142,Lincoln Square East,194,Randalls Island,5.179,6.767,6.766,16.2,20.3,13.5
142,Lincoln Square East,202,Roosevelt Island,2.968,3.987,3.952,9.5,11.9,7.9
142,Lincoln Square East,209,Seaport,7.409,9.047,8.975,21.5,26.9,17.9
142,Lincoln Square East,211,SoHo,5.777,7.222,7.167,17.2,21.5,14.3
142,Lincoln Square East,224,Stuy Town/Peter Cooper Village,4.662,5.061,5.107,12.3,15.3,10.2
142,Lincoln Square East,229,Sutton Place/Turtle Bay North,2.332,3.269,3.265,7.8,9.8,6.5
142,Lincoln Square East,230,Times Sq/Theatre District,1.551,1.76,1.743,4.2,5.2,3.5
142,Lincoln Square East,231,TriBeCa/Civic Center,6.59,8.44,8.38,20.1,25.1,16.8
142,Lincoln Square East,232,Two Bridges/Seward Park,6.542,6.665,6.59,15.8,19.8,13.2
142,Lincoln Square East,233,UN/Turtle Bay South,2.795,3.575,3.589,8.6,10.8,7.2
142,Lincoln Square East,234,Union Sq,3.774,4.455,4.416,10.6,13.2,8.8
142,Lincoln Square East,236,Upper East Side North,2.204,2.839,2.84,6.8,8.5,5.7
142,Lincoln Square East,237,Upper East Side South,1.453,1.908,1.89,4.5,5.7,3.8
142,Lincoln Square East,238,Upper West Side North,2.131,2.727,2.707,6.5,8.1,5.4
142,Lincoln Square East,239,Upper West Side South,1.173,1.393,1.381,3.3,4.1,2.8
142,Lincoln Square East,243,Washington Heights North,10.14,13.405,13.312,31.9,39.9,26.6
142,Lincoln Square East,244,Washington Heights South,8.284,10.968,10.893,26.1,32.7,21.8
142,Lincoln Square East,246,West Chelsea/Hudson Yards,2.949,4.167,4.15,10.0,12.4,8.3
142,Lincoln Square East,249,West Village,4.697,6.149,6.108,14.7,18.3,12.2
142,Lincoln Square East,261,World Trade Center,7.64,9.836,9.767,23.4,29.3,19.5
142,Lincoln Square East,262,Yorkville East,2.968,3.232,3.243,7.8,9.7,6.5
142,Lincoln Square East,263,Yorkville West,2.639,3.164,3.169,7.6,9.5,6.3
143,Lincoln Square West,4,Alphabet City,5.868,6.703,6.754,16.2,20.3,13.5
143,Lincoln Square West,12,Battery Park,8.445,10.478,10.397,25.0,31.2,20.8
143,Lincoln Square West,13,Battery Park City,7.494,9.513,9.444,22.7,28.3,18.9
143,Lincoln Square West,24,Bloomingdale,3.441,4.771,4.745,11.4,14.2,9.5
143,Lincoln Square West,41,Central Harlem,4.398,6.239,6.215,14.9,18.6,12.4
143,Lincoln Square West,42,Central Harlem North,6.141,8.679,8.64,20.7,25.9,17.3
143,Lincoln Square West,43,Central Park,2.0,2.601,2.6,6.2,7.8,5.2
143,Lincoln Square West,45,Chinatown,7.108,7.942,7.866,18.9,23.6,15.7
143,Lincoln Square West,48,Clinton East,1.534,1.709,1.692,4.1,5.1,3.4
143,Lincoln Square West,50,Clinton West,1.252,1.716,1.707,4.1,5.1,3.4
143,Lincoln Square West,68,East Chelsea,3.229,4.1,4.07,9.8,12.2,8.1
143,Lincoln Square West,74,East Harlem North,5.085,7.073,7.059,16.9,21.2,14.1
143,Lincoln Square West,75,East Harlem South,3.865,5.12,5.118,12.3,15.4,10.2
143,Lincoln Square West,79,East Village,5.371,5.511,5.571,13.4,16.7,11.1
143,Lincoln Square West,87,Financial District North,7.861,9.364,9.284,22.3,27.9,18.6
143,Lincoln Square West,88,Financial District South,8.311,10.088,10.006,24.0,30.0,20.0
143,Lincoln Square West,90,Flatiron,3.823,4.532,4.493,10.8,13.5,9.0
143,Lincoln Square West,100,Garment District,2.495,2.589,2.561,6.1,7.7,5.1
143,Lincoln Square West,103,Governor's Island/Ellis Island/Liberty Island,10.73,14.457,14.373,34.5,43.1,28.7
143,Lincoln Square West,107,Gramercy,4.357,4.65,4.695,11.3,14.1,9.4
143,Lincoln Square West,113,Greenwich Village North,4.851,5.382,5.329,12.8,16.0,10.7
143,Lincoln Square West,114,Greenwich Village South,5.352,6.114,6.057,14.5,18.2,12.1
143,Lincoln Square West,116,Hamilton Heights,6.56,8.992,8.939,21.5,26.8,17.9
143,Lincoln Square West,120,Highbridge Park,9.228,12.732,12.659,30.4,38.0,25.3
143,Lincoln Square West,125,Hudson Sq,5.765,7.2,7.145,17.1,21.4,14.3
143,Lincoln Square West,127,Inwood,11.549,15.811,15.715,37.7,47.1,31.4
143,Lincoln Square West,128,Inwood Hill Park,11.964,16.08,15.975,38.3,47.9,31.9
143,Lincoln Square West,137,Kips Bay,4.056,4.891,4.92,11.8,14.8,9.8
143,Lincoln Square West,140,Lenox Hill East,3.012,3.96,3.922,9.4,11.8,7.8
143,Lincoln Square West,141,Lenox Hill West,2.568,3.382,3.349,8.0,10.0,6.7
143,Lincoln Square West,142,Lincoln Square East,0.577,0.778,0.772,1.9,2.3,1.5
143,Lincoln Square West,143,Lincoln Square West,0.0,0.0,0.0,0.0,0.0,0.0
143,Lincoln Square West,144,Little Italy/NoLiTa,6.166,6.902,6.835,16.4,20.5,13.7
143,Lincoln Square West,148,Lower East Side,6.339,6.606,6.535,15.7,19.6,13.1
143,Lincoln Square West,151,Manhattan Valley,2.944,4.097,4.076,9.8,12.2,8.2
143,Lincoln Square West,152,Manhattanville,5.471,7.541,7.499,18.0,22.5,15.0
143,Lincoln Square West,153,Marble Hill,12.877,17.668,17.562,42.1,52.7,35.1
143,Lincoln Square West,158,Meatpacking/West Village West,4.889,6.357,6.313,15.2,18.9,12.6
143,Lincoln Square West,161,Midtown Center,2.162,2.837,2.844,6.8,8.5,5.7
143,Lincoln Square West,162,Midtown East,2.5,3.439,3.44,8.3,10.3,6.9
143,Lincoln Square West,163,Midtown North,1.539,2.138,2.137,5.1,6.4,4.3
143,Lincoln Square West,164,Midtown South,3.049,3.252,3.283,7.9,9.9,6.6
143,Lincoln Square West,166,Morningside Heights,4.313,5.918,5.883,14.1,17.7,11.8
143,Lincoln Square West,170,Murray Hill,3.228,3.91,3.933,9.4,11.8,7.9
143,Lincoln Square West,186,Penn Station/Madison Sq West,3.077,3.456,3.423,8.2,10.3,6.8
143,Lincoln Square West,194,Randalls Island,5.578,7.028,7.032,16.9,21.1,14.1
143,Lincoln Square West,202,Roosevelt Island,3.545,4.765,4.724,11.3,14.2,9.4
143,Lincoln Square West,209,Seaport,7.551,8.787,8.709,20.9,26.1,17.4
143,Lincoln Square West,211,SoHo,5.901,6.961,6.901,16.6,20.7,13.8
143,Lincoln Square West,224,Stuy Town/Peter Cooper Village,4.99,5.839,5.879,14.1,17.6,11.8
143,Lincoln Square West,229,Sutton Place/Turtle Bay North,2.859,4.048,4.037,9.7,12.1,8.1
143,Lincoln Square West,230,Times Sq/Theatre District,1.817,2.086,2.101,5.0,6.3,4.2
143,Lincoln Square West,231,TriBeCa/Civic Center,6.684,8.179,8.114,19.5,24.3,16.2
143,Lincoln Square West,232,Two Bridges/Seward Park,6.811,7.19,7.261,17.4,21.8,14.5
143,Lincoln Square West,233,UN/Turtle Bay South,3.237,4.354,4.361,10.5,13.1,8.7
143,Lincoln Square West,234,Union Sq,3.964,4.194,4.149,10.0,12.4,8.3
143,Lincoln Square West,236,Upper East Side North,2.633,3.1,3.106,7.5,9.3,6.2
143,Lincoln Square West,237,Upper East Side South,2.03,2.687,2.661,6.4,8.0,5.3
143,Lincoln Square West,238,Upper West Side North,2.138,2.988,2.973,7.1,8.9,5.9
143,Lincoln Square West,239,Upper West Side South,1.169,1.654,1.647,4.0,4.9,3.3
143,Lincoln Square West,243,Washington Heights North,10.128,13.666,13.578,32.6,40.7,27.2
143,Lincoln Square West,244,Washington Heights South,8.278,11.228,11.159,26.8,33.5,22.3
143,Lincoln Square West,246,West Chelsea/Hudson Yards,2.871,3.906,3.884,9.3,11.7,7.8
143,Lincoln Square West,249,West Village,4.773,5.889,5.842,14.0,17.5,11.7
143,Lincoln Square West,261,World Trade Center,7.724,9.575,9.501,22.8,28.5,19.0
143,Lincoln Square West,262,Yorkville East,3.473,3.5,3.509,8.4,10.5,7.0
143,Lincoln Square West,263,Yorkville West,3.108,3.425,3.435,8.2,10.3,6.9
144,Little Italy/NoLiTa,4,Alphabet City,1.715,2.014,2.019,4.8,6.1,4.0
144,Little Italy/NoLiTa,12,Battery Park,2.54,3.577,3.562,8.5,10.7,7.1
144,Little Italy/NoLiTa,13,Battery Park City,1.894,2.611,2.608,6.3,7.8,5.2
144,Little Italy/NoLiTa,24,Bloomingdale,9.387,11.672,11.581,27.8,34.7,23.2
144,Little Italy/NoLiTa,41,Central Harlem,10.035,13.141,13.051,31.3,39.2,26.1
144,Little Italy/NoLiTa,42,Central Harlem North,11.806,15.58,15.476,37.1,46.4,31.0
144,Little Italy/NoLiTa,43,Central Park,7.334,9.502,9.436,22.6,28.3,18.9
144,Little Italy/NoLiTa,45,Chinatown,0.942,1.04,1.03,2.5,3.1,2.1
144,Little Italy/NoLiTa,48,Clinton East,4.632,5.193,5.143,12.3,15.4,10.3
144,Little Italy/NoLiTa,50,Clinton West,5.038,5.185,5.129,12.3,15.4,10.3
144,Little Italy/NoLiTa,68,East Chelsea,3.069,3.312,3.342,8.0,10.0,6.7
144,Little Italy/NoLiTa,74,East Harlem North,10.236,13.975,13.894,33.3,41.7,27.8
144,Little Italy/NoLiTa,75,East Harlem South,8.809,12.022,11.953,28.7,35.9,23.9
144,Little Italy/NoLiTa,79,East Village,1.191,1.681,1.677,4.0,5.0,3.4
144,Little Italy/NoLiTa,87,Financial District North,1.801,2.462,2.449,5.9,7.3,4.9
144,Little Italy/NoLiTa,88,Financial District South,2.305,3.187,3.171,7.6,9.5,6.3
144,Little Italy/NoLiTa,90,Flatiron,2.375,2.379,2.406,5.8,7.2,4.8
144,Little Italy/NoLiTa,100,Garment District,3.687,4.312,4.274,10.3,12.8,8.5
144,Little Italy/NoLiTa,103,Governor's Island/Ellis Island/Liberty Island,5.346,7.556,7.538,18.1,22.6,15.1
144,Little Italy/NoLiTa,107,Gramercy,2.077,2.862,2.848,6.8,8.5,5.7
144,Little Italy/NoLiTa,113,Greenwich Village North,1.317,1.52,1.506,3.6,4.5,3.0
144,Little Italy/NoLiTa,114,Greenwich Village South,0.828,0.866,0.875,2.1,2.6,1.8
144,Little Italy/NoLiTa,116,Hamilton Heights,12.473,15.893,15.775,37.9,47.3,31.5
144,Little Italy/NoLiTa,120,Highbridge Park,15.061,19.634,19.495,46.8,58.5,39.0
144,Little Italy/NoLiTa,125,Hudson Sq,1.076,1.498,1.489,3.6,4.5,3.0
144,Little Italy/NoLiTa,127,Inwood,17.403,22.713,22.551,54.1,67.7,45.1
144,Little Italy/NoLiTa,128,Inwood Hill Park,17.902,22.982,22.81,54.7,68.4,45.6
144,Little Italy/NoLiTa,137,Kips Bay,2.773,3.906,3.89,9.3,11.7,7.8
144,Little Italy/NoLiTa,140,Lenox Hill East,6.101,8.535,8.495,20.4,25.5,17.0
144,Little Italy/NoLiTa,141,Lenox Hill West,6.006,8.282,8.238,19.8,24.7,16.5
144,Little Italy/NoLiTa,142,Lincoln Square East,6.0,7.162,7.102,17.0,21.3,14.2
144,Little Italy/NoLiTa,143,Lincoln Square West,6.166,6.902,6.835,16.4,20.5,13.7
144,Little Italy/NoLiTa,144,Little Italy/NoLiTa,0.0,0.0,0.0,0.0,0.0,0.0
144,Little Italy/NoLiTa,148,Lower East Side,0.553,0.728,0.722,1.7,2.2,1.4
144,Little Italy/NoLiTa,151,Manhattan Valley,8.897,10.999,10.911,26.2,32.7,21.8
144,Little Italy/NoLiTa,152,Manhattanville,11.38,14.443,14.335,34.4,43.0,28.7
144,Little Italy/NoLiTa,153,Marble Hill,18.706,24.57,24.397,58.6,73.2,48.8
144,Little Italy/NoLiTa,158,Meatpacking/West Village West,1.873,2.596,2.596,6.2,7.8,5.2
144,Little Italy/NoLiTa,161,Midtown Center,4.432,5.756,5.717,13.7,17.2,11.4
144,Little Italy/NoLiTa,162,Midtown East,4.484,6.061,6.026,14.5,18.1,12.1
144,Little Italy/NoLiTa,163,Midtown North,5.103,6.477,6.429,15.4,19.3,12.9
144,Little Italy/NoLiTa,164,Midtown South,3.231,4.073,4.043,9.7,12.1,8.1
144,Little Italy/NoLiTa,166,Morningside Heights,10.274,12.819,12.719,30.5,38.2,25.4
144,Little Italy/NoLiTa,170,Murray Hill,3.364,4.547,4.521,10.9,13.6,9.0
144,Little Italy/NoLiTa,186,Penn Station/Madison Sq West,3.089,3.445,3.412,8.2,10.2,6.8
144,Little Italy/NoLiTa,194,Randalls Island,9.895,13.93,13.868,33.3,41.6,27.7
144,Little Italy/NoLiTa,202,Roosevelt Island,6.04,8.544,8.511,20.4,25.5,17.0
144,Little Italy/NoLiTa,209,Seaport,1.431,1.885,1.873,4.5,5.6,3.7
144,Little Italy/NoLiTa,211,SoHo,0.513,0.726,0.722,1.7,2.2,1.4
144,Little Italy/NoLiTa,224,Stuy Town/Peter Cooper Village,2.103,2.941,2.935,7.0,8.8,5.9
144,Little Italy/NoLiTa,229,Sutton Place/Turtle Bay North,4.8,6.679,6.646,16.0,19.9,13.3
144,Little Italy/NoLiTa,230,Times Sq/Theatre District,4.455,5.402,5.358,12.9,16.1,10.7
144,Little Italy/NoLiTa,231,TriBeCa/Civic Center,0.989,1.278,1.278,3.1,3.8,2.6
144,Little Italy/NoLiTa,232,Two Bridges/Seward Park,1.359,1.864,1.851,4.4,5.6,3.7
144,Little Italy/NoLiTa,233,UN/Turtle Bay South,3.923,5.472,5.446,13.1,16.3,10.9
144,Little Italy/NoLiTa,234,Union Sq,2.228,2.708,2.686,6.4,8.1,5.4
144,Little Italy/NoLiTa,236,Upper East Side North,7.422,10.002,9.941,23.9,29.8,19.9
144,Little Italy/NoLiTa,237,Upper East Side South,5.922,7.957,7.908,19.0,23.7,15.8
144,Little Italy/NoLiTa,238,Upper West Side North,8.118,9.89,9.808,23.5,29.4,19.6
144,Little Italy/NoLiTa,239,Upper West Side South,7.172,8.555,8.482,20.4,25.4,17.0
144,Little Italy/NoLiTa,243,Washington Heights North,16.065,20.568,20.414,49.0,61.2,40.8
144,Little Italy/NoLiTa,244,Washington Heights South,14.212,18.13,17.994,43.2,54.0,36.0
144,Little Italy/NoLiTa,246,West Chelsea/Hudson Yards,3.65,4.202,4.232,10.2,12.7,8.5
144,Little Italy/NoLiTa,249,West Village,1.601,2.026,2.034,4.9,6.1,4.1
144,Little Italy/NoLiTa,261,World Trade Center,1.885,2.673,2.665,6.4,8.0,5.3
144,Little Italy/NoLiTa,262,Yorkville East,7.449,10.395,10.344,24.8,31.0,20.7
144,Little Italy/NoLiTa,263,Yorkville West,7.506,10.327,10.271,24.6,30.8,20.5
148,Lower East Side,4,Alphabet City,1.292,1.718,1.718,4.1,5.2,3.4
148,Lower East Side,12,Battery Park,2.738,3.872,3.862,9.3,11.6,7.7
148,Lower East Side,13,Battery Park City,2.262,2.906,2.908,7.0,8.7,5.8
148,Lower East Side,24,Bloomingdale,9.467,11.377,11.28,27.1,33.8,22.6
148,Lower East Side,41,Central Harlem,10.055,12.845,12.75,30.6,38.3,25.5
148,Lower East Side,42,Central Harlem North,11.813,15.285,15.175,36.4,45.5,30.4
148,Lower East Side,43,Central Park,7.373,9.207,9.135,21.9,27.4,18.3
148,Lower East Side,45,Chinatown,0.945,1.336,1.331,3.2,4.0,2.7
148,Lower East Side,48,Clinton East,4.811,4.897,4.843,11.6,14.5,9.7
148,Lower East Side,50,Clinton West,5.265,5.611,5.665,13.6,17.0,11.3
148,Lower East Side,68,East Chelsea,3.362,4.04,4.064,9.8,12.2,8.1
148,Lower East Side,74,East Harlem North,10.19,13.679,13.594,32.6,40.8,27.2
148,Lower East Side,75,East Harlem South,8.765,11.726,11.653,28.0,35.0,23.3
148,Lower East Side,79,East Village,1.051,1.385,1.376,3.3,4.1,2.8
148,Lower East Side,87,Financial District North,1.945,2.757,2.749,6.6,8.2,5.5
148,Lower East Side,88,Financial District South,2.455,3.482,3.471,8.3,10.4,6.9
148,Lower East Side,90,Flatiron,2.642,3.107,3.128,7.5,9.4,6.3
148,Lower East Side,100,Garment District,3.844,4.017,3.974,9.5,11.9,7.9
148,Lower East Side,103,Governor's Island/Ellis Island/Liberty Island,5.618,7.851,7.838,18.8,23.5,15.7
148,Lower East Side,107,Gramercy,2.069,2.567,2.547,6.1,7.6,5.1
148,Lower East Side,113,Greenwich Village North,1.542,1.804,1.816,4.4,5.4,3.6
148,Lower East Side,114,Greenwich Village South,1.179,1.595,1.597,3.8,4.8,3.2
148,Lower East Side,116,Hamilton Heights,12.523,15.598,15.474,37.1,46.4,30.9
148,Lower East Side,120,Highbridge Park,15.082,19.339,19.194,46.1,57.6,38.4
148,Lower East Side,125,Hudson Sq,1.622,2.226,2.211,5.3,6.6,4.4
148,Lower East Side,127,Inwood,17.421,22.417,22.25,53.4,66.8,44.5
148,Lower East Side,128,Inwood Hill Park,17.941,22.687,22.51,54.0,67.5,45.0
148,Lower East Side,137,Kips Bay,2.68,3.611,3.589,8.6,10.8,7.2
148,Lower East Side,140,Lenox Hill East,6.004,8.24,8.195,19.7,24.6,16.4
148,Lower East Side,141,Lenox Hill West,5.949,7.986,7.937,19.0,23.8,15.9
148,Lower East Side,142,Lincoln Square East,6.125,6.867,6.801,16.3,20.4,13.6
148,Lower East Side,143,Lincoln Square West,6.339,6.606,6.535,15.7,19.6,13.1
148,Lower East Side,144,Little Italy/NoLiTa,0.553,0.728,0.722,1.7,2.2,1.4
148,Lower East Side,148,Lower East Side,0.0,0.0,0.0,0.0,0.0,0.0
148,Lower East Side,151,Manhattan Valley,8.983,10.703,10.611,25.5,31.8,21.2
148,Lower East Side,152,Manhattanville,11.436,14.148,14.034,33.7,42.1,28.1
148,Lower East Side,153,Marble Hill,18.715,24.274,24.097,57.8,72.3,48.2
148,Lower East Side,158,Meatpacking/West Village West,2.352,3.324,3.317,8.0,10.0,6.6
148,Lower East Side,161,Midtown Center,4.482,5.461,5.416,13.0,16.2,10.8
148,Lower East Side,162,Midtown East,4.475,5.766,5.725,13.7,17.2,11.5
148,Lower East Side,163,Midtown North,5.175,6.181,6.129,14.7,18.4,12.3
148,Lower East Side,164,Midtown South,3.327,3.778,3.742,9.0,11.2,7.5
148,Lower East Side,166,Morningside Heights,10.349,12.524,12.419,29.8,37.3,24.8
148,Lower East Side,170,Murray Hill,3.366,4.252,4.22,10.1,12.7,8.4
148,Lower East Side,186,Penn Station/Madison Sq West,3.285,3.412,3.448,8.3,10.3,6.9
148,Lower East Side,194,Randalls Island,9.767,13.634,13.568,32.6,40.7,27.1
148,Lower East Side,202,Roosevelt Island,5.892,8.249,8.211,19.7,24.6,16.4
148,Lower East Side,209,Seaport,1.538,2.18,2.173,5.2,6.5,4.3
148,Lower East Side,211,SoHo,1.054,1.454,1.444,3.5,4.3,2.9
148,Lower East Side,224,Stuy Town/Peter Cooper Village,1.872,2.645,2.635,6.3,7.9,5.3
148,Lower East Side,229,Sutton Place/Turtle Bay North,4.727,6.384,6.346,15.2,19.0,12.7
148,Lower East Side,230,Times Sq/Theatre District,4.575,5.107,5.058,12.1,15.2,10.1
148,Lower East Side,231,TriBeCa/Civic Center,1.441,1.573,1.579,3.8,4.7,3.2
148,Lower East Side,232,Two Bridges/Seward Park,0.813,1.136,1.129,2.7,3.4,2.3
148,Lower East Side,233,UN/Turtle Bay South,3.849,5.177,5.146,12.3,15.4,10.3
148,Lower East Side,234,Union Sq,2.377,2.413,2.386,5.7,7.2,4.8
148,Lower East Side,236,Upper East Side North,7.405,9.706,9.641,23.1,28.9,19.3
148,Lower East Side,237,Upper East Side South,5.915,7.661,7.608,18.3,22.8,15.2
148,Lower East Side,238,Upper West Side North,8.22,9.594,9.508,22.8,28.5,19.0
148,Lower East Side,239,Upper West Side South,7.295,8.26,8.182,19.6,24.5,16.4
148,Lower East Side,243,Washington Heights North,16.107,20.272,20.113,48.3,60.3,40.2
148,Lower East Side,244,Washington Heights South,14.259,17.835,17.694,42.5,53.1,35.4
148,Lower East Side,246,West Chelsea/Hudson Yards,3.974,4.93,4.954,11.9,14.9,9.9
148,Lower East Side,249,West Village,2.01,2.754,2.756,6.6,8.3,5.5
148,Lower East Side,261,World Trade Center,2.163,2.968,2.966,7.1,8.9,5.9
148,Lower East Side,262,Yorkville East,7.356,10.099,10.044,24.1,30.1,20.1
148,Lower East Side,263,Yorkville West,7.449,10.031,9.97,23.9,29.9,19.9
151,Manhattan Valley,4,Alphabet City,8.274,8.985,8.893,21.3,26.7,17.8
151,Manhattan Valley,12,Battery Park,11.285,14.575,14.473,34.7,43.4,28.9
151,Manhattan Valley,13,Battery Park City,10.364,13.61,13.519,32.4,40.6,27.0
151,Manhattan Valley,24,Bloomingdale,0.5,0.673,0.669,1.6,2.0,1.3
151,Manhattan Valley,41,Central Harlem,1.59,2.142,2.139,5.1,6.4,4.3
151,Manhattan Valley,42,Central Harlem North,3.229,4.582,4.564,11.0,13.7,9.1
151,Manhattan Valley,43,Central Park,1.734,1.941,1.957,4.7,5.9,3.9
151,Manhattan Valley,45,Chinatown,9.827,12.039,11.942,28.7,35.8,23.9
151,Manhattan Valley,48,Clinton East,4.367,5.806,5.768,13.8,17.3,11.5
151,Manhattan Valley,50,Clinton West,4.194,5.814,5.783,13.9,17.3,11.6
151,Manhattan Valley,68,East Chelsea,6.119,8.197,8.145,19.5,24.4,16.3
151,Manhattan Valley,74,East Harlem North,2.625,2.976,2.983,7.2,8.9,6.0
151,Manhattan Valley,75,East Harlem South,2.088,2.788,2.762,6.6,8.3,5.5
151,Manhattan Valley,79,East Village,7.954,9.318,9.235,22.2,27.7,18.5
151,Manhattan Valley,87,Financial District North,10.653,13.461,13.36,32.1,40.1,26.7
151,Manhattan Valley,88,Financial District South,11.125,14.186,14.082,33.8,42.2,28.2
151,Manhattan Valley,90,Flatiron,6.645,8.629,8.569,20.6,25.7,17.1
151,Manhattan Valley,100,Garment District,5.234,6.686,6.637,15.9,19.9,13.3
151,Manhattan Valley,103,Governor's Island/Ellis Island/Liberty Island,13.658,18.555,18.449,44.3,55.3,36.9
151,Manhattan Valley,107,Gramercy,6.921,8.136,8.064,19.4,24.2,16.1
151,Manhattan Valley,113,Greenwich Village North,7.589,9.479,9.405,22.6,28.2,18.8
151,Manhattan Valley,114,Greenwich Village South,8.115,10.211,10.133,24.3,30.4,20.3
151,Manhattan Valley,116,Hamilton Heights,3.627,4.895,4.863,11.7,14.6,9.7
151,Manhattan Valley,120,Highbridge Park,6.287,8.635,8.583,20.6,25.8,17.2
151,Manhattan Valley,125,Hudson Sq,8.624,11.298,11.221,26.9,33.7,22.4
151,Manhattan Valley,127,Inwood,8.614,11.714,11.639,27.9,34.9,23.3
151,Manhattan Valley,128,Inwood Hill Park,9.052,11.983,11.899,28.6,35.7,23.8
151,Manhattan Valley,137,Kips Bay,6.426,7.093,7.022,16.9,21.1,14.0
151,Manhattan Valley,140,Lenox Hill East,3.781,4.747,4.768,11.4,14.3,9.5
151,Manhattan Valley,141,Lenox Hill West,3.519,4.168,4.195,10.1,12.6,8.4
151,Manhattan Valley,142,Lincoln Square East,2.928,3.836,3.81,9.1,11.4,7.6
151,Manhattan Valley,143,Lincoln Square West,2.944,4.097,4.076,9.8,12.2,8.2
151,Manhattan Valley,144,Little Italy/NoLiTa,8.897,10.999,10.911,26.2,32.7,21.8
151,Manhattan Valley,148,Lower East Side,8.983,10.703,10.611,25.5,31.8,21.2
151,Manhattan Valley,151,Manhattan Valley,0.0,0.0,0.0,0.0,0.0,0.0
151,Manhattan Valley,152,Manhattanville,2.532,3.444,3.423,8.2,10.3,6.8
151,Manhattan Valley,153,Marble Hill,9.94,13.571,13.486,32.4,40.5,27.0
151,Manhattan Valley,158,Meatpacking/West Village West,7.791,10.454,10.389,24.9,31.2,20.8
151,Manhattan Valley,161,Midtown Center,4.507,5.243,5.195,12.5,15.6,10.4
151,Manhattan Valley,162,Midtown East,4.597,4.937,4.886,11.7,14.7,9.8
151,Manhattan Valley,163,Midtown North,3.808,4.522,4.482,10.8,13.4,9.0
151,Manhattan Valley,164,Midtown South,5.669,6.926,6.869,16.5,20.6,13.7
151,Manhattan Valley,166,Morningside Heights,1.386,1.82,1.808,4.3,5.4,3.6
151,Manhattan Valley,170,Murray Hill,5.644,6.451,6.391,15.3,19.2,12.8
151,Manhattan Valley,186,Penn Station/Madison Sq West,5.863,7.553,7.499,18.0,22.5,15.0
151,Manhattan Valley,194,Randalls Island,3.758,4.476,4.414,10.6,13.2,8.8
151,Manhattan Valley,202,Roosevelt Island,4.29,5.551,5.57,13.4,16.7,11.1
151,Manhattan Valley,209,Seaport,10.316,12.884,12.784,30.7,38.4,25.6
151,Manhattan Valley,211,SoHo,8.695,11.059,10.977,26.3,32.9,22.0
151,Manhattan Valley,224,Stuy Town/Peter Cooper Village,7.379,8.058,7.976,19.1,23.9,16.0
151,Manhattan Valley,229,Sutton Place/Turtle Bay North,4.586,4.834,4.883,11.7,14.6,9.8
151,Manhattan Valley,230,Times Sq/Theatre District,4.447,5.596,5.553,13.3,16.7,11.1
151,Manhattan Valley,231,TriBeCa/Civic Center,9.515,12.276,12.19,29.3,36.6,24.4
151,Manhattan Valley,232,Two Bridges/Seward Park,9.327,10.501,10.4,25.0,31.2,20.8
151,Manhattan Valley,233,UN/Turtle Bay South,5.339,5.527,5.465,13.1,16.4,10.9
151,Manhattan Valley,234,Union Sq,6.67,8.291,8.225,19.7,24.7,16.5
151,Manhattan Valley,236,Upper East Side North,2.162,2.894,2.899,7.0,8.7,5.8
151,Manhattan Valley,237,Upper East Side South,3.266,3.473,3.507,8.4,10.5,7.0
151,Manhattan Valley,238,Upper West Side North,0.808,1.109,1.103,2.6,3.3,2.2
151,Manhattan Valley,239,Upper West Side South,1.788,2.443,2.429,5.8,7.3,4.9
151,Manhattan Valley,243,Washington Heights North,7.213,9.569,9.502,22.8,28.5,19.0
151,Manhattan Valley,244,Washington Heights South,5.357,7.131,7.083,17.0,21.2,14.2
151,Manhattan Valley,246,West Chelsea/Hudson Yards,5.809,8.003,7.96,19.1,23.9,15.9
151,Manhattan Valley,249,West Village,7.625,9.986,9.918,23.8,29.8,19.8
151,Manhattan Valley,261,World Trade Center,10.566,13.672,13.577,32.6,40.7,27.2
151,Manhattan Valley,262,Yorkville East,3.054,4.286,4.28,10.3,12.8,8.6
151,Manhattan Valley,263,Yorkville West,2.577,3.589,3.587,8.6,10.8,7.2
152,Manhattanville,4,Alphabet City,10.645,12.43,12.316,29.6,36.9,24.6
152,Manhattanville,12,Battery Park,13.798,18.02,17.896,43.0,53.7,35.8
152,Manhattanville,13,Battery Park City,12.887,17.054,16.943,40.7,50.8,33.9
152,Manhattanville,24,Bloomingdale,2.033,2.771,2.754,6.6,8.3,5.5
152,Manhattanville,41,Central Harlem,1.529,1.726,1.74,4.2,5.2,3.5
152,Manhattanville,42,Central Harlem North,1.098,1.137,1.141,2.7,3.4,2.3
152,Manhattanville,43,Central Park,4.065,4.941,4.899,11.8,14.7,9.8
152,Manhattanville,45,Chinatown,12.302,15.484,15.365,36.9,46.1,30.7
152,Manhattanville,48,Clinton East,6.896,9.25,9.191,22.1,27.6,18.4
152,Manhattanville,50,Clinton West,6.722,9.258,9.206,22.1,27.6,18.4
152,Manhattanville,68,East Chelsea,8.65,11.641,11.569,27.8,34.7,23.1
152,Manhattanville,74,East Harlem North,2.325,3.263,3.258,7.8,9.8,6.5
152,Manhattanville,75,East Harlem South,3.179,3.787,3.811,9.1,11.4,7.6
152,Manhattanville,79,East Village,10.395,12.763,12.658,30.4,38.0,25.3
152,Manhattanville,87,Financial District North,13.152,16.905,16.783,40.3,50.4,33.6
152,Manhattanville,88,Financial District South,13.63,17.63,17.505,42.0,52.5,35.0
152,Manhattanville,90,Flatiron,9.163,12.073,11.992,28.8,36.0,24.0
152,Manhattanville,100,Garment District,7.744,10.131,10.06,24.1,30.2,20.1
152,Manhattanville,103,Governor's Island/Ellis Island/Liberty Island,16.19,21.999,21.872,52.5,65.6,43.7
152,Manhattanville,107,Gramercy,9.367,11.581,11.487,27.6,34.5,23.0
152,Manhattanville,113,Greenwich Village North,10.081,12.923,12.828,30.8,38.5,25.7
152,Manhattanville,114,Greenwich Village South,10.613,13.655,13.556,32.5,40.7,27.1
152,Manhattanville,116,Hamilton Heights,1.097,1.45,1.44,3.5,4.3,2.9
152,Manhattanville,120,Highbridge Park,3.757,5.191,5.16,12.4,15.5,10.3
152,Manhattanville,125,Hudson Sq,11.145,14.742,14.644,35.1,43.9,29.3
152,Manhattanville,127,Inwood,6.082,8.269,8.216,19.7,24.6,16.4
152,Manhattanville,128,Inwood Hill Park,6.531,8.539,8.476,20.3,25.4,17.0
152,Manhattanville,137,Kips Bay,8.821,10.537,10.445,25.1,31.3,20.9
152,Manhattanville,140,Lenox Hill East,5.83,5.908,5.839,14.0,17.5,11.7
152,Manhattanville,141,Lenox Hill West,5.688,6.161,6.097,14.6,18.3,12.2
152,Manhattanville,142,Lincoln Square East,5.453,7.281,7.233,17.4,21.7,14.5
152,Manhattanville,143,Lincoln Square West,5.471,7.541,7.499,18.0,22.5,15.0
152,Manhattanville,144,Little Italy/NoLiTa,11.38,14.443,14.335,34.4,43.0,28.7
152,Manhattanville,148,Lower East Side,11.436,14.148,14.034,33.7,42.1,28.1
152,Manhattanville,151,Manhattan Valley,2.532,3.444,3.423,8.2,10.3,6.8
152,Manhattanville,152,Manhattanville,0.0,0.0,0.0,0.0,0.0,0.0
152,Manhattanville,153,Marble Hill,7.408,10.126,10.063,24.2,30.2,20.1
152,Manhattanville,158,Meatpacking/West Village West,10.322,13.898,13.812,33.1,41.4,27.6
152,Manhattanville,161,Midtown Center,6.956,8.687,8.618,20.7,25.9,17.2
152,Manhattanville,162,Midtown East,6.984,8.382,8.309,19.9,24.9,16.6
152,Manhattanville,163,Midtown North,6.277,7.966,7.905,19.0,23.7,15.8
152,Manhattanville,164,Midtown South,8.149,10.37,10.292,24.7,30.9,20.6
152,Manhattanville,166,Morningside Heights,1.161,1.624,1.616,3.9,4.8,3.2
152,Manhattanville,170,Murray Hill,8.073,9.896,9.814,23.6,29.4,19.6
152,Manhattanville,186,Penn Station/Madison Sq West,8.377,10.998,10.922,26.2,32.8,21.8
152,Manhattanville,194,Randalls Island,3.878,5.475,5.463,13.1,16.4,10.9
152,Manhattanville,202,Roosevelt Island,6.236,6.55,6.619,15.9,19.9,13.2
152,Manhattanville,209,Seaport,12.806,16.328,16.208,38.9,48.6,32.4
152,Manhattanville,211,SoHo,11.199,14.503,14.4,34.6,43.2,28.8
152,Manhattanville,224,Stuy Town/Peter Cooper Village,9.759,11.502,11.399,27.4,34.2,22.8
152,Manhattanville,229,Sutton Place/Turtle Bay North,6.869,7.764,7.688,18.5,23.1,15.4
152,Manhattanville,230,Times Sq/Theatre District,6.95,9.041,8.976,21.5,26.9,18.0
152,Manhattanville,231,TriBeCa/Civic Center,12.028,15.721,15.613,37.5,46.8,31.2
152,Manhattanville,232,Two Bridges/Seward Park,11.728,13.946,13.823,33.2,41.5,27.6
152,Manhattanville,233,UN/Turtle Bay South,7.688,8.971,8.888,21.3,26.7,17.8
152,Manhattanville,234,Union Sq,9.161,11.735,11.648,28.0,34.9,23.3
152,Manhattanville,236,Upper East Side North,4.178,4.441,4.393,10.5,13.2,8.8
152,Manhattanville,237,Upper East Side South,5.572,6.486,6.426,15.4,19.3,12.9
152,Manhattanville,238,Upper West Side North,3.34,4.554,4.526,10.9,13.6,9.1
152,Manhattanville,239,Upper West Side South,4.32,5.888,5.852,14.0,17.6,11.7
152,Manhattanville,243,Washington Heights North,4.691,6.125,6.079,14.6,18.2,12.2
152,Manhattanville,244,Washington Heights South,2.835,3.687,3.66,8.8,11.0,7.3
152,Manhattanville,246,West Chelsea/Hudson Yards,8.339,11.448,11.383,27.3,34.1,22.8
152,Manhattanville,249,West Village,10.146,13.43,13.341,32.0,40.0,26.7
152,Manhattanville,261,World Trade Center,13.08,17.116,17.0,40.8,51.0,34.0
152,Manhattanville,262,Yorkville East,4.709,5.285,5.329,12.8,16.0,10.7
152,Manhattanville,263,Yorkville West,4.36,4.588,4.636,11.1,13.9,9.3
153,Marble Hill,4,Alphabet City,17.813,22.556,22.379,53.7,67.1,44.8
153,Marble Hill,12,Battery Park,21.166,28.146,27.959,67.1,83.9,55.9
153,Marble Hill,13,Battery Park City,20.273,27.181,27.005,64.8,81.0,54.0
153,Marble Hill,24,Bloomingdale,9.44,12.897,12.817,30.8,38.4,25.6
153,Marble Hill,41,Central Harlem,8.671,11.429,11.346,27.2,34.0,22.7
153,Marble Hill,42,Central Harlem North,6.902,8.989,8.921,21.4,26.8,17.8
153,Marble Hill,43,Central Park,11.378,15.067,14.961,35.9,44.9,29.9
153,Marble Hill,45,Chinatown,19.611,25.61,25.428,61.0,76.3,50.9
153,Marble Hill,48,Clinton East,14.297,19.377,19.254,46.2,57.8,38.5
153,Marble Hill,50,Clinton West,14.128,19.384,19.268,46.2,57.8,38.5
153,Marble Hill,68,East Chelsea,16.052,21.768,21.631,51.9,64.9,43.3
153,Marble Hill,74,East Harlem North,8.612,10.595,10.503,25.2,31.5,21.0
153,Marble Hill,75,East Harlem South,10.001,12.548,12.444,29.9,37.3,24.9
153,Marble Hill,79,East Village,17.665,22.889,22.721,54.5,68.2,45.4
153,Marble Hill,87,Financial District North,20.496,27.032,26.846,64.4,80.5,53.7
153,Marble Hill,88,Financial District South,20.983,27.756,27.568,66.2,82.7,55.1
153,Marble Hill,90,Flatiron,16.547,22.2,22.054,52.9,66.2,44.1
153,Marble Hill,100,Garment District,15.122,20.257,20.123,48.3,60.4,40.2
153,Marble Hill,103,Governor's Island/Ellis Island/Liberty Island,23.597,32.125,31.935,76.6,95.8,63.9
153,Marble Hill,107,Gramercy,16.656,21.707,21.55,51.7,64.6,43.1
153,Marble Hill,113,Greenwich Village North,17.427,23.05,22.891,54.9,68.7,45.8
153,Marble Hill,114,Greenwich Village South,17.963,23.782,23.619,56.7,70.9,47.2
153,Marble Hill,116,Hamilton Heights,6.317,8.676,8.623,20.7,25.9,17.2
153,Marble Hill,120,Highbridge Park,3.657,4.936,4.902,11.8,14.7,9.8
153,Marble Hill,125,Hudson Sq,18.532,24.868,24.707,59.3,74.1,49.4
153,Marble Hill,127,Inwood,1.332,1.857,1.846,4.4,5.5,3.7
153,Marble Hill,128,Inwood Hill Park,1.245,1.588,1.587,3.8,4.8,3.2
153,Marble Hill,137,Kips Bay,16.051,20.664,20.507,49.2,61.5,41.0
153,Marble Hill,140,Lenox Hill East,12.827,16.034,15.902,38.2,47.7,31.8
153,Marble Hill,141,Lenox Hill West,12.8,16.288,16.159,38.8,48.5,32.3
153,Marble Hill,142,Lincoln Square East,12.852,17.407,17.296,41.5,51.9,34.6
153,Marble Hill,143,Lincoln Square West,12.877,17.668,17.562,42.1,52.7,35.1
153,Marble Hill,144,Little Italy/NoLiTa,18.706,24.57,24.397,58.6,73.2,48.8
153,Marble Hill,148,Lower East Side,18.715,24.274,24.097,57.8,72.3,48.2
153,Marble Hill,151,Manhattan Valley,9.94,13.571,13.486,32.4,40.5,27.0
153,Marble Hill,152,Manhattanville,7.408,10.126,10.063,24.2,30.2,20.1
153,Marble Hill,153,Marble Hill,0.0,0.0,0.0,0.0,0.0,0.0
153,Marble Hill,158,Meatpacking/West Village West,17.725,24.025,23.875,57.3,71.6,47.8
153,Marble Hill,161,Midtown Center,14.276,18.813,18.68,44.8,56.0,37.4
153,Marble Hill,162,Midtown East,14.241,18.508,18.371,44.1,55.1,36.7
153,Marble Hill,163,Midtown North,13.623,18.093,17.968,43.1,53.9,35.9
153,Marble Hill,164,Midtown South,15.49,20.497,20.355,48.9,61.1,40.7
153,Marble Hill,166,Morningside Heights,8.564,11.75,11.678,28.0,35.0,23.4
153,Marble Hill,170,Murray Hill,15.355,20.022,19.876,47.7,59.6,39.8
153,Marble Hill,186,Penn Station/Madison Sq West,15.758,21.124,20.985,50.4,63.0,42.0
153,Marble Hill,194,Randalls Island,9.512,10.64,10.529,25.3,31.6,21.1
153,Marble Hill,202,Roosevelt Island,13.1,16.025,15.886,38.1,47.7,31.8
153,Marble Hill,209,Seaport,20.137,26.455,26.27,63.0,78.8,52.5
153,Marble Hill,211,SoHo,18.558,24.629,24.463,58.7,73.4,48.9
153,Marble Hill,224,Stuy Town/Peter Cooper Village,16.955,21.629,21.462,51.5,64.4,42.9
153,Marble Hill,229,Sutton Place/Turtle Bay North,14.025,17.891,17.751,42.6,53.3,35.5
153,Marble Hill,230,Times Sq/Theatre District,14.323,19.167,19.039,45.7,57.1,38.1
153,Marble Hill,231,TriBeCa/Civic Center,19.399,25.847,25.675,61.6,77.0,51.4
153,Marble Hill,232,Two Bridges/Seward Park,18.926,24.072,23.886,57.3,71.7,47.8
153,Marble Hill,233,UN/Turtle Bay South,14.887,19.097,18.951,45.5,56.9,37.9
153,Marble Hill,234,Union Sq,16.508,21.862,21.711,52.1,65.1,43.4
153,Marble Hill,236,Upper East Side North,11.315,14.568,14.456,34.7,43.4,28.9
153,Marble Hill,237,Upper East Side South,12.8,16.613,16.489,39.6,49.5,33.0
153,Marble Hill,238,Upper West Side North,10.747,14.68,14.589,35.0,43.8,29.2
153,Marble Hill,239,Upper West Side South,11.728,16.014,15.915,38.2,47.7,31.8
153,Marble Hill,243,Washington Heights North,2.823,4.002,3.983,9.6,11.9,8.0
153,Marble Hill,244,Washington Heights South,4.617,6.439,6.403,15.4,19.2,12.8
153,Marble Hill,246,West Chelsea/Hudson Yards,15.746,21.574,21.445,51.5,64.3,42.9
153,Marble Hill,249,West Village,17.534,23.557,23.404,56.2,70.2,46.8
153,Marble Hill,261,World Trade Center,20.452,27.243,27.062,64.9,81.2,54.1
153,Marble Hill,262,Yorkville East,11.52,14.175,14.053,33.7,42.2,28.1
153,Marble Hill,263,Yorkville West,11.325,14.243,14.127,33.9,42.4,28.3
158,Meatpacking/West Village West,4,Alphabet City,2.981,3.974,3.939,9.5,11.8,7.9
158,Meatpacking/West Village West,12,Battery Park,3.607,4.121,4.084,9.8,12.3,8.2
158,Meatpacking/West Village West,13,Battery Park City,2.623,3.156,3.13,7.5,9.4,6.3
158,Meatpacking/West Village West,24,Bloomingdale,8.291,11.128,11.059,26.5,33.2,22.1
158,Meatpacking/West Village West,41,Central Harlem,9.107,12.596,12.529,30.1,37.6,25.1
158,Meatpacking/West Village West,42,Central Harlem North,10.889,15.036,14.954,35.9,44.9,29.9
158,Meatpacking/West Village West,43,Central Park,6.419,8.958,8.914,21.4,26.7,17.8
158,Meatpacking/West Village West,45,Chinatown,2.669,3.427,3.439,8.3,10.3,6.9
158,Meatpacking/West Village West,48,Clinton East,3.428,4.648,4.621,11.1,13.9,9.2
158,Meatpacking/West Village West,50,Clinton West,3.657,4.641,4.607,11.1,13.8,9.2
158,Meatpacking/West Village West,68,East Chelsea,1.673,2.257,2.244,5.4,6.7,4.5
158,Meatpacking/West Village West,74,East Harlem North,9.514,13.43,13.372,32.1,40.1,26.7
158,Meatpacking/West Village West,75,East Harlem South,8.11,11.477,11.431,27.4,34.3,22.9
158,Meatpacking/West Village West,79,East Village,2.114,2.782,2.756,6.6,8.3,5.5
158,Meatpacking/West Village West,87,Financial District North,3.137,3.26,3.293,7.9,9.9,6.6
158,Meatpacking/West Village West,88,Financial District South,3.524,3.731,3.693,8.9,11.1,7.4
158,Meatpacking/West Village West,90,Flatiron,1.295,1.825,1.821,4.4,5.5,3.6
158,Meatpacking/West Village West,100,Garment District,2.668,3.768,3.752,9.0,11.3,7.5
158,Meatpacking/West Village West,103,Governor's Island/Ellis Island/Liberty Island,5.88,8.1,8.06,19.3,24.2,16.1
158,Meatpacking/West Village West,107,Gramercy,2.115,2.318,2.326,5.6,7.0,4.7
158,Meatpacking/West Village West,113,Greenwich Village North,1.27,1.52,1.501,3.6,4.5,3.0
158,Meatpacking/West Village West,114,Greenwich Village South,1.23,1.729,1.72,4.1,5.2,3.4
158,Meatpacking/West Village West,116,Hamilton Heights,11.418,15.349,15.253,36.6,45.8,30.5
158,Meatpacking/West Village West,120,Highbridge Park,14.068,19.089,18.973,45.5,56.9,37.9
158,Meatpacking/West Village West,125,Hudson Sq,0.979,1.098,1.107,2.7,3.3,2.2
158,Meatpacking/West Village West,127,Inwood,16.402,22.168,22.029,52.9,66.1,44.1
158,Meatpacking/West Village West,128,Inwood Hill Park,16.841,22.437,22.288,53.5,66.9,44.6
158,Meatpacking/West Village West,137,Kips Bay,2.809,3.361,3.368,8.1,10.1,6.7
158,Meatpacking/West Village West,140,Lenox Hill East,5.694,7.991,7.973,19.1,23.9,15.9
158,Meatpacking/West Village West,141,Lenox Hill West,5.471,7.737,7.716,18.5,23.1,15.4
158,Meatpacking/West Village West,142,Lincoln Square East,4.873,6.618,6.579,15.8,19.7,13.2
158,Meatpacking/West Village West,143,Lincoln Square West,4.889,6.357,6.313,15.2,18.9,12.6
158,Meatpacking/West Village West,144,Little Italy/NoLiTa,1.873,2.596,2.596,6.2,7.8,5.2
158,Meatpacking/West Village West,148,Lower East Side,2.352,3.324,3.317,8.0,10.0,6.6
158,Meatpacking/West Village West,151,Manhattan Valley,7.791,10.454,10.389,24.9,31.2,20.8
158,Meatpacking/West Village West,152,Manhattanville,10.322,13.898,13.812,33.1,41.4,27.6
158,Meatpacking/West Village West,153,Marble Hill,17.725,24.025,23.875,57.3,71.6,47.8
158,Meatpacking/West Village West,158,Meatpacking/West Village West,0.0,0.0,0.0,0.0,0.0,0.0
158,Meatpacking/West Village West,161,Midtown Center,3.674,5.212,5.195,12.5,15.6,10.4
158,Meatpacking/West Village West,162,Midtown East,3.918,5.517,5.504,13.2,16.5,11.0
158,Meatpacking/West Village West,163,Midtown North,4.206,5.932,5.907,14.2,17.7,11.8
158,Meatpacking/West Village West,164,Midtown South,2.512,3.528,3.521,8.4,10.6,7.0
158,Meatpacking/West Village West,166,Morningside Heights,9.176,12.275,12.197,29.3,36.6,24.4
158,Meatpacking/West Village West,170,Murray Hill,2.937,4.003,3.999,9.6,12.0,8.0
158,Meatpacking/West Village West,186,Penn Station/Madison Sq West,2.046,2.901,2.89,6.9,8.7,5.8
158,Meatpacking/West Village West,194,Randalls Island,9.455,13.385,13.346,32.0,40.0,26.7
158,Meatpacking/West Village West,202,Roosevelt Island,5.81,8.0,7.989,19.2,24.0,16.0
158,Meatpacking/West Village West,209,Seaport,2.918,3.334,3.359,8.1,10.1,6.7
158,Meatpacking/West Village West,211,SoHo,1.389,1.87,1.873,4.5,5.6,3.7
158,Meatpacking/West Village West,224,Stuy Town/Peter Cooper Village,2.759,3.11,3.064,7.4,9.2,6.1
158,Meatpacking/West Village West,229,Sutton Place/Turtle Bay North,4.417,6.134,6.124,14.7,18.4,12.2
158,Meatpacking/West Village West,230,Times Sq/Theatre District,3.458,4.858,4.836,11.6,14.5,9.7
158,Meatpacking/West Village West,231,TriBeCa/Civic Center,1.919,2.01,2.03,4.9,6.1,4.1
158,Meatpacking/West Village West,232,Two Bridges/Seward Park,3.145,4.46,4.447,10.7,13.3,8.9
158,Meatpacking/West Village West,233,UN/Turtle Bay South,3.651,4.928,4.924,11.8,14.8,9.8
158,Meatpacking/West Village West,234,Union Sq,1.672,2.163,2.164,5.2,6.5,4.3
158,Meatpacking/West Village West,236,Upper East Side North,6.684,9.457,9.419,22.6,28.3,18.8
158,Meatpacking/West Village West,237,Upper East Side South,5.226,7.412,7.386,17.7,22.2,14.8
158,Meatpacking/West Village West,238,Upper West Side North,6.986,9.345,9.286,22.3,27.9,18.6
158,Meatpacking/West Village West,239,Upper West Side South,6.007,8.011,7.96,19.1,23.9,15.9
158,Meatpacking/West Village West,243,Washington Heights North,15.002,20.023,19.892,47.7,59.7,39.8
158,Meatpacking/West Village West,244,Washington Heights South,13.148,17.585,17.472,41.9,52.4,34.9
158,Meatpacking/West Village West,246,West Chelsea/Hudson Yards,2.072,2.451,2.43,5.8,7.3,4.9
158,Meatpacking/West Village West,249,West Village,0.519,0.57,0.562,1.3,1.7,1.1
158,Meatpacking/West Village West,261,World Trade Center,2.896,3.218,3.187,7.6,9.6,6.4
158,Meatpacking/West Village West,262,Yorkville East,6.961,9.85,9.822,23.6,29.5,19.6
158,Meatpacking/West Village West,263,Yorkville West,6.896,9.782,9.749,23.4,29.2,19.5
161,Midtown Center,4,Alphabet City,3.807,3.867,3.91,9.4,11.7,7.8
161,Midtown Center,12,Battery Park,6.903,9.333,9.279,22.3,27.8,18.6
161,Midtown Center,13,Battery Park City,6.049,8.367,8.325,20.0,25.0,16.6
161,Midtown Center,24,Bloomingdale,4.988,5.916,5.864,14.1,17.6,11.7
161,Midtown Center,41,Central Harlem,5.605,7.384,7.334,17.6,22.0,14.7
161,Midtown Center,42,Central Harlem North,7.379,9.824,9.759,23.4,29.3,19.5
161,Midtown Center,43,Central Park,2.902,3.746,3.719,8.9,11.2,7.4
161,Midtown Center,45,Chinatown,5.347,6.797,6.747,16.2,20.2,13.5
161,Midtown Center,48,Clinton East,1.128,1.501,1.488,3.6,4.5,3.0
161,Midtown Center,50,Clinton West,1.732,2.393,2.377,5.7,7.1,4.8
161,Midtown Center,68,East Chelsea,2.158,2.954,2.951,7.1,8.9,5.9
161,Midtown Center,74,East Harlem North,5.878,8.219,8.178,19.6,24.5,16.4
161,Midtown Center,75,East Harlem South,4.46,6.266,6.236,15.0,18.7,12.5
161,Midtown Center,79,East Village,3.448,4.076,4.04,9.7,12.1,8.1
161,Midtown Center,87,Financial District North,6.22,8.218,8.166,19.6,24.5,16.3
161,Midtown Center,88,Financial District South,6.71,8.943,8.888,21.3,26.7,17.8
161,Midtown Center,90,Flatiron,2.389,3.386,3.374,8.1,10.1,6.7
161,Midtown Center,100,Garment District,1.062,1.444,1.442,3.5,4.3,2.9
161,Midtown Center,103,Governor's Island/Ellis Island/Liberty Island,9.482,13.312,13.254,31.8,39.8,26.5
161,Midtown Center,107,Gramercy,2.415,2.894,2.869,6.9,8.6,5.7
161,Midtown Center,113,Greenwich Village North,3.155,4.236,4.211,10.1,12.6,8.4
161,Midtown Center,114,Greenwich Village South,3.692,4.968,4.938,11.9,14.8,9.9
161,Midtown Center,116,Hamilton Heights,8.047,10.137,10.058,24.1,30.2,20.1
161,Midtown Center,120,Highbridge Park,10.629,13.878,13.778,33.1,41.3,27.6
161,Midtown Center,125,Hudson Sq,4.33,6.055,6.027,14.5,18.1,12.1
161,Midtown Center,127,Inwood,12.971,16.956,16.834,40.4,50.5,33.7
161,Midtown Center,128,Inwood Hill Park,13.472,17.226,17.093,41.0,51.3,34.2
161,Midtown Center,137,Kips Bay,1.956,2.055,2.076,5.0,6.2,4.2
161,Midtown Center,140,Lenox Hill East,2.108,2.779,2.779,6.7,8.3,5.6
161,Midtown Center,141,Lenox Hill West,1.819,2.526,2.521,6.1,7.6,5.0
161,Midtown Center,142,Lincoln Square East,1.763,2.058,2.072,5.0,6.2,4.1
161,Midtown Center,143,Lincoln Square West,2.162,2.837,2.844,6.8,8.5,5.7
161,Midtown Center,144,Little Italy/NoLiTa,4.432,5.756,5.717,13.7,17.2,11.4
161,Midtown Center,148,Lower East Side,4.482,5.461,5.416,13.0,16.2,10.8
161,Midtown Center,151,Manhattan Valley,4.507,5.243,5.195,12.5,15.6,10.4
161,Midtown Center,152,Manhattanville,6.956,8.687,8.618,20.7,25.9,17.2
161,Midtown Center,153,Marble Hill,14.276,18.813,18.68,44.8,56.0,37.4
161,Midtown Center,158,Meatpacking/West Village West,3.674,5.212,5.195,12.5,15.6,10.4
161,Midtown Center,161,Midtown Center,0.0,0.0,0.0,0.0,0.0,0.0
161,Midtown Center,162,Midtown East,0.475,0.603,0.596,1.4,1.8,1.2
161,Midtown Center,163,Midtown North,0.71,0.721,0.713,1.7,2.1,1.4
161,Midtown Center,164,Midtown South,1.224,1.683,1.674,4.0,5.0,3.3
161,Midtown Center,166,Morningside Heights,5.867,7.063,7.002,16.8,21.0,14.0
161,Midtown Center,170,Murray Hill,1.144,1.209,1.196,2.9,3.6,2.4
161,Midtown Center,186,Penn Station/Madison Sq West,1.634,2.311,2.304,5.5,6.9,4.6
161,Midtown Center,194,Randalls Island,5.788,8.174,8.151,19.6,24.5,16.3
161,Midtown Center,202,Roosevelt Island,2.382,2.788,2.794,6.7,8.4,5.6
161,Midtown Center,209,Seaport,5.862,7.641,7.59,18.2,22.8,15.2
161,Midtown Center,211,SoHo,4.293,5.816,5.782,13.9,17.3,11.6
161,Midtown Center,224,Stuy Town/Peter Cooper Village,2.912,3.003,3.035,7.3,9.1,6.1
161,Midtown Center,229,Sutton Place/Turtle Bay North,1.07,1.211,1.193,2.9,3.6,2.4
161,Midtown Center,230,Times Sq/Theatre District,0.584,0.751,0.743,1.8,2.2,1.5
161,Midtown Center,231,TriBeCa/Civic Center,5.146,7.034,6.995,16.8,21.0,14.0
161,Midtown Center,232,Two Bridges/Seward Park,4.829,5.259,5.205,12.5,15.6,10.4
161,Midtown Center,233,UN/Turtle Bay South,1.09,1.517,1.517,3.6,4.5,3.0
161,Midtown Center,234,Union Sq,2.241,3.048,3.031,7.3,9.1,6.1
161,Midtown Center,236,Upper East Side North,3.04,4.246,4.225,10.1,12.7,8.4
161,Midtown Center,237,Upper East Side South,1.556,2.201,2.192,5.3,6.6,4.4
161,Midtown Center,238,Upper West Side North,3.76,4.133,4.092,9.8,12.3,8.2
161,Midtown Center,239,Upper West Side South,2.881,2.958,2.99,7.2,9.0,6.0
161,Midtown Center,243,Washington Heights North,11.636,14.812,14.697,35.3,44.1,29.4
161,Midtown Center,244,Washington Heights South,9.785,12.374,12.277,29.5,36.8,24.6
161,Midtown Center,246,West Chelsea/Hudson Yards,2.283,2.761,2.765,6.6,8.3,5.5
161,Midtown Center,249,West Village,3.362,4.743,4.723,11.3,14.2,9.4
161,Midtown Center,261,World Trade Center,6.195,8.429,8.382,20.1,25.1,16.8
161,Midtown Center,262,Yorkville East,3.3,4.638,4.627,11.1,13.9,9.3
161,Midtown Center,263,Yorkville West,3.222,4.57,4.554,10.9,13.7,9.1
162,Midtown East,4,Alphabet City,3.678,4.048,4.007,9.6,12.0,8.0
162,Midtown East,12,Battery Park,6.996,9.638,9.588,23.0,28.8,19.2
162,Midtown East,13,Battery Park City,6.183,8.673,8.634,20.7,25.9,17.3
162,Midtown East,24,Bloomingdale,5.062,5.611,5.555,13.3,16.7,11.1
162,Midtown East,41,Central Harlem,5.582,7.079,7.025,16.9,21.1,14.0
162,Midtown East,42,Central Harlem North,7.339,9.519,9.45,22.7,28.3,18.9
162,Midtown East,43,Central Park,2.921,3.441,3.41,8.2,10.2,6.8
162,Midtown East,45,Chinatown,5.373,7.102,7.056,16.9,21.2,14.1
162,Midtown East,48,Clinton East,1.601,2.104,2.084,5.0,6.3,4.2
162,Midtown East,50,Clinton West,2.196,2.996,2.973,7.1,8.9,5.9
162,Midtown East,68,East Chelsea,2.502,3.26,3.26,7.8,9.8,6.5
162,Midtown East,74,East Harlem North,5.756,7.913,7.869,18.9,23.6,15.7
162,Midtown East,75,East Harlem South,4.329,5.96,5.927,14.2,17.8,11.9
162,Midtown East,79,East Village,3.426,4.381,4.349,10.4,13.0,8.7
162,Midtown East,87,Financial District North,6.284,8.523,8.475,20.3,25.4,16.9
162,Midtown East,88,Financial District South,6.783,9.248,9.197,22.1,27.6,18.4
162,Midtown East,90,Flatiron,2.623,3.692,3.683,8.8,11.0,7.4
162,Midtown East,100,Garment District,1.432,1.749,1.751,4.2,5.3,3.5
162,Midtown East,103,Governor's Island/Ellis Island/Liberty Island,9.646,13.617,13.564,32.6,40.7,27.1
162,Midtown East,107,Gramercy,2.417,3.199,3.178,7.6,9.5,6.4
162,Midtown East,113,Greenwich Village North,3.256,4.542,4.52,10.8,13.6,9.0
162,Midtown East,114,Greenwich Village South,3.792,5.274,5.248,12.6,15.7,10.5
162,Midtown East,116,Hamilton Heights,8.064,9.832,9.749,23.4,29.2,19.5
162,Midtown East,120,Highbridge Park,10.607,13.573,13.469,32.3,40.4,26.9
162,Midtown East,125,Hudson Sq,4.494,6.36,6.336,15.2,19.0,12.7
162,Midtown East,127,Inwood,12.946,16.651,16.525,39.7,49.6,33.0
162,Midtown East,128,Inwood Hill Park,13.47,16.921,16.784,40.3,50.4,33.6
162,Midtown East,137,Kips Bay,1.838,2.155,2.136,5.1,6.4,4.3
162,Midtown East,140,Lenox Hill East,1.78,2.474,2.469,5.9,7.4,4.9
162,Midtown East,141,Lenox Hill West,1.566,2.22,2.212,5.3,6.6,4.4
162,Midtown East,142,Lincoln Square East,2.035,2.661,2.668,6.4,8.0,5.3
162,Midtown East,143,Lincoln Square West,2.5,3.439,3.44,8.3,10.3,6.9
162,Midtown East,144,Little Italy/NoLiTa,4.484,6.061,6.026,14.5,18.1,12.1
162,Midtown East,148,Lower East Side,4.475,5.766,5.725,13.7,17.2,11.5
162,Midtown East,151,Manhattan Valley,4.597,4.937,4.886,11.7,14.7,9.8
162,Midtown East,152,Manhattanville,6.984,8.382,8.309,19.9,24.9,16.6
162,Midtown East,153,Marble Hill,14.241,18.508,18.371,44.1,55.1,36.7
162,Midtown East,158,Meatpacking/West Village West,3.918,5.517,5.504,13.2,16.5,11.0
162,Midtown East,161,Midtown Center,0.475,0.603,0.596,1.4,1.8,1.2
162,Midtown East,162,Midtown East,0.0,0.0,0.0,0.0,0.0,0.0
162,Midtown East,163,Midtown North,0.965,1.302,1.303,3.1,3.9,2.6
162,Midtown East,164,Midtown South,1.407,1.989,1.983,4.8,5.9,4.0
162,Midtown East,166,Morningside Heights,5.928,6.758,6.693,16.1,20.1,13.4
162,Midtown East,170,Murray Hill,1.12,1.514,1.505,3.6,4.5,3.0
162,Midtown East,186,Penn Station/Madison Sq West,1.924,2.616,2.614,6.3,7.8,5.2
162,Midtown East,194,Randalls Island,5.548,7.868,7.842,18.8,23.5,15.7
162,Midtown East,202,Roosevelt Island,1.978,2.483,2.485,6.0,7.5,5.0
162,Midtown East,209,Seaport,5.912,7.946,7.899,19.0,23.7,15.8
162,Midtown East,211,SoHo,4.398,6.121,6.091,14.6,18.3,12.2
162,Midtown East,224,Stuy Town/Peter Cooper Village,2.785,3.121,3.09,7.4,9.3,6.2
162,Midtown East,229,Sutton Place/Turtle Bay North,0.609,0.617,0.62,1.5,1.9,1.2
162,Midtown East,230,Times Sq/Theatre District,1.059,1.354,1.339,3.2,4.0,2.7
162,Midtown East,231,TriBeCa/Civic Center,5.261,7.339,7.304,17.5,21.9,14.6
162,Midtown East,232,Two Bridges/Seward Park,4.745,5.564,5.514,13.2,16.5,11.0
162,Midtown East,233,UN/Turtle Bay South,0.769,0.915,0.92,2.2,2.8,1.8
162,Midtown East,234,Union Sq,2.374,3.354,3.34,8.0,10.0,6.7
162,Midtown East,236,Upper East Side North,2.938,3.94,3.915,9.4,11.7,7.8
162,Midtown East,237,Upper East Side South,1.441,1.895,1.882,4.5,5.6,3.8
162,Midtown East,238,Upper West Side North,3.889,3.946,3.99,9.6,12.0,8.0
162,Midtown East,239,Upper West Side South,3.075,3.561,3.586,8.6,10.8,7.2
162,Midtown East,243,Washington Heights North,11.64,14.506,14.388,34.5,43.2,28.8
162,Midtown East,244,Washington Heights South,9.796,12.069,11.968,28.7,35.9,23.9
162,Midtown East,246,West Chelsea/Hudson Yards,2.7,3.066,3.074,7.4,9.2,6.1
162,Midtown East,249,West Village,3.56,5.049,5.033,12.1,15.1,10.1
162,Midtown East,261,World Trade Center,6.299,8.735,8.691,20.9,26.1,17.4
162,Midtown East,262,Yorkville East,3.054,4.333,4.318,10.4,13.0,8.6
162,Midtown East,263,Yorkville West,3.043,4.265,4.245,10.2,12.7,8.5
163,Midtown North,4,Alphabet City,4.517,4.565,4.617,11.1,13.9,9.2
163,Midtown North,12,Battery Park,7.544,10.053,9.991,24.0,30.0,20.0
163,Midtown North,13,Battery Park City,6.665,9.088,9.037,21.7,27.1,18.1
163,Midtown North,24,Bloomingdale,4.293,5.196,5.151,12.4,15.5,10.3
163,Midtown North,41,Central Harlem,4.956,6.664,6.622,15.9,19.9,13.2
163,Midtown North,42,Central Harlem North,6.737,9.104,9.047,21.7,27.1,18.1
163,Midtown North,43,Central Park,2.247,3.026,3.007,7.2,9.0,6.0
163,Midtown North,45,Chinatown,6.027,7.517,7.46,17.9,22.4,14.9
163,Midtown North,48,Clinton East,1.064,1.284,1.286,3.1,3.9,2.6
163,Midtown North,50,Clinton West,1.497,1.695,1.669,4.0,5.0,3.3
163,Midtown North,68,East Chelsea,2.592,3.675,3.663,8.8,11.0,7.3
163,Midtown North,74,East Harlem North,5.309,7.498,7.465,17.9,22.4,14.9
163,Midtown North,75,East Harlem South,3.91,5.545,5.524,13.3,16.6,11.0
163,Midtown North,79,East Village,4.147,4.796,4.753,11.4,14.3,9.5
163,Midtown North,87,Financial District North,6.879,8.939,8.878,21.3,26.6,17.8
163,Midtown North,88,Financial District South,7.362,9.663,9.6,23.0,28.8,19.2
163,Midtown North,90,Flatiron,2.955,4.107,4.086,9.8,12.3,8.2
163,Midtown North,100,Garment District,1.538,2.164,2.155,5.2,6.5,4.3
163,Midtown North,103,Governor's Island/Ellis Island/Liberty Island,10.064,14.032,13.967,33.5,41.9,27.9
163,Midtown North,107,Gramercy,3.113,3.614,3.582,8.6,10.7,7.2
163,Midtown North,113,Greenwich Village North,3.808,4.957,4.923,11.8,14.8,9.8
163,Midtown North,114,Greenwich Village South,4.342,5.689,5.651,13.6,17.0,11.3
163,Midtown North,116,Hamilton Heights,7.37,9.417,9.345,22.4,28.0,18.7
163,Midtown North,120,Highbridge Park,9.97,13.157,13.066,31.4,39.2,26.1
163,Midtown North,125,Hudson Sq,4.931,6.775,6.739,16.2,20.2,13.5
163,Midtown North,127,Inwood,12.312,16.236,16.122,38.7,48.4,32.2
163,Midtown North,128,Inwood Hill Park,12.801,16.505,16.381,39.3,49.1,32.8
163,Midtown North,137,Kips Bay,2.665,2.753,2.783,6.7,8.3,5.6
163,Midtown North,140,Lenox Hill East,1.931,2.058,2.066,5.0,6.2,4.1
163,Midtown North,141,Lenox Hill West,1.54,1.805,1.809,4.3,5.4,3.6
163,Midtown North,142,Lincoln Square East,1.076,1.359,1.365,3.3,4.1,2.7
163,Midtown North,143,Lincoln Square West,1.539,2.138,2.137,5.1,6.4,4.3
163,Midtown North,144,Little Italy/NoLiTa,5.103,6.477,6.429,15.4,19.3,12.9
163,Midtown North,148,Lower East Side,5.175,6.181,6.129,14.7,18.4,12.3
163,Midtown North,151,Manhattan Valley,3.808,4.522,4.482,10.8,13.4,9.0
163,Midtown North,152,Manhattanville,6.277,7.966,7.905,19.0,23.7,15.8
163,Midtown North,153,Marble Hill,13.623,18.093,17.968,43.1,53.9,35.9
163,Midtown North,158,Meatpacking/West Village West,4.206,5.932,5.907,14.2,17.7,11.8
163,Midtown North,161,Midtown Center,0.71,0.721,0.713,1.7,2.1,1.4
163,Midtown North,162,Midtown East,0.965,1.302,1.303,3.1,3.9,2.6
163,Midtown North,163,Midtown North,0.0,0.0,0.0,0.0,0.0,0.0
163,Midtown North,164,Midtown South,1.873,2.404,2.387,5.7,7.2,4.8
163,Midtown North,166,Morningside Heights,5.176,6.342,6.29,15.1,18.9,12.6
163,Midtown North,170,Murray Hill,1.853,1.929,1.908,4.6,5.7,3.8
163,Midtown North,186,Penn Station/Madison Sq West,2.169,3.031,3.017,7.2,9.1,6.0
163,Midtown North,194,Randalls Island,5.358,7.453,7.439,17.9,22.3,14.9
163,Midtown North,202,Roosevelt Island,2.349,2.627,2.587,6.2,7.8,5.2
163,Midtown North,209,Seaport,6.53,8.362,8.302,19.9,24.9,16.6
163,Midtown North,211,SoHo,4.935,6.537,6.495,15.6,19.5,13.0
163,Midtown North,224,Stuy Town/Peter Cooper Village,3.621,3.701,3.742,9.0,11.2,7.5
163,Midtown North,229,Sutton Place/Turtle Bay North,1.353,1.91,1.9,4.6,5.7,3.8
163,Midtown North,230,Times Sq/Theatre District,0.758,1.074,1.071,2.6,3.2,2.1
163,Midtown North,231,TriBeCa/Civic Center,5.778,7.754,7.708,18.5,23.1,15.4
163,Midtown North,232,Two Bridges/Seward Park,5.537,5.979,5.918,14.2,17.8,11.8
163,Midtown North,233,UN/Turtle Bay South,1.72,2.216,2.224,5.3,6.7,4.4
163,Midtown North,234,Union Sq,2.888,3.769,3.743,9.0,11.2,7.5
163,Midtown North,236,Upper East Side North,2.485,3.525,3.512,8.4,10.5,7.0
163,Midtown North,237,Upper East Side South,1.11,1.48,1.479,3.5,4.4,3.0
163,Midtown North,238,Upper West Side North,3.054,3.413,3.379,8.1,10.1,6.8
163,Midtown North,239,Upper West Side South,2.172,2.259,2.283,5.5,6.8,4.6
163,Midtown North,243,Washington Heights North,10.963,14.091,13.985,33.6,42.0,28.0
163,Midtown North,244,Washington Heights South,9.109,11.653,11.565,27.8,34.7,23.1
163,Midtown North,246,West Chelsea/Hudson Yards,2.551,3.481,3.477,8.3,10.4,7.0
163,Midtown North,249,West Village,3.944,5.464,5.436,13.0,16.3,10.9
163,Midtown North,261,World Trade Center,6.831,9.15,9.094,21.8,27.3,18.2
163,Midtown North,262,Yorkville East,2.917,3.918,3.915,9.4,11.7,7.8
163,Midtown North,263,Yorkville West,2.75,3.85,3.841,9.2,11.5,7.7
164,Midtown South,4,Alphabet City,2.842,3.451,3.471,8.3,10.4,6.9
164,Midtown South,12,Battery Park,5.681,7.649,7.605,18.3,22.8,15.2
164,Midtown South,13,Battery Park City,4.826,6.684,6.651,16.0,20.0,13.3
164,Midtown South,24,Bloomingdale,6.158,7.599,7.538,18.1,22.6,15.1
164,Midtown South,41,Central Harlem,6.82,9.068,9.008,21.6,27.0,18.0
164,Midtown South,42,Central Harlem North,8.598,11.508,11.433,27.4,34.3,22.9
164,Midtown South,43,Central Park,4.113,5.43,5.393,12.9,16.2,10.8
164,Midtown South,45,Chinatown,4.158,5.113,5.073,12.2,15.2,10.1
164,Midtown South,48,Clinton East,1.57,1.917,1.927,4.6,5.8,3.9
164,Midtown South,50,Clinton West,2.135,2.809,2.816,6.8,8.4,5.6
164,Midtown South,68,East Chelsea,1.247,1.271,1.277,3.1,3.8,2.6
164,Midtown South,74,East Harlem North,7.1,9.902,9.852,23.6,29.6,19.7
164,Midtown South,75,East Harlem South,5.678,7.949,7.91,19.0,23.7,15.8
164,Midtown South,79,East Village,2.328,2.392,2.366,5.7,7.1,4.7
164,Midtown South,87,Financial District North,5.007,6.535,6.491,15.6,19.5,13.0
164,Midtown South,88,Financial District South,5.493,7.26,7.213,17.3,21.6,14.4
164,Midtown South,90,Flatiron,1.218,1.703,1.7,4.1,5.1,3.4
164,Midtown South,100,Garment District,0.628,0.857,0.857,2.1,2.6,1.7
164,Midtown South,103,Governor's Island/Ellis Island/Liberty Island,8.266,11.629,11.58,27.8,34.7,23.2
164,Midtown South,107,Gramercy,1.308,1.398,1.412,3.4,4.2,2.8
164,Midtown South,113,Greenwich Village North,1.937,2.553,2.536,6.1,7.6,5.1
164,Midtown South,114,Greenwich Village South,2.473,3.285,3.264,7.8,9.8,6.5
164,Midtown South,116,Hamilton Heights,9.243,11.821,11.732,28.2,35.2,23.5
164,Midtown South,120,Highbridge Park,11.84,15.561,15.452,37.1,46.4,30.9
164,Midtown South,125,Hudson Sq,3.111,4.372,4.352,10.4,13.1,8.7
164,Midtown South,127,Inwood,14.182,18.64,18.508,44.4,55.5,37.0
164,Midtown South,128,Inwood Hill Park,14.674,18.909,18.768,45.0,56.3,37.5
164,Midtown South,137,Kips Bay,1.163,1.639,1.636,3.9,4.9,3.3
164,Midtown South,140,Lenox Hill East,3.182,4.462,4.453,10.7,13.4,8.9
164,Midtown South,141,Lenox Hill West,2.968,4.209,4.195,10.1,12.6,8.4
164,Midtown South,142,Lincoln Square East,2.8,3.09,3.059,7.3,9.2,6.1
164,Midtown South,143,Lincoln Square West,3.049,3.252,3.283,7.9,9.9,6.6
164,Midtown South,144,Little Italy/NoLiTa,3.231,4.073,4.043,9.7,12.1,8.1
164,Midtown South,148,Lower East Side,3.327,3.778,3.742,9.0,11.2,7.5
164,Midtown South,151,Manhattan Valley,5.669,6.926,6.869,16.5,20.6,13.7
164,Midtown South,152,Manhattanville,8.149,10.37,10.292,24.7,30.9,20.6
164,Midtown South,153,Marble Hill,15.49,20.497,20.355,48.9,61.1,40.7
164,Midtown South,158,Meatpacking/West Village West,2.512,3.528,3.521,8.4,10.6,7.0
164,Midtown South,161,Midtown Center,1.224,1.683,1.674,4.0,5.0,3.3
164,Midtown South,162,Midtown East,1.407,1.989,1.983,4.8,5.9,4.0
164,Midtown South,163,Midtown North,1.873,2.404,2.387,5.7,7.2,4.8
164,Midtown South,164,Midtown South,0.0,0.0,0.0,0.0,0.0,0.0
164,Midtown South,166,Morningside Heights,7.043,8.746,8.676,20.8,26.0,17.4
164,Midtown South,170,Murray Hill,0.57,0.659,0.649,1.6,1.9,1.3
164,Midtown South,186,Penn Station/Madison Sq West,0.615,0.627,0.63,1.5,1.9,1.3
164,Midtown South,194,Randalls Island,6.953,9.857,9.825,23.6,29.5,19.7
164,Midtown South,202,Roosevelt Island,3.321,4.471,4.468,10.7,13.4,8.9
164,Midtown South,209,Seaport,4.657,5.958,5.916,14.2,17.7,11.8
164,Midtown South,211,SoHo,3.071,4.133,4.108,9.9,12.3,8.2
164,Midtown South,224,Stuy Town/Peter Cooper Village,1.996,2.587,2.596,6.2,7.8,5.2
164,Midtown South,229,Sutton Place/Turtle Bay North,1.917,2.606,2.604,6.2,7.8,5.2
164,Midtown South,230,Times Sq/Theatre District,1.251,1.33,1.316,3.2,3.9,2.6
164,Midtown South,231,TriBeCa/Civic Center,3.922,5.35,5.321,12.8,16.0,10.6
164,Midtown South,232,Two Bridges/Seward Park,3.762,3.938,3.978,9.5,11.9,8.0
164,Midtown South,233,UN/Turtle Bay South,1.252,1.399,1.404,3.4,4.2,2.8
164,Midtown South,234,Union Sq,1.018,1.365,1.357,3.3,4.1,2.7
164,Midtown South,236,Upper East Side North,4.262,5.929,5.899,14.2,17.7,11.8
164,Midtown South,237,Upper East Side South,2.77,3.884,3.866,9.3,11.6,7.7
164,Midtown South,238,Upper West Side North,4.897,5.817,5.766,13.8,17.3,11.5
164,Midtown South,239,Upper West Side South,3.968,4.483,4.44,10.7,13.3,8.9
164,Midtown South,243,Washington Heights North,12.836,16.495,16.371,39.3,49.1,32.7
164,Midtown South,244,Washington Heights South,10.982,14.057,13.952,33.5,41.9,27.9
164,Midtown South,246,West Chelsea/Hudson Yards,1.677,2.129,2.105,5.1,6.3,4.2
164,Midtown South,249,West Village,2.158,3.06,3.049,7.3,9.1,6.1
164,Midtown South,261,World Trade Center,4.972,6.746,6.708,16.1,20.1,13.4
164,Midtown South,262,Yorkville East,4.458,6.322,6.301,15.1,18.9,12.6
164,Midtown South,263,Yorkville West,4.422,6.254,6.228,14.9,18.7,12.5
166,Morningside Heights,4,Alphabet City,9.604,10.806,10.7,25.7,32.1,21.4
166,Morningside Heights,12,Battery Park,12.67,16.396,16.281,39.1,48.8,32.6
166,Morningside Heights,13,Battery Park City,11.75,15.43,15.327,36.8,46.0,30.7
166,Morningside Heights,24,Bloomingdale,0.889,1.147,1.138,2.7,3.4,2.3
166,Morningside Heights,41,Central Harlem,1.051,1.459,1.448,3.5,4.3,2.9
166,Morningside Heights,42,Central Harlem North,2.023,2.761,2.757,6.6,8.3,5.5
166,Morningside Heights,43,Central Park,3.013,3.317,3.283,7.9,9.8,6.6
166,Morningside Heights,45,Chinatown,11.201,13.86,13.749,33.0,41.2,27.5
166,Morningside Heights,48,Clinton East,5.753,7.627,7.576,18.2,22.7,15.2
166,Morningside Heights,50,Clinton West,5.565,7.634,7.59,18.2,22.8,15.2
166,Morningside Heights,68,East Chelsea,7.504,10.017,9.953,23.9,29.9,19.9
166,Morningside Heights,74,East Harlem North,2.257,2.995,2.966,7.1,8.9,5.9
166,Morningside Heights,75,East Harlem South,2.547,3.52,3.519,8.4,10.6,7.0
166,Morningside Heights,79,East Village,9.314,11.139,11.042,26.5,33.1,22.1
166,Morningside Heights,87,Financial District North,12.035,15.281,15.168,36.4,45.5,30.3
166,Morningside Heights,88,Financial District South,12.509,16.006,15.89,38.1,47.7,31.8
166,Morningside Heights,90,Flatiron,8.03,10.449,10.376,24.9,31.1,20.8
166,Morningside Heights,100,Garment District,6.618,8.507,8.445,20.3,25.3,16.9
166,Morningside Heights,103,Governor's Island/Ellis Island/Liberty Island,15.038,20.375,20.257,48.6,60.8,40.5
166,Morningside Heights,107,Gramercy,8.282,9.957,9.871,23.7,29.6,19.7
166,Morningside Heights,113,Greenwich Village North,8.968,11.299,11.213,26.9,33.6,22.4
166,Morningside Heights,114,Greenwich Village South,9.497,12.031,11.941,28.7,35.8,23.9
166,Morningside Heights,116,Hamilton Heights,2.247,3.074,3.056,7.3,9.2,6.1
166,Morningside Heights,120,Highbridge Park,4.917,6.815,6.776,16.3,20.3,13.6
166,Morningside Heights,125,Hudson Sq,10.01,13.118,13.029,31.3,39.1,26.1
166,Morningside Heights,127,Inwood,7.236,9.893,9.832,23.6,29.5,19.7
166,Morningside Heights,128,Inwood Hill Park,7.666,10.163,10.091,24.2,30.3,20.2
166,Morningside Heights,137,Kips Bay,7.765,8.913,8.829,21.2,26.5,17.7
166,Morningside Heights,140,Lenox Hill East,4.919,5.478,5.525,13.3,16.6,11.0
166,Morningside Heights,141,Lenox Hill West,4.724,4.899,4.952,11.9,14.9,9.9
166,Morningside Heights,142,Lincoln Square East,4.314,5.657,5.617,13.5,16.9,11.2
166,Morningside Heights,143,Lincoln Square West,4.313,5.918,5.883,14.1,17.7,11.8
166,Morningside Heights,144,Little Italy/NoLiTa,10.274,12.819,12.719,30.5,38.2,25.4
166,Morningside Heights,148,Lower East Side,10.349,12.524,12.419,29.8,37.3,24.8
166,Morningside Heights,151,Manhattan Valley,1.386,1.82,1.808,4.3,5.4,3.6
166,Morningside Heights,152,Manhattanville,1.161,1.624,1.616,3.9,4.8,3.2
166,Morningside Heights,153,Marble Hill,8.564,11.75,11.678,28.0,35.0,23.4
166,Morningside Heights,158,Meatpacking/West Village West,9.176,12.275,12.197,29.3,36.6,24.4
166,Morningside Heights,161,Midtown Center,5.867,7.063,7.002,16.8,21.0,14.0
166,Morningside Heights,162,Midtown East,5.928,6.758,6.693,16.1,20.1,13.4
166,Morningside Heights,163,Midtown North,5.176,6.342,6.29,15.1,18.9,12.6
166,Morningside Heights,164,Midtown South,7.043,8.746,8.676,20.8,26.0,17.4
166,Morningside Heights,166,Morningside Heights,0.0,0.0,0.0,0.0,0.0,0.0
166,Morningside Heights,170,Murray Hill,6.997,8.272,8.198,19.7,24.6,16.4
166,Morningside Heights,186,Penn Station/Madison Sq West,7.248,9.374,9.307,22.3,27.9,18.6
166,Morningside Heights,194,Randalls Island,3.747,5.208,5.171,12.4,15.5,10.3
166,Morningside Heights,202,Roosevelt Island,5.375,6.283,6.327,15.2,19.0,12.7
166,Morningside Heights,209,Seaport,11.696,14.704,14.592,35.0,43.8,29.2
166,Morningside Heights,211,SoHo,10.078,12.879,12.784,30.7,38.4,25.6
166,Morningside Heights,224,Stuy Town/Peter Cooper Village,8.712,9.879,9.784,23.5,29.4,19.6
166,Morningside Heights,229,Sutton Place/Turtle Bay North,5.862,6.14,6.073,14.6,18.2,12.1
166,Morningside Heights,230,Times Sq/Theatre District,5.829,7.417,7.361,17.7,22.1,14.7
166,Morningside Heights,231,TriBeCa/Civic Center,10.901,14.097,13.997,33.6,42.0,28.0
166,Morningside Heights,232,Two Bridges/Seward Park,10.671,12.322,12.208,29.3,36.6,24.4
166,Morningside Heights,233,UN/Turtle Bay South,6.653,7.347,7.273,17.5,21.8,14.5
166,Morningside Heights,234,Union Sq,8.049,10.111,10.033,24.1,30.1,20.1
166,Morningside Heights,236,Upper East Side North,3.248,3.625,3.656,8.8,11.0,7.3
166,Morningside Heights,237,Upper East Side South,4.547,4.862,4.811,11.5,14.4,9.6
166,Morningside Heights,238,Upper West Side North,2.189,2.93,2.911,7.0,8.7,5.8
166,Morningside Heights,239,Upper West Side South,3.169,4.264,4.237,10.2,12.7,8.5
166,Morningside Heights,243,Washington Heights North,5.827,7.749,7.695,18.5,23.1,15.4
166,Morningside Heights,244,Washington Heights South,3.972,5.311,5.275,12.7,15.8,10.6
166,Morningside Heights,246,West Chelsea/Hudson Yards,7.183,9.824,9.767,23.4,29.3,19.5
166,Morningside Heights,249,West Village,9.011,11.806,11.726,28.1,35.2,23.5
166,Morningside Heights,261,World Trade Center,11.952,15.492,15.384,36.9,46.2,30.8
166,Morningside Heights,262,Yorkville East,3.939,5.018,5.037,12.1,15.1,10.1
166,Morningside Heights,263,Yorkville West,3.527,4.321,4.344,10.4,13.0,8.7
170,Murray Hill,4,Alphabet City,2.668,2.793,2.822,6.8,8.5,5.6
170,Murray Hill,12,Battery Park,5.879,8.124,8.083,19.4,24.2,16.2
170,Murray Hill,13,Battery Park City,5.08,7.158,7.129,17.1,21.4,14.3
170,Murray Hill,24,Bloomingdale,6.121,7.125,7.06,16.9,21.2,14.1
170,Murray Hill,41,Central Harlem,6.69,8.593,8.53,20.5,25.6,17.1
170,Murray Hill,42,Central Harlem North,8.453,11.033,10.955,26.3,32.9,21.9
170,Murray Hill,43,Central Park,4.009,4.955,4.915,11.8,14.7,9.8
170,Murray Hill,45,Chinatown,4.256,5.588,5.551,13.3,16.7,11.1
170,Murray Hill,48,Clinton East,1.875,2.575,2.576,6.2,7.7,5.2
170,Murray Hill,50,Clinton West,2.488,3.467,3.465,8.3,10.4,6.9
170,Murray Hill,68,East Chelsea,1.811,1.897,1.865,4.5,5.6,3.7
170,Murray Hill,74,East Harlem North,6.875,9.427,9.374,22.5,28.1,18.7
170,Murray Hill,75,East Harlem South,5.447,7.474,7.432,17.8,22.3,14.9
170,Murray Hill,79,East Village,2.322,2.867,2.844,6.8,8.5,5.7
170,Murray Hill,87,Financial District North,5.164,7.009,6.97,16.7,20.9,13.9
170,Murray Hill,88,Financial District South,5.664,7.734,7.692,18.5,23.1,15.4
170,Murray Hill,90,Flatiron,1.675,2.178,2.178,5.2,6.5,4.4
170,Murray Hill,100,Garment District,1.08,1.515,1.507,3.6,4.5,3.0
170,Murray Hill,103,Governor's Island/Ellis Island/Liberty Island,8.554,12.103,12.059,28.9,36.2,24.1
170,Murray Hill,107,Gramercy,1.301,1.685,1.673,4.0,5.0,3.3
170,Murray Hill,113,Greenwich Village North,2.15,3.028,3.015,7.2,9.0,6.0
170,Murray Hill,114,Greenwich Village South,2.681,3.76,3.743,9.0,11.2,7.5
170,Murray Hill,116,Hamilton Heights,9.159,11.346,11.254,27.0,33.8,22.5
170,Murray Hill,120,Highbridge Park,11.717,15.087,14.974,35.9,44.9,29.9
170,Murray Hill,125,Hudson Sq,3.417,4.846,4.831,11.6,14.5,9.7
170,Murray Hill,127,Inwood,14.057,18.165,18.03,43.3,54.1,36.1
170,Murray Hill,128,Inwood Hill Park,14.574,18.435,18.289,43.9,54.9,36.6
170,Murray Hill,137,Kips Bay,0.829,0.981,0.987,2.4,3.0,2.0
170,Murray Hill,140,Lenox Hill East,2.811,3.988,3.975,9.5,11.9,7.9
170,Murray Hill,141,Lenox Hill West,2.661,3.734,3.717,8.9,11.2,7.4
170,Murray Hill,142,Lincoln Square East,2.886,3.132,3.161,7.6,9.5,6.3
170,Murray Hill,143,Lincoln Square West,3.228,3.91,3.933,9.4,11.8,7.9
170,Murray Hill,144,Little Italy/NoLiTa,3.364,4.547,4.521,10.9,13.6,9.0
170,Murray Hill,148,Lower East Side,3.366,4.252,4.22,10.1,12.7,8.4
170,Murray Hill,151,Manhattan Valley,5.644,6.451,6.391,15.3,19.2,12.8
170,Murray Hill,152,Manhattanville,8.073,9.896,9.814,23.6,29.4,19.6
170,Murray Hill,153,Marble Hill,15.355,20.022,19.876,47.7,59.6,39.8
170,Murray Hill,158,Meatpacking/West Village West,2.937,4.003,3.999,9.6,12.0,8.0
170,Murray Hill,161,Midtown Center,1.144,1.209,1.196,2.9,3.6,2.4
170,Murray Hill,162,Midtown East,1.12,1.514,1.505,3.6,4.5,3.0
170,Murray Hill,163,Midtown North,1.853,1.929,1.908,4.6,5.7,3.8
170,Murray Hill,164,Midtown South,0.57,0.659,0.649,1.6,1.9,1.3
170,Murray Hill,166,Morningside Heights,6.997,8.272,8.198,19.7,24.6,16.4
170,Murray Hill,170,Murray Hill,0.0,0.0,0.0,0.0,0.0,0.0
170,Murray Hill,186,Penn Station/Madison Sq West,1.181,1.269,1.248,3.0,3.7,2.5
170,Murray Hill,194,Randalls Island,6.616,9.382,9.347,22.4,28.0,18.7
170,Murray Hill,202,Roosevelt Island,2.877,3.997,3.99,9.6,12.0,8.0
170,Murray Hill,209,Seaport,4.792,6.432,6.394,15.3,19.2,12.8
170,Murray Hill,211,SoHo,3.288,4.607,4.586,11.0,13.8,9.2
170,Murray Hill,224,Stuy Town/Peter Cooper Village,1.776,1.929,1.946,4.7,5.8,3.9
170,Murray Hill,229,Sutton Place/Turtle Bay North,1.505,2.132,2.125,5.1,6.4,4.3
170,Murray Hill,230,Times Sq/Theatre District,1.425,1.825,1.832,4.4,5.5,3.7
170,Murray Hill,231,TriBeCa/Civic Center,4.152,5.825,5.799,13.9,17.4,11.6
170,Murray Hill,232,Two Bridges/Seward Park,3.686,4.05,4.009,9.6,12.0,8.0
170,Murray Hill,233,UN/Turtle Bay South,0.721,0.925,0.925,2.2,2.8,1.9
170,Murray Hill,234,Union Sq,1.303,1.839,1.835,4.4,5.5,3.7
170,Murray Hill,236,Upper East Side North,4.058,5.454,5.42,13.0,16.3,10.8
170,Murray Hill,237,Upper East Side South,2.559,3.409,3.387,8.1,10.2,6.8
170,Murray Hill,238,Upper West Side North,4.903,5.342,5.288,12.7,15.9,10.6
170,Murray Hill,239,Upper West Side South,4.022,4.032,4.079,9.8,12.2,8.2
170,Murray Hill,243,Washington Heights North,12.741,16.02,15.893,38.1,47.7,31.8
170,Murray Hill,244,Washington Heights South,10.894,13.583,13.473,32.3,40.4,26.9
170,Murray Hill,246,West Chelsea/Hudson Yards,2.242,2.787,2.755,6.6,8.3,5.5
170,Murray Hill,249,West Village,2.526,3.534,3.528,8.5,10.6,7.1
170,Murray Hill,261,World Trade Center,5.186,7.221,7.186,17.2,21.6,14.4
170,Murray Hill,262,Yorkville East,4.134,5.847,5.823,14.0,17.5,11.6
170,Murray Hill,263,Yorkville West,4.153,5.779,5.75,13.8,17.2,11.5
186,Penn Station/Madison Sq West,4,Alphabet City,3.043,4.062,4.07,9.8,12.2,8.1
186,Penn Station/Madison Sq West,12,Battery Park,5.423,7.022,6.974,16.7,20.9,13.9
186,Penn Station/Madison Sq West,13,Battery Park City,4.515,6.056,6.02,14.4,18.1,12.0
186,Penn Station/Madison Sq West,24,Bloomingdale,6.359,8.227,8.168,19.6,24.5,16.3
186,Penn Station/Madison Sq West,41,Central Harlem,7.107,9.695,9.639,23.1,28.9,19.3
186,Penn Station/Madison Sq West,42,Central Harlem North,8.89,12.135,12.063,29.0,36.2,24.1
186,Penn Station/Madison Sq West,43,Central Park,4.404,6.057,6.023,14.5,18.1,12.0
186,Penn Station/Madison Sq West,45,Chinatown,4.031,4.486,4.443,10.7,13.3,8.9
186,Penn Station/Madison Sq West,48,Clinton East,1.543,1.747,1.731,4.2,5.2,3.5
186,Penn Station/Madison Sq West,50,Clinton West,1.983,2.199,2.217,5.3,6.7,4.4
186,Penn Station/Madison Sq West,68,East Chelsea,0.632,0.644,0.646,1.6,1.9,1.3
186,Penn Station/Madison Sq West,74,East Harlem North,7.473,10.529,10.482,25.2,31.4,21.0
186,Penn Station/Madison Sq West,75,East Harlem South,6.065,8.576,8.541,20.5,25.6,17.1
186,Penn Station/Madison Sq West,79,East Village,2.382,2.87,2.887,6.9,8.7,5.8
186,Penn Station/Madison Sq West,87,Financial District North,4.801,5.907,5.861,14.1,17.6,11.7
186,Penn Station/Madison Sq West,88,Financial District South,5.265,6.632,6.583,15.8,19.7,13.2
186,Penn Station/Madison Sq West,90,Flatiron,0.79,1.076,1.07,2.6,3.2,2.1
186,Penn Station/Madison Sq West,100,Garment District,0.637,0.867,0.862,2.1,2.6,1.7
186,Penn Station/Madison Sq West,103,Governor's Island/Ellis Island/Liberty Island,7.896,11.001,10.95,26.3,32.8,21.9
186,Penn Station/Madison Sq West,107,Gramercy,1.477,2.008,2.011,4.8,6.0,4.0
186,Penn Station/Madison Sq West,113,Greenwich Village North,1.775,1.926,1.906,4.6,5.7,3.8
186,Penn Station/Madison Sq West,114,Greenwich Village South,2.277,2.658,2.634,6.3,7.9,5.3
186,Penn Station/Madison Sq West,116,Hamilton Heights,9.474,12.448,12.362,29.7,37.1,24.7
186,Penn Station/Madison Sq West,120,Highbridge Park,12.102,16.189,16.083,38.6,48.2,32.2
186,Penn Station/Madison Sq West,125,Hudson Sq,2.774,3.744,3.722,8.9,11.2,7.4
186,Penn Station/Madison Sq West,127,Inwood,14.442,19.267,19.138,45.9,57.4,38.3
186,Penn Station/Madison Sq West,128,Inwood Hill Park,14.908,19.537,19.398,46.6,58.2,38.8
186,Penn Station/Madison Sq West,137,Kips Bay,1.617,2.25,2.235,5.4,6.7,4.5
186,Penn Station/Madison Sq West,140,Lenox Hill East,3.7,5.09,5.083,12.2,15.2,10.2
186,Penn Station/Madison Sq West,141,Lenox Hill West,3.445,4.836,4.825,11.6,14.5,9.7
186,Penn Station/Madison Sq West,142,Lincoln Square East,2.939,3.717,3.689,8.9,11.1,7.4
186,Penn Station/Madison Sq West,143,Lincoln Square West,3.077,3.456,3.423,8.2,10.3,6.8
186,Penn Station/Madison Sq West,144,Little Italy/NoLiTa,3.089,3.445,3.412,8.2,10.2,6.8
186,Penn Station/Madison Sq West,148,Lower East Side,3.285,3.412,3.448,8.3,10.3,6.9
186,Penn Station/Madison Sq West,151,Manhattan Valley,5.863,7.553,7.499,18.0,22.5,15.0
186,Penn Station/Madison Sq West,152,Manhattanville,8.377,10.998,10.922,26.2,32.8,21.8
186,Penn Station/Madison Sq West,153,Marble Hill,15.758,21.124,20.985,50.4,63.0,42.0
186,Penn Station/Madison Sq West,158,Meatpacking/West Village West,2.046,2.901,2.89,6.9,8.7,5.8
186,Penn Station/Madison Sq West,161,Midtown Center,1.634,2.311,2.304,5.5,6.9,4.6
186,Penn Station/Madison Sq West,162,Midtown East,1.924,2.616,2.614,6.3,7.8,5.2
186,Penn Station/Madison Sq West,163,Midtown North,2.169,3.031,3.017,7.2,9.1,6.0
186,Penn Station/Madison Sq West,164,Midtown South,0.615,0.627,0.63,1.5,1.9,1.3
186,Penn Station/Madison Sq West,166,Morningside Heights,7.248,9.374,9.307,22.3,27.9,18.6
186,Penn Station/Madison Sq West,170,Murray Hill,1.181,1.269,1.248,3.0,3.7,2.5
186,Penn Station/Madison Sq West,186,Penn Station/Madison Sq West,0.0,0.0,0.0,0.0,0.0,0.0
186,Penn Station/Madison Sq West,194,Randalls Island,7.422,10.484,10.456,25.1,31.4,20.9
186,Penn Station/Madison Sq West,202,Roosevelt Island,3.884,5.099,5.099,12.2,15.3,10.2
186,Penn Station/Madison Sq West,209,Seaport,4.48,5.33,5.285,12.7,15.9,10.6
186,Penn Station/Madison Sq West,211,SoHo,2.839,3.505,3.478,8.3,10.4,7.0
186,Penn Station/Madison Sq West,224,Stuy Town/Peter Cooper Village,2.285,3.197,3.195,7.7,9.6,6.4
186,Penn Station/Madison Sq West,229,Sutton Place/Turtle Bay North,2.479,3.234,3.234,7.8,9.7,6.5
186,Penn Station/Madison Sq West,230,Times Sq/Theatre District,1.437,1.957,1.946,4.7,5.8,3.9
186,Penn Station/Madison Sq West,231,TriBeCa/Civic Center,3.653,4.723,4.691,11.3,14.1,9.4
186,Penn Station/Madison Sq West,232,Two Bridges/Seward Park,3.833,4.548,4.577,11.0,13.7,9.2
186,Penn Station/Madison Sq West,233,UN/Turtle Bay South,1.864,2.027,2.034,4.9,6.1,4.1
186,Penn Station/Madison Sq West,234,Union Sq,0.921,1.074,1.081,2.6,3.2,2.2
186,Penn Station/Madison Sq West,236,Upper East Side North,4.64,6.556,6.529,15.7,19.6,13.1
186,Penn Station/Madison Sq West,237,Upper East Side South,3.18,4.511,4.496,10.8,13.5,9.0
186,Penn Station/Madison Sq West,238,Upper West Side North,5.07,6.444,6.396,15.4,19.2,12.8
186,Penn Station/Madison Sq West,239,Upper West Side South,4.107,5.11,5.07,12.2,15.2,10.1
186,Penn Station/Madison Sq West,243,Washington Heights North,13.068,17.122,17.002,40.8,51.0,34.0
186,Penn Station/Madison Sq West,244,Washington Heights South,11.212,14.685,14.582,35.0,43.7,29.2
186,Penn Station/Madison Sq West,246,West Chelsea/Hudson Yards,1.114,1.518,1.506,3.6,4.5,3.0
186,Penn Station/Madison Sq West,249,West Village,1.78,2.432,2.419,5.8,7.3,4.8
186,Penn Station/Madison Sq West,261,World Trade Center,4.704,6.119,6.078,14.6,18.2,12.2
186,Penn Station/Madison Sq West,262,Yorkville East,4.932,6.949,6.932,16.6,20.8,13.9
186,Penn Station/Madison Sq West,263,Yorkville West,4.851,6.881,6.858,16.5,20.6,13.7
194,Randalls Island,4,Alphabet City,8.679,11.916,11.849,28.4,35.5,23.7
194,Randalls Island,12,Battery Park,12.436,17.506,17.43,41.8,52.3,34.9
194,Randalls Island,13,Battery Park City,11.687,16.541,16.476,39.5,49.4,33.0
194,Randalls Island,24,Bloomingdale,3.659,4.693,4.64,11.1,13.9,9.3
194,Randalls Island,41,Central Harlem,2.696,3.749,3.723,8.9,11.2,7.4
194,Randalls Island,42,Central Harlem North,3.32,4.4,4.41,10.6,13.2,8.8
194,Randalls Island,43,Central Park,3.584,4.427,4.432,10.6,13.3,8.9
194,Randalls Island,45,Chinatown,10.708,14.97,14.898,35.8,44.7,29.8
194,Randalls Island,48,Clinton East,6.366,8.737,8.725,20.9,26.2,17.4
194,Randalls Island,50,Clinton West,6.559,8.745,8.739,21.0,26.2,17.5
194,Randalls Island,68,East Chelsea,7.924,11.128,11.102,26.6,33.3,22.2
194,Randalls Island,74,East Harlem North,1.56,2.212,2.205,5.3,6.6,4.4
194,Randalls Island,75,East Harlem South,1.789,1.908,1.915,4.6,5.7,3.8
194,Randalls Island,79,East Village,8.739,12.249,12.191,29.3,36.6,24.4
194,Randalls Island,87,Financial District North,11.68,16.392,16.317,39.2,49.0,32.6
194,Randalls Island,88,Financial District South,12.191,17.116,17.039,40.9,51.1,34.1
194,Randalls Island,90,Flatiron,8.162,11.56,11.525,27.7,34.6,23.1
194,Randalls Island,100,Garment District,6.834,9.617,9.594,23.0,28.8,19.2
194,Randalls Island,103,Governor's Island/Ellis Island/Liberty Island,15.168,21.485,21.406,51.4,64.2,42.8
194,Randalls Island,107,Gramercy,7.836,11.067,11.02,26.4,33.1,22.0
194,Randalls Island,113,Greenwich Village North,8.76,12.41,12.362,29.7,37.1,24.7
194,Randalls Island,114,Greenwich Village South,9.284,13.142,13.09,31.4,39.3,26.2
194,Randalls Island,116,Hamilton Heights,4.48,6.031,6.04,14.5,18.1,12.1
194,Randalls Island,120,Highbridge Park,6.2,6.654,6.72,16.1,20.2,13.4
194,Randalls Island,125,Hudson Sq,10.031,14.228,14.178,34.0,42.5,28.4
194,Randalls Island,127,Inwood,8.349,8.783,8.683,20.8,26.0,17.4
194,Randalls Island,128,Inwood Hill Park,9.037,9.052,9.126,21.9,27.4,18.3
194,Randalls Island,137,Kips Bay,7.122,10.024,9.978,23.9,29.9,20.0
194,Randalls Island,140,Lenox Hill East,3.808,5.394,5.373,12.9,16.1,10.7
194,Randalls Island,141,Lenox Hill West,3.985,5.648,5.63,13.5,16.9,11.3
194,Randalls Island,142,Lincoln Square East,5.179,6.767,6.766,16.2,20.3,13.5
194,Randalls Island,143,Lincoln Square West,5.578,7.028,7.032,16.9,21.1,14.1
194,Randalls Island,144,Little Italy/NoLiTa,9.895,13.93,13.868,33.3,41.6,27.7
194,Randalls Island,148,Lower East Side,9.767,13.634,13.568,32.6,40.7,27.1
194,Randalls Island,151,Manhattan Valley,3.758,4.476,4.414,10.6,13.2,8.8
194,Randalls Island,152,Manhattanville,3.878,5.475,5.463,13.1,16.4,10.9
194,Randalls Island,153,Marble Hill,9.512,10.64,10.529,25.3,31.6,21.1
194,Randalls Island,158,Meatpacking/West Village West,9.455,13.385,13.346,32.0,40.0,26.7
194,Randalls Island,161,Midtown Center,5.788,8.174,8.151,19.6,24.5,16.3
194,Randalls Island,162,Midtown East,5.548,7.868,7.842,18.8,23.5,15.7
194,Randalls Island,163,Midtown North,5.358,7.453,7.439,17.9,22.3,14.9
194,Randalls Island,164,Midtown South,6.953,9.857,9.825,23.6,29.5,19.7
194,Randalls Island,166,Morningside Heights,3.747,5.208,5.171,12.4,15.5,10.3
194,Randalls Island,170,Murray Hill,6.616,9.382,9.347,22.4,28.0,18.7
194,Randalls Island,186,Penn Station/Madison Sq West,7.422,10.484,10.456,25.1,31.4,20.9
194,Randalls Island,194,Randalls Island,0.0,0.0,0.0,0.0,0.0,0.0
194,Randalls Island,202,Roosevelt Island,3.876,5.385,5.357,12.9,16.1,10.7
194,Randalls Island,209,Seaport,11.286,15.815,15.741,37.8,47.2,31.5
194,Randalls Island,211,SoHo,9.887,13.99,13.933,33.4,41.8,27.9
194,Randalls Island,224,Stuy Town/Peter Cooper Village,7.904,10.989,10.933,26.2,32.8,21.9
194,Randalls Island,229,Sutton Place/Turtle Bay North,5.119,7.251,7.222,17.3,21.7,14.4
194,Randalls Island,230,Times Sq/Theatre District,6.108,8.527,8.51,20.4,25.5,17.0
194,Randalls Island,231,TriBeCa/Civic Center,10.751,15.207,15.146,36.4,45.4,30.3
194,Randalls Island,232,Two Bridges/Seward Park,9.802,13.432,13.357,32.1,40.1,26.7
194,Randalls Island,233,UN/Turtle Bay South,5.983,8.458,8.422,20.2,25.3,16.8
194,Randalls Island,234,Union Sq,7.911,11.222,11.182,26.8,33.5,22.4
194,Randalls Island,236,Upper East Side North,2.977,3.928,3.927,9.4,11.8,7.9
194,Randalls Island,237,Upper East Side South,4.264,5.973,5.96,14.3,17.9,11.9
194,Randalls Island,238,Upper West Side North,4.09,4.197,4.118,9.9,12.4,8.2
194,Randalls Island,239,Upper West Side South,4.627,5.374,5.386,12.9,16.2,10.8
194,Randalls Island,243,Washington Heights North,7.374,8.038,8.114,19.5,24.3,16.2
194,Randalls Island,244,Washington Heights South,5.807,7.057,7.097,17.0,21.3,14.2
194,Randalls Island,246,West Chelsea/Hudson Yards,7.904,10.934,10.916,26.2,32.7,21.8
194,Randalls Island,249,West Village,9.108,12.917,12.875,30.9,38.6,25.7
194,Randalls Island,261,World Trade Center,11.765,16.603,16.533,39.7,49.6,33.1
194,Randalls Island,262,Yorkville East,2.494,3.535,3.524,8.5,10.6,7.0
194,Randalls Island,263,Yorkville West,2.611,3.603,3.597,8.6,10.8,7.2
202,Roosevelt Island,4,Alphabet City,4.812,6.531,6.492,15.6,19.5,13.0
202,Roosevelt Island,12,Battery Park,8.578,12.121,12.073,29.0,36.2,24.1
202,Roosevelt Island,13,Battery Park City,7.865,11.155,11.119,26.7,33.4,22.2
202,Roosevelt Island,24,Bloomingdale,4.639,5.768,5.796,13.9,17.4,11.6
202,Roosevelt Island,41,Central Harlem,4.714,4.824,4.879,11.7,14.6,9.8
202,Roosevelt Island,42,Central Harlem North,6.306,7.036,6.965,16.7,20.9,13.9
202,Roosevelt Island,43,Central Park,2.638,3.61,3.613,8.7,10.8,7.2
202,Roosevelt Island,45,Chinatown,6.835,9.585,9.541,22.9,28.6,19.1
202,Roosevelt Island,48,Clinton East,3.369,3.43,3.368,8.1,10.1,6.7
202,Roosevelt Island,50,Clinton West,3.845,4.322,4.256,10.2,12.8,8.5
202,Roosevelt Island,68,East Chelsea,4.477,5.742,5.745,13.8,17.2,11.5
202,Roosevelt Island,74,East Harlem North,4.489,5.43,5.383,12.9,16.2,10.8
202,Roosevelt Island,75,East Harlem South,3.142,3.477,3.442,8.3,10.3,6.9
202,Roosevelt Island,79,East Village,4.871,6.864,6.834,16.4,20.5,13.7
202,Roosevelt Island,87,Financial District North,7.814,11.006,10.96,26.3,32.9,21.9
202,Roosevelt Island,88,Financial District South,8.325,11.731,11.682,28.0,35.0,23.4
202,Roosevelt Island,90,Flatiron,4.529,6.175,6.168,14.8,18.5,12.3
202,Roosevelt Island,100,Garment District,3.409,4.232,4.237,10.2,12.7,8.5
202,Roosevelt Island,103,Governor's Island/Ellis Island/Liberty Island,11.352,16.1,16.049,38.5,48.1,32.1
202,Roosevelt Island,107,Gramercy,4.006,5.682,5.663,13.6,17.0,11.3
202,Roosevelt Island,113,Greenwich Village North,4.963,7.025,7.005,16.8,21.0,14.0
202,Roosevelt Island,114,Greenwich Village South,5.471,7.757,7.733,18.6,23.2,15.5
202,Roosevelt Island,116,Hamilton Heights,7.232,7.349,7.264,17.4,21.8,14.5
202,Roosevelt Island,120,Highbridge Park,9.56,11.09,10.984,26.4,33.0,22.0
202,Roosevelt Island,125,Hudson Sq,6.265,8.843,8.821,21.2,26.5,17.6
202,Roosevelt Island,127,Inwood,11.854,14.168,14.04,33.7,42.1,28.1
202,Roosevelt Island,128,Inwood Hill Park,12.457,14.438,14.299,34.3,42.9,28.6
202,Roosevelt Island,137,Kips Bay,3.272,4.638,4.621,11.1,13.9,9.2
202,Roosevelt Island,140,Lenox Hill East,0.567,0.805,0.802,1.9,2.4,1.6
202,Roosevelt Island,141,Lenox Hill West,0.991,1.383,1.375,3.3,4.1,2.7
202,Roosevelt Island,142,Lincoln Square East,2.968,3.987,3.952,9.5,11.9,7.9
202,Roosevelt Island,143,Lincoln Square West,3.545,4.765,4.724,11.3,14.2,9.4
202,Roosevelt Island,144,Little Italy/NoLiTa,6.04,8.544,8.511,20.4,25.5,17.0
202,Roosevelt Island,148,Lower East Side,5.892,8.249,8.211,19.7,24.6,16.4
202,Roosevelt Island,151,Manhattan Valley,4.29,5.551,5.57,13.4,16.7,11.1
202,Roosevelt Island,152,Manhattanville,6.236,6.55,6.619,15.9,19.9,13.2
202,Roosevelt Island,153,Marble Hill,13.1,16.025,15.886,38.1,47.7,31.8
202,Roosevelt Island,158,Meatpacking/West Village West,5.81,8.0,7.989,19.2,24.0,16.0
202,Roosevelt Island,161,Midtown Center,2.382,2.788,2.794,6.7,8.4,5.6
202,Roosevelt Island,162,Midtown East,1.978,2.483,2.485,6.0,7.5,5.0
202,Roosevelt Island,163,Midtown North,2.349,2.627,2.587,6.2,7.8,5.2
202,Roosevelt Island,164,Midtown South,3.321,4.471,4.468,10.7,13.4,8.9
202,Roosevelt Island,166,Morningside Heights,5.375,6.283,6.327,15.2,19.0,12.7
202,Roosevelt Island,170,Murray Hill,2.877,3.997,3.99,9.6,12.0,8.0
202,Roosevelt Island,186,Penn Station/Madison Sq West,3.884,5.099,5.099,12.2,15.3,10.2
202,Roosevelt Island,194,Randalls Island,3.876,5.385,5.357,12.9,16.1,10.7
202,Roosevelt Island,202,Roosevelt Island,0.0,0.0,0.0,0.0,0.0,0.0
202,Roosevelt Island,209,Seaport,7.416,10.429,10.384,24.9,31.2,20.8
202,Roosevelt Island,211,SoHo,6.066,8.604,8.576,20.6,25.7,17.2
202,Roosevelt Island,224,Stuy Town/Peter Cooper Village,4.028,5.604,5.576,13.4,16.7,11.2
202,Roosevelt Island,229,Sutton Place/Turtle Bay North,1.406,1.865,1.865,4.5,5.6,3.7
202,Roosevelt Island,230,Times Sq/Theatre District,2.901,3.142,3.153,7.6,9.5,6.3
202,Roosevelt Island,231,TriBeCa/Civic Center,6.925,9.822,9.789,23.5,29.4,19.6
202,Roosevelt Island,232,Two Bridges/Seward Park,5.936,8.047,8.0,19.2,24.0,16.0
202,Roosevelt Island,233,UN/Turtle Bay South,2.183,3.072,3.065,7.4,9.2,6.1
202,Roosevelt Island,234,Union Sq,4.176,5.836,5.825,14.0,17.5,11.6
202,Roosevelt Island,236,Upper East Side North,2.143,2.658,2.671,6.4,8.0,5.3
202,Roosevelt Island,237,Upper East Side South,1.52,2.078,2.062,4.9,6.2,4.1
202,Roosevelt Island,238,Upper West Side North,3.841,5.272,5.274,12.7,15.8,10.5
202,Roosevelt Island,239,Upper West Side South,3.445,4.887,4.87,11.7,14.6,9.7
202,Roosevelt Island,243,Washington Heights North,10.671,12.023,11.903,28.6,35.7,23.8
202,Roosevelt Island,244,Washington Heights South,8.892,9.586,9.483,22.8,28.4,19.0
202,Roosevelt Island,246,West Chelsea/Hudson Yards,4.664,5.549,5.559,13.3,16.7,11.1
202,Roosevelt Island,249,West Village,5.402,7.531,7.518,18.0,22.6,15.0
202,Roosevelt Island,261,World Trade Center,7.919,11.217,11.176,26.8,33.5,22.4
202,Roosevelt Island,262,Yorkville East,1.585,1.85,1.833,4.4,5.5,3.7
202,Roosevelt Island,263,Yorkville West,1.875,1.962,1.983,4.8,5.9,4.0
209,Seaport,4,Alphabet City,2.783,3.899,3.892,9.3,11.7,7.8
209,Seaport,12,Battery Park,1.214,1.691,1.689,4.1,5.1,3.4
209,Seaport,13,Battery Park City,1.1,1.384,1.37,3.3,4.1,2.7
209,Seaport,24,Bloomingdale,10.808,13.557,13.454,32.3,40.4,26.9
209,Seaport,41,Central Harlem,11.466,15.026,14.924,35.8,44.8,29.8
209,Seaport,42,Central Harlem North,13.237,17.465,17.349,41.6,52.0,34.7
209,Seaport,43,Central Park,8.764,11.387,11.309,27.1,33.9,22.6
209,Seaport,45,Chinatown,0.599,0.845,0.843,2.0,2.5,1.7
209,Seaport,48,Clinton East,6.02,7.078,7.016,16.8,21.0,14.0
209,Seaport,50,Clinton West,6.389,7.07,7.002,16.8,21.0,14.0
209,Seaport,68,East Chelsea,4.382,4.687,4.639,11.1,13.9,9.3
209,Seaport,74,East Harlem North,11.66,15.86,15.767,37.8,47.3,31.5
209,Seaport,75,East Harlem South,10.233,13.907,13.826,33.2,41.5,27.7
209,Seaport,79,East Village,2.547,3.566,3.55,8.5,10.6,7.1
209,Seaport,87,Financial District North,0.41,0.577,0.576,1.4,1.7,1.2
209,Seaport,88,Financial District South,0.918,1.302,1.298,3.1,3.9,2.6
209,Seaport,90,Flatiron,3.731,4.255,4.216,10.1,12.6,8.4
209,Seaport,100,Garment District,5.093,6.197,6.147,14.8,18.4,12.3
209,Seaport,103,Governor's Island/Ellis Island/Liberty Island,4.114,5.671,5.665,13.6,17.0,11.3
209,Seaport,107,Gramercy,3.499,4.747,4.721,11.3,14.2,9.4
209,Seaport,113,Greenwich Village North,2.728,3.405,3.379,8.1,10.1,6.8
209,Seaport,114,Greenwich Village South,2.205,2.673,2.651,6.4,8.0,5.3
209,Seaport,116,Hamilton Heights,13.9,17.778,17.648,42.4,52.9,35.3
209,Seaport,120,Highbridge Park,16.491,21.519,21.368,51.3,64.1,42.7
209,Seaport,125,Hudson Sq,1.939,2.236,2.252,5.4,6.8,4.5
209,Seaport,127,Inwood,18.833,24.598,24.424,58.6,73.3,48.8
209,Seaport,128,Inwood Hill Park,19.331,24.867,24.683,59.2,74.0,49.4
209,Seaport,137,Kips Bay,4.172,5.791,5.763,13.8,17.3,11.5
209,Seaport,140,Lenox Hill East,7.505,10.42,10.368,24.9,31.1,20.7
209,Seaport,141,Lenox Hill West,7.425,10.167,10.111,24.3,30.3,20.2
209,Seaport,142,Lincoln Square East,7.409,9.047,8.975,21.5,26.9,17.9
209,Seaport,143,Lincoln Square West,7.551,8.787,8.709,20.9,26.1,17.4
209,Seaport,144,Little Italy/NoLiTa,1.431,1.885,1.873,4.5,5.6,3.7
209,Seaport,148,Lower East Side,1.538,2.18,2.173,5.2,6.5,4.3
209,Seaport,151,Manhattan Valley,10.316,12.884,12.784,30.7,38.4,25.6
209,Seaport,152,Manhattanville,12.806,16.328,16.208,38.9,48.6,32.4
209,Seaport,153,Marble Hill,20.137,26.455,26.27,63.0,78.8,52.5
209,Seaport,158,Meatpacking/West Village West,2.918,3.334,3.359,8.1,10.1,6.7
209,Seaport,161,Midtown Center,5.862,7.641,7.59,18.2,22.8,15.2
209,Seaport,162,Midtown East,5.912,7.946,7.899,19.0,23.7,15.8
209,Seaport,163,Midtown North,6.53,8.362,8.302,19.9,24.9,16.6
209,Seaport,164,Midtown South,4.657,5.958,5.916,14.2,17.7,11.8
209,Seaport,166,Morningside Heights,11.696,14.704,14.592,35.0,43.8,29.2
209,Seaport,170,Murray Hill,4.792,6.432,6.394,15.3,19.2,12.8
209,Seaport,186,Penn Station/Madison Sq West,4.48,5.33,5.285,12.7,15.9,10.6
209,Seaport,194,Randalls Island,11.286,15.815,15.741,37.8,47.2,31.5
209,Seaport,202,Roosevelt Island,7.416,10.429,10.384,24.9,31.2,20.8
209,Seaport,209,Seaport,0.0,0.0,0.0,0.0,0.0,0.0
209,Seaport,211,SoHo,1.655,1.825,1.808,4.3,5.4,3.6
209,Seaport,224,Stuy Town/Peter Cooper Village,3.408,4.826,4.808,11.5,14.4,9.6
209,Seaport,229,Sutton Place/Turtle Bay North,6.212,8.564,8.519,20.4,25.6,17.0
209,Seaport,230,Times Sq/Theatre District,5.87,7.287,7.231,17.4,21.7,14.5
209,Seaport,231,TriBeCa/Civic Center,1.03,1.324,1.329,3.2,4.0,2.7
209,Seaport,232,Two Bridges/Seward Park,1.854,2.383,2.384,5.7,7.2,4.8
209,Seaport,233,UN/Turtle Bay South,5.334,7.357,7.319,17.6,22.0,14.6
209,Seaport,234,Union Sq,3.647,4.593,4.559,10.9,13.7,9.1
209,Seaport,236,Upper East Side North,8.85,11.887,11.814,28.4,35.4,23.6
209,Seaport,237,Upper East Side South,7.351,9.842,9.781,23.5,29.3,19.6
209,Seaport,238,Upper West Side North,9.534,11.775,11.681,28.0,35.0,23.4
209,Seaport,239,Upper West Side South,8.581,10.44,10.355,24.9,31.1,20.7
209,Seaport,243,Washington Heights North,17.493,22.453,22.287,53.5,66.9,44.6
209,Seaport,244,Washington Heights South,15.639,20.015,19.867,47.7,59.6,39.7
209,Seaport,246,West Chelsea/Hudson Yards,4.912,4.94,4.996,12.0,15.0,10.0
209,Seaport,249,West Village,2.833,2.898,2.866,6.9,8.6,5.7
209,Seaport,261,World Trade Center,0.791,0.803,0.792,1.9,2.4,1.6
209,Seaport,262,Yorkville East,8.856,12.28,12.217,29.3,36.7,24.4
209,Seaport,263,Yorkville West,8.926,12.212,12.144,29.1,36.4,24.3
211,SoHo,4,Alphabet City,2.076,2.103,2.084,5.0,6.3,4.2
211,SoHo,12,Battery Park,2.61,3.517,3.497,8.4,10.5,7.0
211,SoHo,13,Battery Park City,1.8,2.551,2.543,6.1,7.6,5.1
211,SoHo,24,Bloomingdale,9.19,11.732,11.646,28.0,34.9,23.3
211,SoHo,41,Central Harlem,9.89,13.2,13.116,31.5,39.3,26.2
211,SoHo,42,Central Harlem North,11.668,15.64,15.541,37.3,46.6,31.1
211,SoHo,43,Central Park,7.181,9.562,9.501,22.8,28.5,19.0
211,SoHo,45,Chinatown,1.301,1.556,1.566,3.8,4.7,3.1
211,SoHo,48,Clinton East,4.373,5.252,5.209,12.5,15.6,10.4
211,SoHo,50,Clinton West,4.734,5.245,5.194,12.5,15.6,10.4
211,SoHo,68,East Chelsea,2.729,2.862,2.831,6.8,8.5,5.7
211,SoHo,74,East Harlem North,10.15,14.035,13.96,33.5,41.9,27.9
211,SoHo,75,East Harlem South,8.724,12.082,12.018,28.8,36.1,24.0
211,SoHo,79,East Village,1.382,1.74,1.742,4.2,5.2,3.5
211,SoHo,87,Financial District North,1.962,2.402,2.383,5.7,7.2,4.8
211,SoHo,88,Financial District South,2.431,3.127,3.105,7.5,9.3,6.2
211,SoHo,90,Flatiron,2.078,2.429,2.408,5.8,7.2,4.8
211,SoHo,100,Garment District,3.462,4.372,4.34,10.4,13.0,8.7
211,SoHo,103,Governor's Island/Ellis Island/Liberty Island,5.287,7.496,7.472,17.9,22.4,14.9
211,SoHo,107,Gramercy,2.06,2.922,2.913,7.0,8.7,5.8
211,SoHo,113,Greenwich Village North,1.142,1.579,1.572,3.8,4.7,3.1
211,SoHo,114,Greenwich Village South,0.606,0.848,0.844,2.0,2.5,1.7
211,SoHo,116,Hamilton Heights,12.295,15.953,15.84,38.0,47.5,31.7
211,SoHo,120,Highbridge Park,14.906,19.694,19.56,46.9,58.7,39.1
211,SoHo,125,Hudson Sq,0.569,0.772,0.766,1.8,2.3,1.5
211,SoHo,127,Inwood,17.248,22.772,22.616,54.3,67.8,45.2
211,SoHo,128,Inwood Hill Park,17.729,23.042,22.876,54.9,68.6,45.8
211,SoHo,137,Kips Bay,2.802,3.966,3.955,9.5,11.9,7.9
211,SoHo,140,Lenox Hill East,6.079,8.595,8.561,20.5,25.7,17.1
211,SoHo,141,Lenox Hill West,5.949,8.341,8.303,19.9,24.9,16.6
211,SoHo,142,Lincoln Square East,5.777,7.222,7.167,17.2,21.5,14.3
211,SoHo,143,Lincoln Square West,5.901,6.961,6.901,16.6,20.7,13.8
211,SoHo,144,Little Italy/NoLiTa,0.513,0.726,0.722,1.7,2.2,1.4
211,SoHo,148,Lower East Side,1.054,1.454,1.444,3.5,4.3,2.9
211,SoHo,151,Manhattan Valley,8.695,11.059,10.977,26.3,32.9,22.0
211,SoHo,152,Manhattanville,11.199,14.503,14.4,34.6,43.2,28.8
211,SoHo,153,Marble Hill,18.558,24.629,24.463,58.7,73.4,48.9
211,SoHo,158,Meatpacking/West Village West,1.389,1.87,1.873,4.5,5.6,3.7
211,SoHo,161,Midtown Center,4.293,5.816,5.782,13.9,17.3,11.6
211,SoHo,162,Midtown East,4.398,6.121,6.091,14.6,18.3,12.2
211,SoHo,163,Midtown North,4.935,6.537,6.495,15.6,19.5,13.0
211,SoHo,164,Midtown South,3.071,4.133,4.108,9.9,12.3,8.2
211,SoHo,166,Morningside Heights,10.078,12.879,12.784,30.7,38.4,25.6
211,SoHo,170,Murray Hill,3.288,4.607,4.586,11.0,13.8,9.2
211,SoHo,186,Penn Station/Madison Sq West,2.839,3.505,3.478,8.3,10.4,7.0
211,SoHo,194,Randalls Island,9.887,13.99,13.933,33.4,41.8,27.9
211,SoHo,202,Roosevelt Island,6.066,8.604,8.576,20.6,25.7,17.2
211,SoHo,209,Seaport,1.655,1.825,1.808,4.3,5.4,3.6
211,SoHo,211,SoHo,0.0,0.0,0.0,0.0,0.0,0.0
211,SoHo,224,Stuy Town/Peter Cooper Village,2.284,3.0,3.001,7.2,9.0,6.0
211,SoHo,229,Sutton Place/Turtle Bay North,4.77,6.739,6.712,16.1,20.1,13.4
211,SoHo,230,Times Sq/Theatre District,4.25,5.462,5.424,13.0,16.3,10.8
211,SoHo,231,TriBeCa/Civic Center,0.865,1.218,1.213,2.9,3.6,2.4
211,SoHo,232,Two Bridges/Seward Park,1.866,2.59,2.574,6.2,7.7,5.1
211,SoHo,233,UN/Turtle Bay South,3.905,5.532,5.512,13.2,16.5,11.0
211,SoHo,234,Union Sq,2.053,2.768,2.751,6.6,8.3,5.5
211,SoHo,236,Upper East Side North,7.319,10.062,10.007,24.0,30.0,20.0
211,SoHo,237,Upper East Side South,5.819,8.016,7.974,19.1,23.9,15.9
211,SoHo,238,Upper West Side North,7.906,9.949,9.874,23.7,29.6,19.7
211,SoHo,239,Upper West Side South,6.946,8.615,8.548,20.5,25.6,17.1
211,SoHo,243,Washington Heights North,15.89,20.627,20.479,49.2,61.4,41.0
211,SoHo,244,Washington Heights South,14.034,18.19,18.06,43.3,54.2,36.1
211,SoHo,246,West Chelsea/Hudson Yards,3.274,3.476,3.51,8.4,10.5,7.0
211,SoHo,249,West Village,1.192,1.3,1.312,3.1,3.9,2.6
211,SoHo,261,World Trade Center,1.904,2.613,2.6,6.2,7.8,5.2
211,SoHo,262,Yorkville East,7.416,10.454,10.409,25.0,31.2,20.8
211,SoHo,263,Yorkville West,7.44,10.386,10.336,24.8,31.0,20.7
224,Stuy Town/Peter Cooper Village,4,Alphabet City,0.897,0.927,0.917,2.2,2.8,1.8
224,Stuy Town/Peter Cooper Village,12,Battery Park,4.596,6.517,6.497,15.6,19.5,13.0
224,Stuy Town/Peter Cooper Village,13,Battery Park City,3.994,5.552,5.543,13.3,16.6,11.1
224,Stuy Town/Peter Cooper Village,24,Bloomingdale,7.846,8.732,8.645,20.7,25.9,17.3
224,Stuy Town/Peter Cooper Village,41,Central Harlem,8.331,10.2,10.115,24.3,30.3,20.2
224,Stuy Town/Peter Cooper Village,42,Central Harlem North,10.064,12.64,12.54,30.1,37.6,25.1
224,Stuy Town/Peter Cooper Village,43,Central Park,5.702,6.562,6.5,15.6,19.5,13.0
224,Stuy Town/Peter Cooper Village,45,Chinatown,2.818,3.981,3.966,9.5,11.9,7.9
224,Stuy Town/Peter Cooper Village,48,Clinton East,3.56,4.504,4.523,10.9,13.6,9.0
224,Stuy Town/Peter Cooper Village,50,Clinton West,4.13,5.396,5.412,13.0,16.2,10.8
224,Stuy Town/Peter Cooper Village,68,East Chelsea,2.698,3.826,3.811,9.1,11.4,7.6
224,Stuy Town/Peter Cooper Village,74,East Harlem North,8.384,11.034,10.959,26.3,32.9,21.9
224,Stuy Town/Peter Cooper Village,75,East Harlem South,6.967,9.081,9.018,21.6,27.1,18.0
224,Stuy Town/Peter Cooper Village,79,East Village,0.917,1.26,1.259,3.0,3.8,2.5
224,Stuy Town/Peter Cooper Village,87,Financial District North,3.812,5.403,5.384,12.9,16.2,10.8
224,Stuy Town/Peter Cooper Village,88,Financial District South,4.324,6.127,6.106,14.7,18.3,12.2
224,Stuy Town/Peter Cooper Village,90,Flatiron,2.076,2.893,2.875,6.9,8.6,5.7
224,Stuy Town/Peter Cooper Village,100,Garment District,2.62,3.444,3.453,8.3,10.4,6.9
224,Stuy Town/Peter Cooper Village,103,Governor's Island/Ellis Island/Liberty Island,7.443,10.496,10.473,25.1,31.4,20.9
224,Stuy Town/Peter Cooper Village,107,Gramercy,0.84,1.189,1.184,2.8,3.6,2.4
224,Stuy Town/Peter Cooper Village,113,Greenwich Village North,1.498,1.589,1.563,3.8,4.7,3.1
224,Stuy Town/Peter Cooper Village,114,Greenwich Village South,1.798,2.153,2.157,5.2,6.5,4.3
224,Stuy Town/Peter Cooper Village,116,Hamilton Heights,10.833,12.953,12.839,30.8,38.5,25.7
224,Stuy Town/Peter Cooper Village,120,Highbridge Park,13.342,16.693,16.559,39.7,49.7,33.1
224,Stuy Town/Peter Cooper Village,125,Hudson Sq,2.681,3.239,3.245,7.8,9.7,6.5
224,Stuy Town/Peter Cooper Village,127,Inwood,15.673,19.772,19.615,47.1,58.8,39.2
224,Stuy Town/Peter Cooper Village,128,Inwood Hill Park,16.219,20.041,19.875,47.7,59.6,39.7
224,Stuy Town/Peter Cooper Village,137,Kips Bay,0.957,0.965,0.959,2.3,2.9,1.9
224,Stuy Town/Peter Cooper Village,140,Lenox Hill East,4.169,5.595,5.56,13.3,16.7,11.1
224,Stuy Town/Peter Cooper Village,141,Lenox Hill West,4.156,5.341,5.302,12.7,15.9,10.6
224,Stuy Town/Peter Cooper Village,142,Lincoln Square East,4.662,5.061,5.107,12.3,15.3,10.2
224,Stuy Town/Peter Cooper Village,143,Lincoln Square West,4.99,5.839,5.879,14.1,17.6,11.8
224,Stuy Town/Peter Cooper Village,144,Little Italy/NoLiTa,2.103,2.941,2.935,7.0,8.8,5.9
224,Stuy Town/Peter Cooper Village,148,Lower East Side,1.872,2.645,2.635,6.3,7.9,5.3
224,Stuy Town/Peter Cooper Village,151,Manhattan Valley,7.379,8.058,7.976,19.1,23.9,16.0
224,Stuy Town/Peter Cooper Village,152,Manhattanville,9.759,11.502,11.399,27.4,34.2,22.8
224,Stuy Town/Peter Cooper Village,153,Marble Hill,16.955,21.629,21.462,51.5,64.4,42.9
224,Stuy Town/Peter Cooper Village,158,Meatpacking/West Village West,2.759,3.11,3.064,7.4,9.2,6.1
224,Stuy Town/Peter Cooper Village,161,Midtown Center,2.912,3.003,3.035,7.3,9.1,6.1
224,Stuy Town/Peter Cooper Village,162,Midtown East,2.785,3.121,3.09,7.4,9.3,6.2
224,Stuy Town/Peter Cooper Village,163,Midtown North,3.621,3.701,3.742,9.0,11.2,7.5
224,Stuy Town/Peter Cooper Village,164,Midtown South,1.996,2.587,2.596,6.2,7.8,5.2
224,Stuy Town/Peter Cooper Village,166,Morningside Heights,8.712,9.879,9.784,23.5,29.4,19.6
224,Stuy Town/Peter Cooper Village,170,Murray Hill,1.776,1.929,1.946,4.7,5.8,3.9
224,Stuy Town/Peter Cooper Village,186,Penn Station/Madison Sq West,2.285,3.197,3.195,7.7,9.6,6.4
224,Stuy Town/Peter Cooper Village,194,Randalls Island,7.904,10.989,10.933,26.2,32.8,21.9
224,Stuy Town/Peter Cooper Village,202,Roosevelt Island,4.028,5.604,5.576,13.4,16.7,11.2
224,Stuy Town/Peter Cooper Village,209,Seaport,3.408,4.826,4.808,11.5,14.4,9.6
224,Stuy Town/Peter Cooper Village,211,SoHo,2.284,3.0,3.001,7.2,9.0,6.0
224,Stuy Town/Peter Cooper Village,224,Stuy Town/Peter Cooper Village,0.0,0.0,0.0,0.0,0.0,0.0
224,Stuy Town/Peter Cooper Village,229,Sutton Place/Turtle Bay North,2.93,3.738,3.711,8.9,11.1,7.4
224,Stuy Town/Peter Cooper Village,230,Times Sq/Theatre District,3.175,3.754,3.778,9.1,11.3,7.6
224,Stuy Town/Peter Cooper Village,231,TriBeCa/Civic Center,3.069,4.218,4.214,10.1,12.6,8.4
224,Stuy Town/Peter Cooper Village,232,Two Bridges/Seward Park,1.974,2.443,2.424,5.8,7.3,4.8
224,Stuy Town/Peter Cooper Village,233,UN/Turtle Bay South,2.075,2.532,2.511,6.0,7.5,5.0
224,Stuy Town/Peter Cooper Village,234,Union Sq,1.505,2.123,2.113,5.1,6.3,4.2
224,Stuy Town/Peter Cooper Village,236,Upper East Side North,5.646,7.061,7.006,16.8,21.0,14.0
224,Stuy Town/Peter Cooper Village,237,Upper East Side South,4.19,5.016,4.973,11.9,14.9,9.9
224,Stuy Town/Peter Cooper Village,238,Upper West Side North,6.657,6.949,6.873,16.5,20.6,13.7
224,Stuy Town/Peter Cooper Village,239,Upper West Side South,5.793,5.961,6.025,14.5,18.1,12.1
224,Stuy Town/Peter Cooper Village,243,Washington Heights North,14.395,17.627,17.478,41.9,52.4,35.0
224,Stuy Town/Peter Cooper Village,244,Washington Heights South,12.56,15.189,15.059,36.1,45.2,30.1
224,Stuy Town/Peter Cooper Village,246,West Chelsea/Hudson Yards,3.325,4.716,4.701,11.3,14.1,9.4
224,Stuy Town/Peter Cooper Village,249,West Village,2.241,2.539,2.503,6.0,7.5,5.0
224,Stuy Town/Peter Cooper Village,261,World Trade Center,3.977,5.614,5.601,13.4,16.8,11.2
224,Stuy Town/Peter Cooper Village,262,Yorkville East,5.518,7.454,7.409,17.8,22.2,14.8
224,Stuy Town/Peter Cooper Village,263,Yorkville West,5.643,7.386,7.335,17.6,22.0,14.7
229,Sutton Place/Turtle Bay North,4,Alphabet City,3.796,4.665,4.628,11.1,13.9,9.3
229,Sutton Place/Turtle Bay North,12,Battery Park,7.336,10.255,10.208,24.5,30.6,20.4
229,Sutton Place/Turtle Bay North,13,Battery Park City,6.568,9.29,9.254,22.2,27.8,18.5
229,Sutton Place/Turtle Bay North,24,Bloomingdale,5.024,5.05,5.109,12.3,15.3,10.2
229,Sutton Place/Turtle Bay North,41,Central Harlem,5.414,6.462,6.405,15.4,19.2,12.8
229,Sutton Place/Turtle Bay North,42,Central Harlem North,7.136,8.902,8.83,21.2,26.5,17.7
229,Sutton Place/Turtle Bay North,43,Central Park,2.86,2.893,2.926,7.0,8.8,5.9
229,Sutton Place/Turtle Bay North,45,Chinatown,5.652,7.719,7.677,18.4,23.0,15.4
229,Sutton Place/Turtle Bay North,48,Clinton East,2.174,2.713,2.681,6.4,8.0,5.4
229,Sutton Place/Turtle Bay North,50,Clinton West,2.744,3.605,3.57,8.6,10.7,7.1
229,Sutton Place/Turtle Bay North,68,East Chelsea,3.078,3.877,3.88,9.3,11.6,7.8
229,Sutton Place/Turtle Bay North,74,East Harlem North,5.465,7.296,7.248,17.4,21.7,14.5
229,Sutton Place/Turtle Bay North,75,East Harlem South,4.042,5.343,5.307,12.7,15.9,10.6
229,Sutton Place/Turtle Bay North,79,East Village,3.679,4.998,4.97,11.9,14.9,9.9
229,Sutton Place/Turtle Bay North,87,Financial District North,6.598,9.141,9.095,21.8,27.3,18.2
229,Sutton Place/Turtle Bay North,88,Financial District South,7.104,9.866,9.817,23.6,29.5,19.6
229,Sutton Place/Turtle Bay North,90,Flatiron,3.13,4.309,4.303,10.3,12.9,8.6
229,Sutton Place/Turtle Bay North,100,Garment District,2.028,2.366,2.372,5.7,7.1,4.7
229,Sutton Place/Turtle Bay North,103,Governor's Island/Ellis Island/Liberty Island,10.049,14.235,14.184,34.0,42.6,28.4
229,Sutton Place/Turtle Bay North,107,Gramercy,2.727,3.816,3.799,9.1,11.4,7.6
229,Sutton Place/Turtle Bay North,113,Greenwich Village North,3.641,5.159,5.14,12.3,15.4,10.3
229,Sutton Place/Turtle Bay North,114,Greenwich Village South,4.165,5.891,5.868,14.1,17.6,11.7
229,Sutton Place/Turtle Bay North,116,Hamilton Heights,7.93,9.215,9.128,21.9,27.4,18.3
229,Sutton Place/Turtle Bay North,120,Highbridge Park,10.414,12.955,12.849,30.8,38.5,25.7
229,Sutton Place/Turtle Bay North,125,Hudson Sq,4.921,6.978,6.956,16.7,20.9,13.9
229,Sutton Place/Turtle Bay North,127,Inwood,12.744,16.034,15.905,38.2,47.7,31.8
229,Sutton Place/Turtle Bay North,128,Inwood Hill Park,13.296,16.303,16.164,38.8,48.5,32.3
229,Sutton Place/Turtle Bay North,137,Kips Bay,2.047,2.773,2.756,6.6,8.3,5.5
229,Sutton Place/Turtle Bay North,140,Lenox Hill East,1.311,1.856,1.849,4.4,5.5,3.7
229,Sutton Place/Turtle Bay North,141,Lenox Hill West,1.227,1.603,1.592,3.8,4.8,3.2
229,Sutton Place/Turtle Bay North,142,Lincoln Square East,2.332,3.269,3.265,7.8,9.8,6.5
229,Sutton Place/Turtle Bay North,143,Lincoln Square West,2.859,4.048,4.037,9.7,12.1,8.1
229,Sutton Place/Turtle Bay North,144,Little Italy/NoLiTa,4.8,6.679,6.646,16.0,19.9,13.3
229,Sutton Place/Turtle Bay North,148,Lower East Side,4.727,6.384,6.346,15.2,19.0,12.7
229,Sutton Place/Turtle Bay North,151,Manhattan Valley,4.586,4.834,4.883,11.7,14.6,9.8
229,Sutton Place/Turtle Bay North,152,Manhattanville,6.869,7.764,7.688,18.5,23.1,15.4
229,Sutton Place/Turtle Bay North,153,Marble Hill,14.025,17.891,17.751,42.6,53.3,35.5
229,Sutton Place/Turtle Bay North,158,Meatpacking/West Village West,4.417,6.134,6.124,14.7,18.4,12.2
229,Sutton Place/Turtle Bay North,161,Midtown Center,1.07,1.211,1.193,2.9,3.6,2.4
229,Sutton Place/Turtle Bay North,162,Midtown East,0.609,0.617,0.62,1.5,1.9,1.2
229,Sutton Place/Turtle Bay North,163,Midtown North,1.353,1.91,1.9,4.6,5.7,3.8
229,Sutton Place/Turtle Bay North,164,Midtown South,1.917,2.606,2.604,6.2,7.8,5.2
229,Sutton Place/Turtle Bay North,166,Morningside Heights,5.862,6.14,6.073,14.6,18.2,12.1
229,Sutton Place/Turtle Bay North,170,Murray Hill,1.505,2.132,2.125,5.1,6.4,4.3
229,Sutton Place/Turtle Bay North,186,Penn Station/Madison Sq West,2.479,3.234,3.234,7.8,9.7,6.5
229,Sutton Place/Turtle Bay North,194,Randalls Island,5.119,7.251,7.222,17.3,21.7,14.4
229,Sutton Place/Turtle Bay North,202,Roosevelt Island,1.406,1.865,1.865,4.5,5.6,3.7
229,Sutton Place/Turtle Bay North,209,Seaport,6.212,8.564,8.519,20.4,25.6,17.0
229,Sutton Place/Turtle Bay North,211,SoHo,4.77,6.739,6.712,16.1,20.1,13.4
229,Sutton Place/Turtle Bay North,224,Stuy Town/Peter Cooper Village,2.93,3.738,3.711,8.9,11.1,7.4
229,Sutton Place/Turtle Bay North,229,Sutton Place/Turtle Bay North,0.0,0.0,0.0,0.0,0.0,0.0
229,Sutton Place/Turtle Bay North,230,Times Sq/Theatre District,1.645,1.962,1.936,4.6,5.8,3.9
229,Sutton Place/Turtle Bay North,231,TriBeCa/Civic Center,5.634,7.957,7.924,19.0,23.8,15.8
229,Sutton Place/Turtle Bay North,232,Two Bridges/Seward Park,4.902,6.181,6.135,14.7,18.4,12.3
229,Sutton Place/Turtle Bay North,233,UN/Turtle Bay South,0.879,1.207,1.2,2.9,3.6,2.4
229,Sutton Place/Turtle Bay North,234,Union Sq,2.808,3.971,3.96,9.5,11.9,7.9
229,Sutton Place/Turtle Bay North,236,Upper East Side North,2.721,3.323,3.295,7.9,9.9,6.6
229,Sutton Place/Turtle Bay North,237,Upper East Side South,1.321,1.361,1.376,3.3,4.1,2.8
229,Sutton Place/Turtle Bay North,238,Upper West Side North,3.941,4.554,4.587,11.0,13.8,9.2
229,Sutton Place/Turtle Bay North,239,Upper West Side South,3.231,4.169,4.183,10.0,12.5,8.4
229,Sutton Place/Turtle Bay North,243,Washington Heights North,11.476,13.889,13.768,33.0,41.3,27.5
229,Sutton Place/Turtle Bay North,244,Washington Heights South,9.647,11.451,11.348,27.2,34.0,22.7
229,Sutton Place/Turtle Bay North,246,West Chelsea/Hudson Yards,3.304,3.683,3.694,8.9,11.1,7.4
229,Sutton Place/Turtle Bay North,249,West Village,4.026,5.666,5.653,13.6,17.0,11.3
229,Sutton Place/Turtle Bay North,261,World Trade Center,6.655,9.352,9.311,22.3,27.9,18.6
229,Sutton Place/Turtle Bay North,262,Yorkville East,2.65,3.716,3.698,8.9,11.1,7.4
229,Sutton Place/Turtle Bay North,263,Yorkville West,2.723,3.648,3.624,8.7,10.9,7.2
230,Times Sq/Theatre District,4,Alphabet City,4.051,4.618,4.653,11.2,14.0,9.3
230,Times Sq/Theatre District,12,Battery Park,6.849,8.979,8.92,21.4,26.8,17.8
230,Times Sq/Theatre District,13,Battery Park City,5.95,8.014,7.966,19.1,23.9,15.9
230,Times Sq/Theatre District,24,Bloomingdale,4.941,6.27,6.222,14.9,18.7,12.4
230,Times Sq/Theatre District,41,Central Harlem,5.67,7.738,7.693,18.5,23.1,15.4
230,Times Sq/Theatre District,42,Central Harlem North,7.453,10.178,10.118,24.3,30.4,20.2
230,Times Sq/Theatre District,43,Central Park,2.968,4.1,4.078,9.8,12.2,8.2
230,Times Sq/Theatre District,45,Chinatown,5.39,6.443,6.389,15.3,19.2,12.8
230,Times Sq/Theatre District,48,Clinton East,0.548,0.75,0.745,1.8,2.2,1.5
230,Times Sq/Theatre District,50,Clinton West,1.167,1.642,1.634,3.9,4.9,3.3
230,Times Sq/Theatre District,68,East Chelsea,1.834,2.601,2.592,6.2,7.8,5.2
230,Times Sq/Theatre District,74,East Harlem North,6.06,8.572,8.536,20.5,25.6,17.1
230,Times Sq/Theatre District,75,East Harlem South,4.667,6.619,6.595,15.8,19.8,13.2
230,Times Sq/Theatre District,79,East Village,3.579,3.722,3.682,8.8,11.0,7.4
230,Times Sq/Theatre District,87,Financial District North,6.207,7.864,7.807,18.7,23.4,15.6
230,Times Sq/Theatre District,88,Financial District South,6.681,8.589,8.529,20.5,25.6,17.1
230,Times Sq/Theatre District,90,Flatiron,2.227,3.033,3.015,7.2,9.0,6.0
230,Times Sq/Theatre District,100,Garment District,0.8,1.09,1.084,2.6,3.3,2.2
230,Times Sq/Theatre District,103,Governor's Island/Ellis Island/Liberty Island,9.327,12.958,12.896,30.9,38.7,25.8
230,Times Sq/Theatre District,107,Gramercy,2.553,2.565,2.594,6.2,7.8,5.2
230,Times Sq/Theatre District,113,Greenwich Village North,3.143,3.883,3.852,9.2,11.6,7.7
230,Times Sq/Theatre District,114,Greenwich Village South,3.669,4.615,4.58,11.0,13.7,9.2
230,Times Sq/Theatre District,116,Hamilton Heights,8.047,10.491,10.416,25.0,31.2,20.8
230,Times Sq/Theatre District,120,Highbridge Park,10.668,14.232,14.137,33.9,42.4,28.3
230,Times Sq/Theatre District,125,Hudson Sq,4.211,5.701,5.668,13.6,17.0,11.3
230,Times Sq/Theatre District,127,Inwood,13.008,17.31,17.193,41.3,51.6,34.4
230,Times Sq/Theatre District,128,Inwood Hill Park,13.481,17.58,17.452,41.9,52.4,34.9
230,Times Sq/Theatre District,137,Kips Bay,2.248,2.806,2.819,6.8,8.5,5.6
230,Times Sq/Theatre District,140,Lenox Hill East,2.566,3.133,3.137,7.5,9.4,6.3
230,Times Sq/Theatre District,141,Lenox Hill West,2.22,2.879,2.88,6.9,8.6,5.8
230,Times Sq/Theatre District,142,Lincoln Square East,1.551,1.76,1.743,4.2,5.2,3.5
230,Times Sq/Theatre District,143,Lincoln Square West,1.817,2.086,2.101,5.0,6.3,4.2
230,Times Sq/Theatre District,144,Little Italy/NoLiTa,4.455,5.402,5.358,12.9,16.1,10.7
230,Times Sq/Theatre District,148,Lower East Side,4.575,5.107,5.058,12.1,15.2,10.1
230,Times Sq/Theatre District,151,Manhattan Valley,4.447,5.596,5.553,13.3,16.7,11.1
230,Times Sq/Theatre District,152,Manhattanville,6.95,9.041,8.976,21.5,26.9,18.0
230,Times Sq/Theatre District,153,Marble Hill,14.323,19.167,19.039,45.7,57.1,38.1
230,Times Sq/Theatre District,158,Meatpacking/West Village West,3.458,4.858,4.836,11.6,14.5,9.7
230,Times Sq/Theatre District,161,Midtown Center,0.584,0.751,0.743,1.8,2.2,1.5
230,Times Sq/Theatre District,162,Midtown East,1.059,1.354,1.339,3.2,4.0,2.7
230,Times Sq/Theatre District,163,Midtown North,0.758,1.074,1.071,2.6,3.2,2.1
230,Times Sq/Theatre District,164,Midtown South,1.251,1.33,1.316,3.2,3.9,2.6
230,Times Sq/Theatre District,166,Morningside Heights,5.829,7.417,7.361,17.7,22.1,14.7
230,Times Sq/Theatre District,170,Murray Hill,1.425,1.825,1.832,4.4,5.5,3.7
230,Times Sq/Theatre District,186,Penn Station/Madison Sq West,1.437,1.957,1.946,4.7,5.8,3.9
230,Times Sq/Theatre District,194,Randalls Island,6.108,8.527,8.51,20.4,25.5,17.0
230,Times Sq/Theatre District,202,Roosevelt Island,2.901,3.142,3.153,7.6,9.5,6.3
230,Times Sq/Theatre District,209,Seaport,5.87,7.287,7.231,17.4,21.7,14.5
230,Times Sq/Theatre District,211,SoHo,4.25,5.462,5.424,13.0,16.3,10.8
230,Times Sq/Theatre District,224,Stuy Town/Peter Cooper Village,3.175,3.754,3.778,9.1,11.3,7.6
230,Times Sq/Theatre District,229,Sutton Place/Turtle Bay North,1.645,1.962,1.936,4.6,5.8,3.9
230,Times Sq/Theatre District,230,Times Sq/Theatre District,0.0,0.0,0.0,0.0,0.0,0.0
230,Times Sq/Theatre District,231,TriBeCa/Civic Center,5.08,6.68,6.636,15.9,19.9,13.3
230,Times Sq/Theatre District,232,Two Bridges/Seward Park,5.008,5.104,5.161,12.4,15.5,10.3
230,Times Sq/Theatre District,233,UN/Turtle Bay South,1.6,2.268,2.26,5.4,6.8,4.5
230,Times Sq/Theatre District,234,Union Sq,2.227,2.695,2.672,6.4,8.0,5.3
230,Times Sq/Theatre District,236,Upper East Side North,3.242,4.599,4.583,11.0,13.7,9.2
230,Times Sq/Theatre District,237,Upper East Side South,1.847,2.554,2.55,6.1,7.7,5.1
230,Times Sq/Theatre District,238,Upper West Side North,3.664,4.487,4.45,10.7,13.4,8.9
230,Times Sq/Theatre District,239,Upper West Side South,2.722,3.153,3.124,7.5,9.4,6.2
230,Times Sq/Theatre District,243,Washington Heights North,11.641,15.165,15.056,36.1,45.2,30.1
230,Times Sq/Theatre District,244,Washington Heights South,9.785,12.728,12.636,30.3,37.9,25.3
230,Times Sq/Theatre District,246,West Chelsea/Hudson Yards,1.823,2.407,2.406,5.8,7.2,4.8
230,Times Sq/Theatre District,249,West Village,3.216,4.389,4.365,10.5,13.1,8.7
230,Times Sq/Theatre District,261,World Trade Center,6.132,8.076,8.023,19.3,24.1,16.0
230,Times Sq/Theatre District,262,Yorkville East,3.651,4.992,4.986,12.0,15.0,10.0
230,Times Sq/Theatre District,263,Yorkville West,3.504,4.924,4.912,11.8,14.7,9.8
231,TriBeCa/Civic Center,4,Alphabet City,2.695,3.291,3.297,7.9,9.9,6.6
231,TriBeCa/Civic Center,12,Battery Park,1.77,2.299,2.284,5.5,6.9,4.6
231,TriBeCa/Civic Center,13,Battery Park City,0.941,1.333,1.33,3.2,4.0,2.7
231,TriBeCa/Civic Center,24,Bloomingdale,10.012,12.95,12.859,30.9,38.6,25.7
231,TriBeCa/Civic Center,41,Central Harlem,10.735,14.418,14.329,34.4,43.0,28.7
231,TriBeCa/Civic Center,42,Central Harlem North,12.515,16.858,16.754,40.2,50.3,33.5
231,TriBeCa/Civic Center,43,Central Park,8.025,10.78,10.714,25.7,32.1,21.4
231,TriBeCa/Civic Center,45,Chinatown,1.012,1.417,1.409,3.4,4.2,2.8
231,TriBeCa/Civic Center,48,Clinton East,5.169,6.47,6.421,15.4,19.3,12.8
231,TriBeCa/Civic Center,50,Clinton West,5.489,6.463,6.407,15.4,19.2,12.8
231,TriBeCa/Civic Center,68,East Chelsea,3.47,4.079,4.044,9.7,12.1,8.1
231,TriBeCa/Civic Center,74,East Harlem North,11.011,15.252,15.173,36.4,45.5,30.3
231,TriBeCa/Civic Center,75,East Harlem South,9.585,13.299,13.231,31.8,39.7,26.5
231,TriBeCa/Civic Center,79,East Village,2.152,2.958,2.955,7.1,8.9,5.9
231,TriBeCa/Civic Center,87,Financial District North,1.218,1.25,1.263,3.0,3.8,2.5
231,TriBeCa/Civic Center,88,Financial District South,1.63,1.909,1.893,4.5,5.7,3.8
231,TriBeCa/Civic Center,90,Flatiron,2.873,3.647,3.621,8.7,10.9,7.2
231,TriBeCa/Civic Center,100,Garment District,4.284,5.59,5.553,13.3,16.7,11.1
231,TriBeCa/Civic Center,103,Governor's Island/Ellis Island/Liberty Island,4.427,6.278,6.259,15.0,18.8,12.5
231,TriBeCa/Civic Center,107,Gramercy,2.92,4.14,4.126,9.9,12.4,8.3
231,TriBeCa/Civic Center,113,Greenwich Village North,2.005,2.797,2.784,6.7,8.4,5.6
231,TriBeCa/Civic Center,114,Greenwich Village South,1.471,2.065,2.057,4.9,6.2,4.1
231,TriBeCa/Civic Center,116,Hamilton Heights,13.125,17.171,17.053,40.9,51.2,34.1
231,TriBeCa/Civic Center,120,Highbridge Park,15.745,20.912,20.773,49.9,62.3,41.5
231,TriBeCa/Civic Center,125,Hudson Sq,0.946,0.979,0.968,2.3,2.9,1.9
231,TriBeCa/Civic Center,127,Inwood,18.086,23.99,23.829,57.2,71.5,47.7
231,TriBeCa/Civic Center,128,Inwood Hill Park,18.559,24.26,24.088,57.8,72.3,48.2
231,TriBeCa/Civic Center,137,Kips Bay,3.656,5.184,5.168,12.4,15.5,10.3
231,TriBeCa/Civic Center,140,Lenox Hill East,6.944,9.813,9.774,23.5,29.3,19.5
231,TriBeCa/Civic Center,141,Lenox Hill West,6.814,9.559,9.516,22.8,28.5,19.0
231,TriBeCa/Civic Center,142,Lincoln Square East,6.59,8.44,8.38,20.1,25.1,16.8
231,TriBeCa/Civic Center,143,Lincoln Square West,6.684,8.179,8.114,19.5,24.3,16.2
231,TriBeCa/Civic Center,144,Little Italy/NoLiTa,0.989,1.278,1.278,3.1,3.8,2.6
231,TriBeCa/Civic Center,148,Lower East Side,1.441,1.573,1.579,3.8,4.7,3.2
231,TriBeCa/Civic Center,151,Manhattan Valley,9.515,12.276,12.19,29.3,36.6,24.4
231,TriBeCa/Civic Center,152,Manhattanville,12.028,15.721,15.613,37.5,46.8,31.2
231,TriBeCa/Civic Center,153,Marble Hill,19.399,25.847,25.675,61.6,77.0,51.4
231,TriBeCa/Civic Center,158,Meatpacking/West Village West,1.919,2.01,2.03,4.9,6.1,4.1
231,TriBeCa/Civic Center,161,Midtown Center,5.146,7.034,6.995,16.8,21.0,14.0
231,TriBeCa/Civic Center,162,Midtown East,5.261,7.339,7.304,17.5,21.9,14.6
231,TriBeCa/Civic Center,163,Midtown North,5.778,7.754,7.708,18.5,23.1,15.4
231,TriBeCa/Civic Center,164,Midtown South,3.922,5.35,5.321,12.8,16.0,10.6
231,TriBeCa/Civic Center,166,Morningside Heights,10.901,14.097,13.997,33.6,42.0,28.0
231,TriBeCa/Civic Center,170,Murray Hill,4.152,5.825,5.799,13.9,17.4,11.6
231,TriBeCa/Civic Center,186,Penn Station/Madison Sq West,3.653,4.723,4.691,11.3,14.1,9.4
231,TriBeCa/Civic Center,194,Randalls Island,10.751,15.207,15.146,36.4,45.4,30.3
231,TriBeCa/Civic Center,202,Roosevelt Island,6.925,9.822,9.789,23.5,29.4,19.6
231,TriBeCa/Civic Center,209,Seaport,1.03,1.324,1.329,3.2,4.0,2.7
231,TriBeCa/Civic Center,211,SoHo,0.865,1.218,1.213,2.9,3.6,2.4
231,TriBeCa/Civic Center,224,Stuy Town/Peter Cooper Village,3.069,4.218,4.214,10.1,12.6,8.4
231,TriBeCa/Civic Center,229,Sutton Place/Turtle Bay North,5.634,7.957,7.924,19.0,23.8,15.8
231,TriBeCa/Civic Center,230,Times Sq/Theatre District,5.08,6.68,6.636,15.9,19.9,13.3
231,TriBeCa/Civic Center,231,TriBeCa/Civic Center,0.0,0.0,0.0,0.0,0.0,0.0
231,TriBeCa/Civic Center,232,Two Bridges/Seward Park,2.127,2.45,2.417,5.8,7.2,4.8
231,TriBeCa/Civic Center,233,UN/Turtle Bay South,4.769,6.75,6.724,16.1,20.2,13.4
231,TriBeCa/Civic Center,234,Union Sq,2.906,3.986,3.964,9.5,11.9,7.9
231,TriBeCa/Civic Center,236,Upper East Side North,8.178,11.279,11.22,26.9,33.7,22.4
231,TriBeCa/Civic Center,237,Upper East Side South,6.679,9.234,9.187,22.0,27.6,18.4
231,TriBeCa/Civic Center,238,Upper West Side North,8.721,11.167,11.087,26.6,33.3,22.2
231,TriBeCa/Civic Center,239,Upper West Side South,7.754,9.833,9.761,23.4,29.3,19.5
231,TriBeCa/Civic Center,243,Washington Heights North,16.72,21.845,21.692,52.1,65.1,43.4
231,TriBeCa/Civic Center,244,Washington Heights South,14.863,19.408,19.272,46.3,57.8,38.5
231,TriBeCa/Civic Center,246,West Chelsea/Hudson Yards,3.96,4.273,4.23,10.2,12.7,8.5
231,TriBeCa/Civic Center,249,West Village,1.913,2.291,2.272,5.5,6.8,4.5
231,TriBeCa/Civic Center,261,World Trade Center,1.053,1.396,1.387,3.3,4.2,2.8
231,TriBeCa/Civic Center,262,Yorkville East,8.281,11.672,11.622,27.9,34.9,23.2
231,TriBeCa/Civic Center,263,Yorkville West,8.303,11.604,11.549,27.7,34.6,23.1
232,Two Bridges/Seward Park,4,Alphabet City,1.125,1.516,1.507,3.6,4.5,3.0
232,Two Bridges/Seward Park,12,Battery Park,3.045,4.074,4.073,9.8,12.2,8.1
232,Two Bridges/Seward Park,13,Battery Park City,2.809,3.109,3.12,7.5,9.4,6.2
232,Two Bridges/Seward Park,24,Bloomingdale,9.8,11.175,11.069,26.6,33.2,22.1
232,Two Bridges/Seward Park,41,Central Harlem,10.305,12.643,12.539,30.1,37.6,25.1
232,Two Bridges/Seward Park,42,Central Harlem North,12.037,15.083,14.964,35.9,44.9,29.9
232,Two Bridges/Seward Park,43,Central Park,7.666,9.005,8.924,21.4,26.8,17.8
232,Two Bridges/Seward Park,45,Chinatown,1.303,1.538,1.542,3.7,4.6,3.1
232,Two Bridges/Seward Park,48,Clinton East,5.308,5.854,5.905,14.2,17.7,11.8
232,Two Bridges/Seward Park,50,Clinton West,5.81,6.746,6.794,16.3,20.4,13.6
232,Two Bridges/Seward Park,68,East Chelsea,4.005,5.176,5.193,12.5,15.6,10.4
232,Two Bridges/Seward Park,74,East Harlem North,10.345,13.477,13.383,32.1,40.1,26.8
232,Two Bridges/Seward Park,75,East Harlem South,8.933,11.524,11.442,27.5,34.3,22.9
232,Two Bridges/Seward Park,79,East Village,1.452,1.678,1.69,4.1,5.1,3.4
232,Two Bridges/Seward Park,87,Financial District North,2.247,2.96,2.96,7.1,8.9,5.9
232,Two Bridges/Seward Park,88,Financial District South,2.719,3.684,3.682,8.8,11.0,7.4
232,Two Bridges/Seward Park,90,Flatiron,3.278,4.243,4.257,10.2,12.8,8.5
232,Two Bridges/Seward Park,100,Garment District,4.334,4.794,4.836,11.6,14.5,9.7
232,Two Bridges/Seward Park,103,Governor's Island/Ellis Island/Liberty Island,5.943,8.053,8.049,19.3,24.1,16.1
232,Two Bridges/Seward Park,107,Gramercy,2.455,2.54,2.566,6.2,7.7,5.1
232,Two Bridges/Seward Park,113,Greenwich Village North,2.199,2.94,2.946,7.1,8.8,5.9
232,Two Bridges/Seward Park,114,Greenwich Village South,1.938,2.731,2.726,6.5,8.2,5.5
232,Two Bridges/Seward Park,116,Hamilton Heights,12.804,15.396,15.263,36.6,45.8,30.5
232,Two Bridges/Seward Park,120,Highbridge Park,15.315,19.136,18.983,45.6,57.0,38.0
232,Two Bridges/Seward Park,125,Hudson Sq,2.433,3.362,3.34,8.0,10.0,6.7
232,Two Bridges/Seward Park,127,Inwood,17.646,22.215,22.039,52.9,66.1,44.1
232,Two Bridges/Seward Park,128,Inwood Hill Park,18.193,22.484,22.299,53.5,66.9,44.6
232,Two Bridges/Seward Park,137,Kips Bay,2.907,3.408,3.378,8.1,10.1,6.8
232,Two Bridges/Seward Park,140,Lenox Hill East,6.121,8.038,7.984,19.2,24.0,16.0
232,Two Bridges/Seward Park,141,Lenox Hill West,6.126,7.784,7.726,18.5,23.2,15.5
232,Two Bridges/Seward Park,142,Lincoln Square East,6.542,6.665,6.59,15.8,19.8,13.2
232,Two Bridges/Seward Park,143,Lincoln Square West,6.811,7.19,7.261,17.4,21.8,14.5
232,Two Bridges/Seward Park,144,Little Italy/NoLiTa,1.359,1.864,1.851,4.4,5.6,3.7
232,Two Bridges/Seward Park,148,Lower East Side,0.813,1.136,1.129,2.7,3.4,2.3
232,Two Bridges/Seward Park,151,Manhattan Valley,9.327,10.501,10.4,25.0,31.2,20.8
232,Two Bridges/Seward Park,152,Manhattanville,11.728,13.946,13.823,33.2,41.5,27.6
232,Two Bridges/Seward Park,153,Marble Hill,18.926,24.072,23.886,57.3,71.7,47.8
232,Two Bridges/Seward Park,158,Meatpacking/West Village West,3.145,4.46,4.447,10.7,13.3,8.9
232,Two Bridges/Seward Park,161,Midtown Center,4.829,5.259,5.205,12.5,15.6,10.4
232,Two Bridges/Seward Park,162,Midtown East,4.745,5.564,5.514,13.2,16.5,11.0
232,Two Bridges/Seward Park,163,Midtown North,5.537,5.979,5.918,14.2,17.8,11.8
232,Two Bridges/Seward Park,164,Midtown South,3.762,3.938,3.978,9.5,11.9,8.0
232,Two Bridges/Seward Park,166,Morningside Heights,10.671,12.322,12.208,29.3,36.6,24.4
232,Two Bridges/Seward Park,170,Murray Hill,3.686,4.05,4.009,9.6,12.0,8.0
232,Two Bridges/Seward Park,186,Penn Station/Madison Sq West,3.833,4.548,4.577,11.0,13.7,9.2
232,Two Bridges/Seward Park,194,Randalls Island,9.802,13.432,13.357,32.1,40.1,26.7
232,Two Bridges/Seward Park,202,Roosevelt Island,5.936,8.047,8.0,19.2,24.0,16.0
232,Two Bridges/Seward Park,209,Seaport,1.854,2.383,2.384,5.7,7.2,4.8
232,Two Bridges/Seward Park,211,SoHo,1.866,2.59,2.574,6.2,7.7,5.1
232,Two Bridges/Seward Park,224,Stuy Town/Peter Cooper Village,1.974,2.443,2.424,5.8,7.3,4.8
232,Two Bridges/Seward Park,229,Sutton Place/Turtle Bay North,4.902,6.181,6.135,14.7,18.4,12.3
232,Two Bridges/Seward Park,230,Times Sq/Theatre District,5.008,5.104,5.161,12.4,15.5,10.3
232,Two Bridges/Seward Park,231,TriBeCa/Civic Center,2.127,2.45,2.417,5.8,7.2,4.8
232,Two Bridges/Seward Park,232,Two Bridges/Seward Park,0.0,0.0,0.0,0.0,0.0,0.0
232,Two Bridges/Seward Park,233,UN/Turtle Bay South,4.049,4.975,4.935,11.8,14.8,9.9
232,Two Bridges/Seward Park,234,Union Sq,2.912,3.474,3.496,8.4,10.5,7.0
232,Two Bridges/Seward Park,236,Upper East Side North,7.62,9.504,9.43,22.6,28.3,18.9
232,Two Bridges/Seward Park,237,Upper East Side South,6.161,7.459,7.397,17.8,22.2,14.8
232,Two Bridges/Seward Park,238,Upper West Side North,8.589,9.392,9.297,22.3,27.9,18.6
232,Two Bridges/Seward Park,239,Upper West Side South,7.697,8.058,7.971,19.1,23.9,15.9
232,Two Bridges/Seward Park,243,Washington Heights North,16.369,20.07,19.902,47.8,59.7,39.8
232,Two Bridges/Seward Park,244,Washington Heights South,14.532,17.633,17.483,42.0,52.4,35.0
232,Two Bridges/Seward Park,246,West Chelsea/Hudson Yards,4.636,6.066,6.083,14.6,18.3,12.2
232,Two Bridges/Seward Park,249,West Village,2.769,3.89,3.885,9.3,11.7,7.8
232,Two Bridges/Seward Park,261,World Trade Center,2.61,3.171,3.177,7.6,9.5,6.4
232,Two Bridges/Seward Park,262,Yorkville East,7.463,9.897,9.833,23.6,29.5,19.7
232,Two Bridges/Seward Park,263,Yorkville West,7.608,9.829,9.759,23.4,29.3,19.5
233,UN/Turtle Bay South,4,Alphabet City,2.957,3.459,3.428,8.2,10.3,6.9
233,UN/Turtle Bay South,12,Battery Park,6.46,9.049,9.008,21.6,27.0,18.0
233,UN/Turtle Bay South,13,Battery Park City,5.706,8.083,8.054,19.3,24.2,16.1
233,UN/Turtle Bay South,24,Bloomingdale,5.796,6.2,6.134,14.7,18.4,12.3
233,UN/Turtle Bay South,41,Central Harlem,6.256,7.668,7.605,18.3,22.8,15.2
233,UN/Turtle Bay South,42,Central Harlem North,7.992,10.108,10.03,24.1,30.1,20.1
233,UN/Turtle Bay South,43,Central Park,3.64,4.03,3.99,9.6,12.0,8.0
233,UN/Turtle Bay South,45,Chinatown,4.773,6.513,6.477,15.5,19.4,13.0
233,UN/Turtle Bay South,48,Clinton East,2.136,3.019,3.004,7.2,9.0,6.0
233,UN/Turtle Bay South,50,Clinton West,2.763,3.911,3.893,9.3,11.7,7.8
233,UN/Turtle Bay South,68,East Chelsea,2.495,2.67,2.68,6.4,8.0,5.4
233,UN/Turtle Bay South,74,East Harlem North,6.341,8.503,8.448,20.3,25.3,16.9
233,UN/Turtle Bay South,75,East Harlem South,4.917,6.55,6.507,15.6,19.5,13.0
233,UN/Turtle Bay South,79,East Village,2.8,3.792,3.77,9.0,11.3,7.5
233,UN/Turtle Bay South,87,Financial District North,5.719,7.934,7.895,18.9,23.7,15.8
233,UN/Turtle Bay South,88,Financial District South,6.226,8.659,8.617,20.7,25.9,17.2
233,UN/Turtle Bay South,90,Flatiron,2.396,3.102,3.103,7.4,9.3,6.2
233,UN/Turtle Bay South,100,Garment District,1.6,1.959,1.935,4.6,5.8,3.9
233,UN/Turtle Bay South,103,Governor's Island/Ellis Island/Liberty Island,9.19,13.028,12.984,31.2,39.0,26.0
233,UN/Turtle Bay South,107,Gramercy,1.853,2.61,2.599,6.2,7.8,5.2
233,UN/Turtle Bay South,113,Greenwich Village North,2.787,3.952,3.94,9.5,11.8,7.9
233,UN/Turtle Bay South,114,Greenwich Village South,3.304,4.684,4.668,11.2,14.0,9.3
233,UN/Turtle Bay South,116,Hamilton Heights,8.759,10.421,10.328,24.8,31.0,20.7
233,UN/Turtle Bay South,120,Highbridge Park,11.269,14.162,14.049,33.7,42.1,28.1
233,UN/Turtle Bay South,125,Hudson Sq,4.083,5.771,5.756,13.8,17.3,11.5
233,UN/Turtle Bay South,127,Inwood,13.602,17.24,17.105,41.1,51.3,34.2
233,UN/Turtle Bay South,128,Inwood Hill Park,14.144,17.51,17.364,41.7,52.1,34.7
233,UN/Turtle Bay South,137,Kips Bay,1.17,1.566,1.556,3.7,4.7,3.1
233,UN/Turtle Bay South,140,Lenox Hill East,2.179,3.063,3.049,7.3,9.1,6.1
233,UN/Turtle Bay South,141,Lenox Hill West,2.1,2.809,2.792,6.7,8.4,5.6
233,UN/Turtle Bay South,142,Lincoln Square East,2.795,3.575,3.589,8.6,10.8,7.2
233,UN/Turtle Bay South,143,Lincoln Square West,3.237,4.354,4.361,10.5,13.1,8.7
233,UN/Turtle Bay South,144,Little Italy/NoLiTa,3.923,5.472,5.446,13.1,16.3,10.9
233,UN/Turtle Bay South,148,Lower East Side,3.849,5.177,5.146,12.3,15.4,10.3
233,UN/Turtle Bay South,151,Manhattan Valley,5.339,5.527,5.465,13.1,16.4,10.9
233,UN/Turtle Bay South,152,Manhattanville,7.688,8.971,8.888,21.3,26.7,17.8
233,UN/Turtle Bay South,153,Marble Hill,14.887,19.097,18.951,45.5,56.9,37.9
233,UN/Turtle Bay South,158,Meatpacking/West Village West,3.651,4.928,4.924,11.8,14.8,9.8
233,UN/Turtle Bay South,161,Midtown Center,1.09,1.517,1.517,3.6,4.5,3.0
233,UN/Turtle Bay South,162,Midtown East,0.769,0.915,0.92,2.2,2.8,1.8
233,UN/Turtle Bay South,163,Midtown North,1.72,2.216,2.224,5.3,6.7,4.4
233,UN/Turtle Bay South,164,Midtown South,1.252,1.399,1.404,3.4,4.2,2.8
233,UN/Turtle Bay South,166,Morningside Heights,6.653,7.347,7.273,17.5,21.8,14.5
233,UN/Turtle Bay South,170,Murray Hill,0.721,0.925,0.925,2.2,2.8,1.9
233,UN/Turtle Bay South,186,Penn Station/Madison Sq West,1.864,2.027,2.034,4.9,6.1,4.1
233,UN/Turtle Bay South,194,Randalls Island,5.983,8.458,8.422,20.2,25.3,16.8
233,UN/Turtle Bay South,202,Roosevelt Island,2.183,3.072,3.065,7.4,9.2,6.1
233,UN/Turtle Bay South,209,Seaport,5.334,7.357,7.319,17.6,22.0,14.6
233,UN/Turtle Bay South,211,SoHo,3.905,5.532,5.512,13.2,16.5,11.0
233,UN/Turtle Bay South,224,Stuy Town/Peter Cooper Village,2.075,2.532,2.511,6.0,7.5,5.0
233,UN/Turtle Bay South,229,Sutton Place/Turtle Bay North,0.879,1.207,1.2,2.9,3.6,2.4
233,UN/Turtle Bay South,230,Times Sq/Theatre District,1.6,2.268,2.26,5.4,6.8,4.5
233,UN/Turtle Bay South,231,TriBeCa/Civic Center,4.769,6.75,6.724,16.1,20.2,13.4
233,UN/Turtle Bay South,232,Two Bridges/Seward Park,4.049,4.975,4.935,11.8,14.8,9.9
233,UN/Turtle Bay South,233,UN/Turtle Bay South,0.0,0.0,0.0,0.0,0.0,0.0
233,UN/Turtle Bay South,234,Union Sq,1.997,2.764,2.76,6.6,8.3,5.5
233,UN/Turtle Bay South,236,Upper East Side North,3.574,4.53,4.495,10.8,13.5,9.0
233,UN/Turtle Bay South,237,Upper East Side South,2.116,2.485,2.462,5.9,7.4,4.9
233,UN/Turtle Bay South,238,Upper West Side North,4.646,4.86,4.911,11.8,14.7,9.8
233,UN/Turtle Bay South,239,Upper West Side South,3.844,4.475,4.507,10.8,13.5,9.0
233,UN/Turtle Bay South,243,Washington Heights North,12.32,15.095,14.968,35.9,44.9,29.9
233,UN/Turtle Bay South,244,Washington Heights South,10.484,12.658,12.548,30.1,37.6,25.1
233,UN/Turtle Bay South,246,West Chelsea/Hudson Yards,2.86,3.231,3.183,7.6,9.5,6.4
233,UN/Turtle Bay South,249,West Village,3.226,4.459,4.453,10.7,13.4,8.9
233,UN/Turtle Bay South,261,World Trade Center,5.783,8.145,8.111,19.5,24.3,16.2
233,UN/Turtle Bay South,262,Yorkville East,3.526,4.922,4.898,11.8,14.7,9.8
233,UN/Turtle Bay South,263,Yorkville West,3.6,4.854,4.824,11.6,14.5,9.6
234,Union Sq,4,Alphabet City,2.166,2.988,2.988,7.2,9.0,6.0
234,Union Sq,12,Battery Park,4.663,6.284,6.248,15.0,18.7,12.5
234,Union Sq,13,Battery Park City,3.816,5.319,5.294,12.7,15.9,10.6
234,Union Sq,24,Bloomingdale,7.162,8.964,8.895,21.3,26.7,17.8
234,Union Sq,41,Central Harlem,7.838,10.433,10.365,24.9,31.1,20.7
234,Union Sq,42,Central Harlem North,9.616,12.872,12.79,30.7,38.4,25.6
234,Union Sq,43,Central Park,5.13,6.794,6.75,16.2,20.2,13.5
234,Union Sq,45,Chinatown,3.163,3.748,3.716,8.9,11.1,7.4
234,Union Sq,48,Clinton East,2.434,2.485,2.457,5.9,7.4,4.9
234,Union Sq,50,Clinton West,2.903,3.273,3.298,7.9,9.9,6.6
234,Union Sq,68,East Chelsea,1.202,1.702,1.698,4.1,5.1,3.4
234,Union Sq,74,East Harlem North,8.108,11.267,11.208,26.9,33.6,22.4
234,Union Sq,75,East Harlem South,6.684,9.314,9.267,22.2,27.8,18.5
234,Union Sq,79,East Village,1.463,1.796,1.805,4.3,5.4,3.6
234,Union Sq,87,Financial District North,3.992,5.17,5.135,12.3,15.4,10.3
234,Union Sq,88,Financial District South,4.475,5.895,5.857,14.1,17.6,11.7
234,Union Sq,90,Flatiron,0.591,0.769,0.762,1.8,2.3,1.5
234,Union Sq,100,Garment District,1.47,1.605,1.588,3.8,4.8,3.2
234,Union Sq,103,Governor's Island/Ellis Island/Liberty Island,7.272,10.264,10.224,24.5,30.7,20.4
234,Union Sq,107,Gramercy,0.667,0.934,0.929,2.2,2.8,1.9
234,Union Sq,113,Greenwich Village North,0.921,1.188,1.18,2.8,3.5,2.4
234,Union Sq,114,Greenwich Village South,1.455,1.92,1.908,4.6,5.7,3.8
234,Union Sq,116,Hamilton Heights,10.256,13.186,13.089,31.4,39.3,26.2
234,Union Sq,120,Highbridge Park,12.857,16.926,16.809,40.3,50.4,33.6
234,Union Sq,125,Hudson Sq,2.122,3.007,2.996,7.2,9.0,6.0
234,Union Sq,127,Inwood,15.199,20.005,19.865,47.7,59.6,39.7
234,Union Sq,128,Inwood Hill Park,15.688,20.274,20.124,48.3,60.4,40.2
234,Union Sq,137,Kips Bay,1.179,1.198,1.204,2.9,3.6,2.4
234,Union Sq,140,Lenox Hill East,4.111,5.827,5.809,13.9,17.4,11.6
234,Union Sq,141,Lenox Hill West,3.938,5.574,5.552,13.3,16.7,11.1
234,Union Sq,142,Lincoln Square East,3.774,4.455,4.416,10.6,13.2,8.8
234,Union Sq,143,Lincoln Square West,3.964,4.194,4.149,10.0,12.4,8.3
234,Union Sq,144,Little Italy/NoLiTa,2.228,2.708,2.686,6.4,8.1,5.4
234,Union Sq,148,Lower East Side,2.377,2.413,2.386,5.7,7.2,4.8
234,Union Sq,151,Manhattan Valley,6.67,8.291,8.225,19.7,24.7,16.5
234,Union Sq,152,Manhattanville,9.161,11.735,11.648,28.0,34.9,23.3
234,Union Sq,153,Marble Hill,16.508,21.862,21.711,52.1,65.1,43.4
234,Union Sq,158,Meatpacking/West Village West,1.672,2.163,2.164,5.2,6.5,4.3
234,Union Sq,161,Midtown Center,2.241,3.048,3.031,7.3,9.1,6.1
234,Union Sq,162,Midtown East,2.374,3.354,3.34,8.0,10.0,6.7
234,Union Sq,163,Midtown North,2.888,3.769,3.743,9.0,11.2,7.5
234,Union Sq,164,Midtown South,1.018,1.365,1.357,3.3,4.1,2.7
234,Union Sq,166,Morningside Heights,8.049,10.111,10.033,24.1,30.1,20.1
234,Union Sq,170,Murray Hill,1.303,1.839,1.835,4.4,5.5,3.7
234,Union Sq,186,Penn Station/Madison Sq West,0.921,1.074,1.081,2.6,3.2,2.2
234,Union Sq,194,Randalls Island,7.911,11.222,11.182,26.8,33.5,22.4
234,Union Sq,202,Roosevelt Island,4.176,5.836,5.825,14.0,17.5,11.6
234,Union Sq,209,Seaport,3.647,4.593,4.559,10.9,13.7,9.1
234,Union Sq,211,SoHo,2.053,2.768,2.751,6.6,8.3,5.5
234,Union Sq,224,Stuy Town/Peter Cooper Village,1.505,2.123,2.113,5.1,6.3,4.2
234,Union Sq,229,Sutton Place/Turtle Bay North,2.808,3.971,3.96,9.5,11.9,7.9
234,Union Sq,230,Times Sq/Theatre District,2.227,2.695,2.672,6.4,8.0,5.3
234,Union Sq,231,TriBeCa/Civic Center,2.906,3.986,3.964,9.5,11.9,7.9
234,Union Sq,232,Two Bridges/Seward Park,2.912,3.474,3.496,8.4,10.5,7.0
234,Union Sq,233,UN/Turtle Bay South,1.997,2.764,2.76,6.6,8.3,5.5
234,Union Sq,234,Union Sq,0.0,0.0,0.0,0.0,0.0,0.0
234,Union Sq,236,Upper East Side North,5.273,7.294,7.255,17.4,21.8,14.5
234,Union Sq,237,Upper East Side South,3.776,5.249,5.222,12.5,15.7,10.4
234,Union Sq,238,Upper West Side North,5.891,7.182,7.122,17.1,21.4,14.2
234,Union Sq,239,Upper West Side South,4.946,5.847,5.796,13.9,17.4,11.6
234,Union Sq,243,Washington Heights North,13.849,17.86,17.728,42.5,53.2,35.5
234,Union Sq,244,Washington Heights South,11.995,15.422,15.308,36.7,45.9,30.6
234,Union Sq,246,West Chelsea/Hudson Yards,1.84,2.592,2.588,6.2,7.8,5.2
234,Union Sq,249,West Village,1.229,1.695,1.693,4.1,5.1,3.4
234,Union Sq,261,World Trade Center,3.954,5.381,5.351,12.8,16.1,10.7
234,Union Sq,262,Yorkville East,5.422,7.687,7.658,18.4,23.0,15.3
234,Union Sq,263,Yorkville West,5.414,7.619,7.585,18.2,22.8,15.2
236,Upper East Side North,4,Alphabet City,6.516,7.988,7.923,19.0,23.8,15.8
236,Upper East Side North,12,Battery Park,9.925,13.578,13.503,32.4,40.5,27.0
236,Upper East Side North,13,Battery Park City,9.087,12.613,12.549,30.1,37.6,25.1
236,Upper East Side North,24,Bloomingdale,2.496,3.11,3.125,7.5,9.4,6.2
236,Upper East Side North,41,Central Harlem,2.697,3.139,3.11,7.5,9.3,6.2
236,Upper East Side North,42,Central Harlem North,4.418,5.579,5.534,13.3,16.6,11.1
236,Upper East Side North,43,Central Park,0.756,0.953,0.942,2.3,2.8,1.9
236,Upper East Side North,45,Chinatown,8.31,11.042,10.972,26.3,32.9,21.9
236,Upper East Side North,48,Clinton East,3.429,4.809,4.798,11.5,14.4,9.6
236,Upper East Side North,50,Clinton West,3.584,4.817,4.813,11.6,14.4,9.6
236,Upper East Side North,68,East Chelsea,5.075,7.2,7.175,17.2,21.5,14.4
236,Upper East Side North,74,East Harlem North,2.838,3.973,3.953,9.5,11.9,7.9
236,Upper East Side North,75,East Harlem South,1.426,2.02,2.012,4.8,6.0,4.0
236,Upper East Side North,79,East Village,6.354,8.321,8.265,19.8,24.8,16.5
236,Upper East Side North,87,Financial District North,9.221,12.464,12.39,29.7,37.2,24.8
236,Upper East Side North,88,Financial District South,9.719,13.189,13.112,31.5,39.3,26.2
236,Upper East Side North,90,Flatiron,5.417,7.632,7.599,18.2,22.8,15.2
236,Upper East Side North,100,Garment District,4.017,5.689,5.667,13.6,17.0,11.3
236,Upper East Side North,103,Governor's Island/Ellis Island/Liberty Island,12.521,17.557,17.479,41.9,52.4,35.0
236,Upper East Side North,107,Gramercy,5.354,7.139,7.094,17.0,21.3,14.2
236,Upper East Side North,113,Greenwich Village North,6.177,8.482,8.435,20.2,25.3,16.9
236,Upper East Side North,114,Greenwich Village South,6.715,9.214,9.163,22.0,27.5,18.3
236,Upper East Side North,116,Hamilton Heights,5.222,5.892,5.833,14.0,17.5,11.7
236,Upper East Side North,120,Highbridge Park,7.695,9.632,9.554,22.9,28.7,19.1
236,Upper East Side North,125,Hudson Sq,7.37,10.301,10.251,24.6,30.8,20.5
236,Upper East Side North,127,Inwood,10.028,12.711,12.609,30.3,37.8,25.2
236,Upper East Side North,128,Inwood Hill Park,10.575,12.98,12.869,30.9,38.6,25.7
236,Upper East Side North,137,Kips Bay,4.737,6.096,6.052,14.5,18.2,12.1
236,Upper East Side North,140,Lenox Hill East,1.672,1.853,1.869,4.5,5.6,3.7
236,Upper East Side North,141,Lenox Hill West,1.514,1.72,1.704,4.1,5.1,3.4
236,Upper East Side North,142,Lincoln Square East,2.204,2.839,2.84,6.8,8.5,5.7
236,Upper East Side North,143,Lincoln Square West,2.633,3.1,3.106,7.5,9.3,6.2
236,Upper East Side North,144,Little Italy/NoLiTa,7.422,10.002,9.941,23.9,29.8,19.9
236,Upper East Side North,148,Lower East Side,7.405,9.706,9.641,23.1,28.9,19.3
236,Upper East Side North,151,Manhattan Valley,2.162,2.894,2.899,7.0,8.7,5.8
236,Upper East Side North,152,Manhattanville,4.178,4.441,4.393,10.5,13.2,8.8
236,Upper East Side North,153,Marble Hill,11.315,14.568,14.456,34.7,43.4,28.9
236,Upper East Side North,158,Meatpacking/West Village West,6.684,9.457,9.419,22.6,28.3,18.8
236,Upper East Side North,161,Midtown Center,3.04,4.246,4.225,10.1,12.7,8.4
236,Upper East Side North,162,Midtown East,2.938,3.94,3.915,9.4,11.7,7.8
236,Upper East Side North,163,Midtown North,2.485,3.525,3.512,8.4,10.5,7.0
236,Upper East Side North,164,Midtown South,4.262,5.929,5.899,14.2,17.7,11.8
236,Upper East Side North,166,Morningside Heights,3.248,3.625,3.656,8.8,11.0,7.3
236,Upper East Side North,170,Murray Hill,4.058,5.454,5.42,13.0,16.3,10.8
236,Upper East Side North,186,Penn Station/Madison Sq West,4.64,6.556,6.529,15.7,19.6,13.1
236,Upper East Side North,194,Randalls Island,2.977,3.928,3.927,9.4,11.8,7.9
236,Upper East Side North,202,Roosevelt Island,2.143,2.658,2.671,6.4,8.0,5.3
236,Upper East Side North,209,Seaport,8.85,11.887,11.814,28.4,35.4,23.6
236,Upper East Side North,211,SoHo,7.319,10.062,10.007,24.0,30.0,20.0
236,Upper East Side North,224,Stuy Town/Peter Cooper Village,5.646,7.061,7.006,16.8,21.0,14.0
236,Upper East Side North,229,Sutton Place/Turtle Bay North,2.721,3.323,3.295,7.9,9.9,6.6
236,Upper East Side North,230,Times Sq/Theatre District,3.242,4.599,4.583,11.0,13.7,9.2
236,Upper East Side North,231,TriBeCa/Civic Center,8.178,11.279,11.22,26.9,33.7,22.4
236,Upper East Side North,232,Two Bridges/Seward Park,7.62,9.504,9.43,22.6,28.3,18.9
236,Upper East Side North,233,UN/Turtle Bay South,3.574,4.53,4.495,10.8,13.5,9.0
236,Upper East Side North,234,Union Sq,5.273,7.294,7.255,17.4,21.8,14.5
236,Upper East Side North,236,Upper East Side North,0.0,0.0,0.0,0.0,0.0,0.0
236,Upper East Side North,237,Upper East Side South,1.501,2.045,2.033,4.9,6.1,4.1
236,Upper East Side North,238,Upper West Side North,1.843,2.614,2.603,6.2,7.8,5.2
236,Upper East Side North,239,Upper West Side South,1.867,2.229,2.199,5.3,6.6,4.4
236,Upper East Side North,243,Washington Heights North,8.755,10.566,10.473,25.1,31.4,20.9
236,Upper East Side North,244,Washington Heights South,6.931,8.128,8.053,19.3,24.2,16.1
236,Upper East Side North,246,West Chelsea/Hudson Yards,4.982,7.006,6.99,16.8,21.0,14.0
236,Upper East Side North,249,West Village,6.398,8.989,8.948,21.5,26.8,17.9
236,Upper East Side North,261,World Trade Center,9.223,12.675,12.607,30.3,37.8,25.2
236,Upper East Side North,262,Yorkville East,1.018,1.393,1.382,3.3,4.1,2.8
236,Upper East Side North,263,Yorkville West,0.54,0.696,0.688,1.7,2.1,1.4
237,Upper East Side South,4,Alphabet City,5.073,5.943,5.89,14.1,17.7,11.8
237,Upper East Side South,12,Battery Park,8.424,11.533,11.47,27.5,34.4,22.9
237,Upper East Side South,13,Battery Park City,7.591,10.568,10.516,25.2,31.5,21.0
237,Upper East Side South,24,Bloomingdale,3.704,3.716,3.733,9.0,11.2,7.5
237,Upper East Side South,41,Central Harlem,4.147,5.184,5.143,12.3,15.4,10.3
237,Upper East Side South,42,Central Harlem North,5.899,7.624,7.568,18.2,22.7,15.1
237,Upper East Side South,43,Central Park,1.539,1.546,1.55,3.7,4.7,3.1
237,Upper East Side South,45,Chinatown,6.814,8.997,8.939,21.5,26.8,17.9
237,Upper East Side South,48,Clinton East,2.163,2.764,2.765,6.6,8.3,5.5
237,Upper East Side South,50,Clinton West,2.505,2.771,2.78,6.7,8.3,5.6
237,Upper East Side South,68,East Chelsea,3.661,5.155,5.142,12.3,15.4,10.3
237,Upper East Side South,74,East Harlem North,4.333,6.018,5.986,14.4,18.0,12.0
237,Upper East Side South,75,East Harlem South,2.909,4.065,4.045,9.7,12.1,8.1
237,Upper East Side South,79,East Village,4.865,6.276,6.232,15.0,18.7,12.5
237,Upper East Side South,87,Financial District North,7.721,10.419,10.357,24.9,31.1,20.7
237,Upper East Side South,88,Financial District South,8.218,11.143,11.079,26.6,33.2,22.2
237,Upper East Side South,90,Flatiron,3.944,5.587,5.566,13.4,16.7,11.1
237,Upper East Side South,100,Garment District,2.576,3.644,3.634,8.7,10.9,7.3
237,Upper East Side South,103,Governor's Island/Ellis Island/Liberty Island,11.035,15.512,15.446,37.1,46.3,30.9
237,Upper East Side South,107,Gramercy,3.858,5.094,5.061,12.1,15.2,10.1
237,Upper East Side South,113,Greenwich Village North,4.677,6.437,6.402,15.4,19.2,12.8
237,Upper East Side South,114,Greenwich Village South,5.215,7.169,7.13,17.1,21.4,14.3
237,Upper East Side South,116,Hamilton Heights,6.644,7.937,7.866,18.9,23.6,15.7
237,Upper East Side South,120,Highbridge Park,9.169,11.677,11.587,27.8,34.8,23.2
237,Upper East Side South,125,Hudson Sq,5.881,8.255,8.218,19.7,24.7,16.4
237,Upper East Side South,127,Inwood,11.507,14.756,14.642,35.1,43.9,29.3
237,Upper East Side South,128,Inwood Hill Park,12.037,15.025,14.902,35.8,44.7,29.8
237,Upper East Side South,137,Kips Bay,3.261,4.051,4.019,9.6,12.1,8.0
237,Upper East Side South,140,Lenox Hill East,0.983,1.274,1.26,3.0,3.8,2.5
237,Upper East Side South,141,Lenox Hill West,0.539,0.695,0.688,1.7,2.1,1.4
237,Upper East Side South,142,Lincoln Square East,1.453,1.908,1.89,4.5,5.7,3.8
237,Upper East Side South,143,Lincoln Square West,2.03,2.687,2.661,6.4,8.0,5.3
237,Upper East Side South,144,Little Italy/NoLiTa,5.922,7.957,7.908,19.0,23.7,15.8
237,Upper East Side South,148,Lower East Side,5.915,7.661,7.608,18.3,22.8,15.2
237,Upper East Side South,151,Manhattan Valley,3.266,3.473,3.507,8.4,10.5,7.0
237,Upper East Side South,152,Manhattanville,5.572,6.486,6.426,15.4,19.3,12.9
237,Upper East Side South,153,Marble Hill,12.8,16.613,16.489,39.6,49.5,33.0
237,Upper East Side South,158,Meatpacking/West Village West,5.226,7.412,7.386,17.7,22.2,14.8
237,Upper East Side South,161,Midtown Center,1.556,2.201,2.192,5.3,6.6,4.4
237,Upper East Side South,162,Midtown East,1.441,1.895,1.882,4.5,5.6,3.8
237,Upper East Side South,163,Midtown North,1.11,1.48,1.479,3.5,4.4,3.0
237,Upper East Side South,164,Midtown South,2.77,3.884,3.866,9.3,11.6,7.7
237,Upper East Side South,166,Morningside Heights,4.547,4.862,4.811,11.5,14.4,9.6
237,Upper East Side South,170,Murray Hill,2.559,3.409,3.387,8.1,10.2,6.8
237,Upper East Side South,186,Penn Station/Madison Sq West,3.18,4.511,4.496,10.8,13.5,9.0
237,Upper East Side South,194,Randalls Island,4.264,5.973,5.96,14.3,17.9,11.9
237,Upper East Side South,202,Roosevelt Island,1.52,2.078,2.062,4.9,6.2,4.1
237,Upper East Side South,209,Seaport,7.351,9.842,9.781,23.5,29.3,19.6
237,Upper East Side South,211,SoHo,5.819,8.016,7.974,19.1,23.9,15.9
237,Upper East Side South,224,Stuy Town/Peter Cooper Village,4.19,5.016,4.973,11.9,14.9,9.9
237,Upper East Side South,229,Sutton Place/Turtle Bay North,1.321,1.361,1.376,3.3,4.1,2.8
237,Upper East Side South,230,Times Sq/Theatre District,1.847,2.554,2.55,6.1,7.7,5.1
237,Upper East Side South,231,TriBeCa/Civic Center,6.679,9.234,9.187,22.0,27.6,18.4
237,Upper East Side South,232,Two Bridges/Seward Park,6.161,7.459,7.397,17.8,22.2,14.8
237,Upper East Side South,233,UN/Turtle Bay South,2.116,2.485,2.462,5.9,7.4,4.9
237,Upper East Side South,234,Union Sq,3.776,5.249,5.222,12.5,15.7,10.4
237,Upper East Side South,236,Upper East Side North,1.501,2.045,2.033,4.9,6.1,4.1
237,Upper East Side South,237,Upper East Side South,0.0,0.0,0.0,0.0,0.0,0.0
237,Upper East Side South,238,Upper West Side North,2.639,3.193,3.212,7.7,9.6,6.4
237,Upper East Side South,239,Upper West Side South,2.027,2.808,2.807,6.7,8.4,5.6
237,Upper East Side South,243,Washington Heights North,10.209,12.611,12.506,30.0,37.5,25.0
237,Upper East Side South,244,Washington Heights South,8.371,10.173,10.086,24.2,30.3,20.2
237,Upper East Side South,246,West Chelsea/Hudson Yards,3.659,4.961,4.957,11.9,14.9,9.9
237,Upper East Side South,249,West Village,4.917,6.944,6.915,16.6,20.7,13.8
237,Upper East Side South,261,World Trade Center,7.723,10.63,10.574,25.4,31.7,21.1
237,Upper East Side South,262,Yorkville East,1.807,2.438,2.436,5.8,7.3,4.9
237,Upper East Side South,263,Yorkville West,1.672,2.37,2.362,5.7,7.1,4.7
238,Upper West Side North,4,Alphabet City,7.553,7.876,7.79,18.7,23.4,15.6
238,Upper West Side North,12,Battery Park,10.49,13.466,13.37,32.1,40.1,26.7
238,Upper West Side North,13,Battery Park City,9.564,12.501,12.416,29.8,37.2,24.8
238,Upper West Side North,24,Bloomingdale,1.307,1.783,1.772,4.3,5.3,3.5
238,Upper West Side North,41,Central Harlem,2.31,3.251,3.242,7.8,9.7,6.5
238,Upper West Side North,42,Central Harlem North,4.014,5.691,5.667,13.6,17.0,11.3
238,Upper West Side North,43,Central Park,1.204,1.661,1.661,4.0,5.0,3.3
238,Upper West Side North,45,Chinatown,9.052,10.93,10.839,26.0,32.5,21.7
238,Upper West Side North,48,Clinton East,3.565,4.697,4.665,11.2,14.0,9.3
238,Upper West Side North,50,Clinton West,3.387,4.704,4.68,11.2,14.0,9.4
238,Upper West Side North,68,East Chelsea,5.314,7.088,7.042,16.9,21.1,14.1
238,Upper West Side North,74,East Harlem North,3.191,4.085,4.086,9.8,12.3,8.2
238,Upper West Side North,75,East Harlem South,2.312,2.508,2.466,5.9,7.4,4.9
238,Upper West Side North,79,East Village,7.199,8.209,8.132,19.5,24.4,16.3
238,Upper West Side North,87,Financial District North,9.866,12.352,12.257,29.4,36.8,24.5
238,Upper West Side North,88,Financial District South,10.335,13.076,12.979,31.2,38.9,26.0
238,Upper West Side North,90,Flatiron,5.849,7.52,7.466,17.9,22.4,14.9
238,Upper West Side North,100,Garment District,4.444,5.577,5.534,13.3,16.6,11.1
238,Upper West Side North,103,Governor's Island/Ellis Island/Liberty Island,12.851,17.445,17.346,41.6,52.0,34.7
238,Upper West Side North,107,Gramercy,6.165,7.027,6.961,16.7,20.9,13.9
238,Upper West Side North,113,Greenwich Village North,6.807,8.37,8.302,19.9,24.9,16.6
238,Upper West Side North,114,Greenwich Village South,7.33,9.102,9.03,21.7,27.1,18.1
238,Upper West Side North,116,Hamilton Heights,4.434,6.004,5.966,14.3,17.9,11.9
238,Upper West Side North,120,Highbridge Park,7.095,9.745,9.687,23.2,29.1,19.4
238,Upper West Side North,125,Hudson Sq,7.825,10.188,10.118,24.3,30.4,20.2
238,Upper West Side North,127,Inwood,9.421,12.823,12.742,30.6,38.2,25.5
238,Upper West Side North,128,Inwood Hill Park,9.855,13.093,13.002,31.2,39.0,26.0
238,Upper West Side North,137,Kips Bay,5.7,5.983,5.919,14.2,17.8,11.8
238,Upper West Side North,140,Lenox Hill East,3.297,4.467,4.472,10.7,13.4,8.9
238,Upper West Side North,141,Lenox Hill West,2.973,3.888,3.899,9.4,11.7,7.8
238,Upper West Side North,142,Lincoln Square East,2.131,2.727,2.707,6.5,8.1,5.4
238,Upper West Side North,143,Lincoln Square West,2.138,2.988,2.973,7.1,8.9,5.9
238,Upper West Side North,144,Little Italy/NoLiTa,8.118,9.89,9.808,23.5,29.4,19.6
238,Upper West Side North,148,Lower East Side,8.22,9.594,9.508,22.8,28.5,19.0
238,Upper West Side North,151,Manhattan Valley,0.808,1.109,1.103,2.6,3.3,2.2
238,Upper West Side North,152,Manhattanville,3.34,4.554,4.526,10.9,13.6,9.1
238,Upper West Side North,153,Marble Hill,10.747,14.68,14.589,35.0,43.8,29.2
238,Upper West Side North,158,Meatpacking/West Village West,6.986,9.345,9.286,22.3,27.9,18.6
238,Upper West Side North,161,Midtown Center,3.76,4.133,4.092,9.8,12.3,8.2
238,Upper West Side North,162,Midtown East,3.889,3.946,3.99,9.6,12.0,8.0
238,Upper West Side North,163,Midtown North,3.054,3.413,3.379,8.1,10.1,6.8
238,Upper West Side North,164,Midtown South,4.897,5.817,5.766,13.8,17.3,11.5
238,Upper West Side North,166,Morningside Heights,2.189,2.93,2.911,7.0,8.7,5.8
238,Upper West Side North,170,Murray Hill,4.903,5.342,5.288,12.7,15.9,10.6
238,Upper West Side North,186,Penn Station/Madison Sq West,5.07,6.444,6.396,15.4,19.2,12.8
238,Upper West Side North,194,Randalls Island,4.09,4.197,4.118,9.9,12.4,8.2
238,Upper West Side North,202,Roosevelt Island,3.841,5.272,5.274,12.7,15.8,10.5
238,Upper West Side North,209,Seaport,9.534,11.775,11.681,28.0,35.0,23.4
238,Upper West Side North,211,SoHo,7.906,9.949,9.874,23.7,29.6,19.7
238,Upper West Side North,224,Stuy Town/Peter Cooper Village,6.657,6.949,6.873,16.5,20.6,13.7
238,Upper West Side North,229,Sutton Place/Turtle Bay North,3.941,4.554,4.587,11.0,13.8,9.2
238,Upper West Side North,230,Times Sq/Theatre District,3.664,4.487,4.45,10.7,13.4,8.9
238,Upper West Side North,231,TriBeCa/Civic Center,8.721,11.167,11.087,26.6,33.3,22.2
238,Upper West Side North,232,Two Bridges/Seward Park,8.589,9.392,9.297,22.3,27.9,18.6
238,Upper West Side North,233,UN/Turtle Bay South,4.646,4.86,4.911,11.8,14.7,9.8
238,Upper West Side North,234,Union Sq,5.891,7.182,7.122,17.1,21.4,14.2
238,Upper West Side North,236,Upper East Side North,1.843,2.614,2.603,6.2,7.8,5.2
238,Upper West Side North,237,Upper East Side South,2.639,3.193,3.212,7.7,9.6,6.4
238,Upper West Side North,238,Upper West Side North,0.0,0.0,0.0,0.0,0.0,0.0
238,Upper West Side North,239,Upper West Side South,0.981,1.334,1.326,3.2,4.0,2.7
238,Upper West Side North,243,Washington Heights North,8.016,10.678,10.605,25.5,31.8,21.2
238,Upper West Side North,244,Washington Heights South,6.162,8.241,8.186,19.6,24.6,16.4
238,Upper West Side North,246,West Chelsea/Hudson Yards,5.001,6.894,6.857,16.5,20.6,13.7
238,Upper West Side North,249,West Village,6.826,8.877,8.815,21.2,26.4,17.6
238,Upper West Side North,261,World Trade Center,9.771,12.563,12.474,29.9,37.4,24.9
238,Upper West Side North,262,Yorkville East,2.844,4.007,3.984,9.6,12.0,8.0
238,Upper West Side North,263,Yorkville West,2.351,3.31,3.291,7.9,9.9,6.6
239,Upper West Side South,4,Alphabet City,6.688,6.825,6.9,16.6,20.7,13.8
239,Upper West Side South,12,Battery Park,9.522,12.132,12.044,28.9,36.1,24.1
239,Upper West Side South,13,Battery Park City,8.59,11.166,11.09,26.6,33.3,22.2
239,Upper West Side South,24,Bloomingdale,2.287,3.117,3.098,7.4,9.3,6.2
239,Upper West Side South,41,Central Harlem,3.231,4.585,4.569,11.0,13.7,9.1
239,Upper West Side South,42,Central Harlem North,4.971,7.025,6.994,16.8,21.0,14.0
239,Upper West Side South,43,Central Park,1.116,1.276,1.257,3.0,3.8,2.5
239,Upper West Side South,45,Chinatown,8.11,9.596,9.513,22.8,28.5,19.0
239,Upper West Side South,48,Clinton East,2.59,3.363,3.339,8.0,10.0,6.7
239,Upper West Side South,50,Clinton West,2.411,3.37,3.354,8.0,10.1,6.7
239,Upper West Side South,68,East Chelsea,4.336,5.754,5.716,13.7,17.1,11.4
239,Upper West Side South,74,East Harlem North,3.974,5.419,5.412,13.0,16.2,10.8
239,Upper West Side South,75,East Harlem South,2.856,3.466,3.471,8.3,10.4,6.9
239,Upper West Side South,79,East Village,6.287,6.875,6.806,16.3,20.4,13.6
239,Upper West Side South,87,Financial District North,8.908,11.017,10.931,26.2,32.8,21.9
239,Upper West Side South,88,Financial District South,9.372,11.742,11.653,28.0,35.0,23.3
239,Upper West Side South,90,Flatiron,4.881,6.186,6.14,14.7,18.4,12.3
239,Upper West Side South,100,Garment District,3.488,4.243,4.208,10.1,12.6,8.4
239,Upper West Side South,103,Governor's Island/Ellis Island/Liberty Island,11.87,16.111,16.02,38.4,48.1,32.0
239,Upper West Side South,107,Gramercy,5.255,5.693,5.635,13.5,16.9,11.3
239,Upper West Side South,113,Greenwich Village North,5.857,7.036,6.976,16.7,20.9,14.0
239,Upper West Side South,114,Greenwich Village South,6.376,7.768,7.704,18.5,23.1,15.4
239,Upper West Side South,116,Hamilton Heights,5.414,7.338,7.292,17.5,21.9,14.6
239,Upper West Side South,120,Highbridge Park,8.075,11.079,11.013,26.4,33.0,22.0
239,Upper West Side South,125,Hudson Sq,6.852,8.854,8.792,21.1,26.4,17.6
239,Upper West Side South,127,Inwood,10.402,14.157,14.068,33.8,42.2,28.1
239,Upper West Side South,128,Inwood Hill Park,10.833,14.427,14.328,34.4,43.0,28.7
239,Upper West Side South,137,Kips Bay,4.837,5.013,5.066,12.2,15.2,10.1
239,Upper West Side South,140,Lenox Hill East,2.877,4.082,4.068,9.8,12.2,8.1
239,Upper West Side South,141,Lenox Hill West,2.478,3.503,3.495,8.4,10.5,7.0
239,Upper West Side South,142,Lincoln Square East,1.173,1.393,1.381,3.3,4.1,2.8
239,Upper West Side South,143,Lincoln Square West,1.169,1.654,1.647,4.0,4.9,3.3
239,Upper West Side South,144,Little Italy/NoLiTa,7.172,8.555,8.482,20.4,25.4,17.0
239,Upper West Side South,148,Lower East Side,7.295,8.26,8.182,19.6,24.5,16.4
239,Upper West Side South,151,Manhattan Valley,1.788,2.443,2.429,5.8,7.3,4.9
239,Upper West Side South,152,Manhattanville,4.32,5.888,5.852,14.0,17.6,11.7
239,Upper West Side South,153,Marble Hill,11.728,16.014,15.915,38.2,47.7,31.8
239,Upper West Side South,158,Meatpacking/West Village West,6.007,8.011,7.96,19.1,23.9,15.9
239,Upper West Side South,161,Midtown Center,2.881,2.958,2.99,7.2,9.0,6.0
239,Upper West Side South,162,Midtown East,3.075,3.561,3.586,8.6,10.8,7.2
239,Upper West Side South,163,Midtown North,2.172,2.259,2.283,5.5,6.8,4.6
239,Upper West Side South,164,Midtown South,3.968,4.483,4.44,10.7,13.3,8.9
239,Upper West Side South,166,Morningside Heights,3.169,4.264,4.237,10.2,12.7,8.5
239,Upper West Side South,170,Murray Hill,4.022,4.032,4.079,9.8,12.2,8.2
239,Upper West Side South,186,Penn Station/Madison Sq West,4.107,5.11,5.07,12.2,15.2,10.1
239,Upper West Side South,194,Randalls Island,4.627,5.374,5.386,12.9,16.2,10.8
239,Upper West Side South,202,Roosevelt Island,3.445,4.887,4.87,11.7,14.6,9.7
239,Upper West Side South,209,Seaport,8.581,10.44,10.355,24.9,31.1,20.7
239,Upper West Side South,211,SoHo,6.946,8.615,8.548,20.5,25.6,17.1
239,Upper West Side South,224,Stuy Town/Peter Cooper Village,5.793,5.961,6.025,14.5,18.1,12.1
239,Upper West Side South,229,Sutton Place/Turtle Bay North,3.231,4.169,4.183,10.0,12.5,8.4
239,Upper West Side South,230,Times Sq/Theatre District,2.722,3.153,3.124,7.5,9.4,6.2
239,Upper West Side South,231,TriBeCa/Civic Center,7.754,9.833,9.761,23.4,29.3,19.5
239,Upper West Side South,232,Two Bridges/Seward Park,7.697,8.058,7.971,19.1,23.9,15.9
239,Upper West Side South,233,UN/Turtle Bay South,3.844,4.475,4.507,10.8,13.5,9.0
239,Upper West Side South,234,Union Sq,4.946,5.847,5.796,13.9,17.4,11.6
239,Upper West Side South,236,Upper East Side North,1.867,2.229,2.199,5.3,6.6,4.4
239,Upper West Side South,237,Upper East Side South,2.027,2.808,2.807,6.7,8.4,5.6
239,Upper West Side South,238,Upper West Side North,0.981,1.334,1.326,3.2,4.0,2.7
239,Upper West Side South,239,Upper West Side South,0.0,0.0,0.0,0.0,0.0,0.0
239,Upper West Side South,243,Washington Heights North,8.995,12.012,11.932,28.6,35.8,23.9
239,Upper West Side South,244,Washington Heights South,7.141,9.575,9.512,22.8,28.5,19.0
239,Upper West Side South,246,West Chelsea/Hudson Yards,4.022,5.56,5.53,13.3,16.6,11.1
239,Upper West Side South,249,West Village,5.854,7.542,7.489,18.0,22.5,15.0
239,Upper West Side South,261,World Trade Center,8.802,11.229,11.147,26.8,33.4,22.3
239,Upper West Side South,262,Yorkville East,2.854,3.622,3.58,8.6,10.7,7.2
239,Upper West Side South,263,Yorkville West,2.402,2.925,2.887,6.9,8.7,5.8
243,Washington Heights North,4,Alphabet City,15.271,18.554,18.395,44.1,55.2,36.8
243,Washington Heights North,12,Battery Park,18.489,24.144,23.976,57.5,71.9,48.0
243,Washington Heights North,13,Battery Park City,17.576,23.179,23.022,55.3,69.1,46.0
243,Washington Heights North,24,Bloomingdale,6.714,8.895,8.833,21.2,26.5,17.7
243,Washington Heights North,41,Central Harlem,6.064,7.427,7.363,17.7,22.1,14.7
243,Washington Heights North,42,Central Harlem North,4.366,4.987,4.938,11.9,14.8,9.9
243,Washington Heights North,43,Central Park,8.735,11.065,10.978,26.3,32.9,22.0
243,Washington Heights North,45,Chinatown,16.983,21.608,21.444,51.5,64.3,42.9
243,Washington Heights North,48,Clinton East,11.58,15.375,15.271,36.6,45.8,30.5
243,Washington Heights North,50,Clinton West,11.378,15.382,15.285,36.7,45.9,30.6
243,Washington Heights North,68,East Chelsea,13.331,17.766,17.648,42.4,52.9,35.3
243,Washington Heights North,74,East Harlem North,6.224,6.593,6.519,15.6,19.6,13.0
243,Washington Heights North,75,East Harlem South,7.53,8.546,8.461,20.3,25.4,16.9
243,Washington Heights North,79,East Village,15.062,18.887,18.737,45.0,56.2,37.5
243,Washington Heights North,87,Financial District North,17.841,23.03,22.863,54.9,68.6,45.7
243,Washington Heights North,88,Financial District South,18.32,23.754,23.585,56.6,70.8,47.2
243,Washington Heights North,90,Flatiron,13.853,18.198,18.071,43.4,54.2,36.1
243,Washington Heights North,100,Garment District,12.436,16.255,16.139,38.7,48.4,32.3
243,Washington Heights North,103,Governor's Island/Ellis Island/Liberty Island,20.859,28.123,27.952,67.1,83.9,55.9
243,Washington Heights North,107,Gramercy,14.04,17.705,17.566,42.2,52.7,35.1
243,Washington Heights North,113,Greenwich Village North,14.77,19.048,18.908,45.4,56.7,37.8
243,Washington Heights North,114,Greenwich Village South,15.302,19.78,19.636,47.1,58.9,39.3
243,Washington Heights North,116,Hamilton Heights,3.595,4.674,4.639,11.1,13.9,9.3
243,Washington Heights North,120,Highbridge Park,1.181,1.384,1.394,3.3,4.2,2.8
243,Washington Heights North,125,Hudson Sq,15.835,20.866,20.724,49.7,62.2,41.4
243,Washington Heights North,127,Inwood,1.514,2.145,2.137,5.1,6.4,4.3
243,Washington Heights North,128,Inwood Hill Park,1.84,2.414,2.396,5.8,7.2,4.8
243,Washington Heights North,137,Kips Bay,13.47,16.662,16.524,39.7,49.6,33.0
243,Washington Heights North,140,Lenox Hill East,10.341,12.032,11.919,28.6,35.8,23.8
243,Washington Heights North,141,Lenox Hill West,10.265,12.286,12.176,29.2,36.5,24.4
243,Washington Heights North,142,Lincoln Square East,10.14,13.405,13.312,31.9,39.9,26.6
243,Washington Heights North,143,Lincoln Square West,10.128,13.666,13.578,32.6,40.7,27.2
243,Washington Heights North,144,Little Italy/NoLiTa,16.065,20.568,20.414,49.0,61.2,40.8
243,Washington Heights North,148,Lower East Side,16.107,20.272,20.113,48.3,60.3,40.2
243,Washington Heights North,151,Manhattan Valley,7.213,9.569,9.502,22.8,28.5,19.0
243,Washington Heights North,152,Manhattanville,4.691,6.125,6.079,14.6,18.2,12.2
243,Washington Heights North,153,Marble Hill,2.823,4.002,3.983,9.6,11.9,8.0
243,Washington Heights North,158,Meatpacking/West Village West,15.002,20.023,19.892,47.7,59.7,39.8
243,Washington Heights North,161,Midtown Center,11.636,14.812,14.697,35.3,44.1,29.4
243,Washington Heights North,162,Midtown East,11.64,14.506,14.388,34.5,43.2,28.8
243,Washington Heights North,163,Midtown North,10.963,14.091,13.985,33.6,42.0,28.0
243,Washington Heights North,164,Midtown South,12.836,16.495,16.371,39.3,49.1,32.7
243,Washington Heights North,166,Morningside Heights,5.827,7.749,7.695,18.5,23.1,15.4
243,Washington Heights North,170,Murray Hill,12.741,16.02,15.893,38.1,47.7,31.8
243,Washington Heights North,186,Penn Station/Madison Sq West,13.068,17.122,17.002,40.8,51.0,34.0
243,Washington Heights North,194,Randalls Island,7.374,8.038,8.114,19.5,24.3,16.2
243,Washington Heights North,202,Roosevelt Island,10.671,12.023,11.903,28.6,35.7,23.8
243,Washington Heights North,209,Seaport,17.493,22.453,22.287,53.5,66.9,44.6
243,Washington Heights North,211,SoHo,15.89,20.627,20.479,49.2,61.4,41.0
243,Washington Heights North,224,Stuy Town/Peter Cooper Village,14.395,17.627,17.478,41.9,52.4,35.0
243,Washington Heights North,229,Sutton Place/Turtle Bay North,11.476,13.889,13.768,33.0,41.3,27.5
243,Washington Heights North,230,Times Sq/Theatre District,11.641,15.165,15.056,36.1,45.2,30.1
243,Washington Heights North,231,TriBeCa/Civic Center,16.72,21.845,21.692,52.1,65.1,43.4
243,Washington Heights North,232,Two Bridges/Seward Park,16.369,20.07,19.902,47.8,59.7,39.8
243,Washington Heights North,233,UN/Turtle Bay South,12.32,15.095,14.968,35.9,44.9,29.9
243,Washington Heights North,234,Union Sq,13.849,17.86,17.728,42.5,53.2,35.5
243,Washington Heights North,236,Upper East Side North,8.755,10.566,10.473,25.1,31.4,20.9
243,Washington Heights North,237,Upper East Side South,10.209,12.611,12.506,30.0,37.5,25.0
243,Washington Heights North,238,Upper West Side North,8.016,10.678,10.605,25.5,31.8,21.2
243,Washington Heights North,239,Upper West Side South,8.995,12.012,11.932,28.6,35.8,23.9
243,Washington Heights North,243,Washington Heights North,0.0,0.0,0.0,0.0,0.0,0.0
243,Washington Heights North,244,Washington Heights South,1.856,2.438,2.42,5.8,7.3,4.8
243,Washington Heights North,246,West Chelsea/Hudson Yards,12.998,17.572,17.462,41.9,52.4,34.9
243,Washington Heights North,249,West Village,14.836,19.555,19.421,46.6,58.3,38.8
243,Washington Heights North,261,World Trade Center,17.772,23.241,23.079,55.4,69.2,46.2
243,Washington Heights North,262,Yorkville East,9.088,10.173,10.07,24.2,30.2,20.1
243,Washington Heights North,263,Yorkville West,8.834,10.241,10.143,24.3,30.4,20.3
244,Washington Heights South,4,Alphabet City,13.439,16.117,15.976,38.3,47.9,32.0
244,Washington Heights South,12,Battery Park,16.633,21.707,21.556,51.7,64.7,43.1
244,Washington Heights South,13,Battery Park City,15.719,20.741,20.602,49.4,61.8,41.2
244,Washington Heights South,24,Bloomingdale,4.858,6.458,6.413,15.4,19.2,12.8
244,Washington Heights South,41,Central Harlem,4.234,4.99,4.943,11.9,14.8,9.9
244,Washington Heights South,42,Central Harlem North,2.605,2.656,2.687,6.4,8.1,5.4
244,Washington Heights South,43,Central Park,6.886,8.628,8.558,20.5,25.7,17.1
244,Washington Heights South,45,Chinatown,15.132,19.171,19.025,45.7,57.1,38.0
244,Washington Heights South,48,Clinton East,9.725,12.937,12.851,30.8,38.6,25.7
244,Washington Heights South,50,Clinton West,9.529,12.945,12.865,30.9,38.6,25.7
244,Washington Heights South,68,East Chelsea,11.476,15.328,15.228,36.5,45.7,30.5
244,Washington Heights South,74,East Harlem North,4.515,4.844,4.892,11.7,14.7,9.8
244,Washington Heights South,75,East Harlem South,5.753,6.108,6.041,14.5,18.1,12.1
244,Washington Heights South,79,East Village,13.216,16.45,16.317,39.2,49.0,32.6
244,Washington Heights South,87,Financial District North,15.986,20.592,20.443,49.1,61.3,40.9
244,Washington Heights South,88,Financial District South,16.465,21.317,21.165,50.8,63.5,42.3
244,Washington Heights South,90,Flatiron,11.997,15.76,15.651,37.6,47.0,31.3
244,Washington Heights South,100,Garment District,10.579,13.818,13.72,32.9,41.2,27.4
244,Washington Heights South,103,Governor's Island/Ellis Island/Liberty Island,19.008,25.686,25.532,61.3,76.6,51.1
244,Washington Heights South,107,Gramercy,12.191,15.268,15.147,36.4,45.4,30.3
244,Washington Heights South,113,Greenwich Village North,12.915,16.61,16.488,39.6,49.5,33.0
244,Washington Heights South,114,Greenwich Village South,13.447,17.342,17.216,41.3,51.6,34.4
244,Washington Heights South,116,Hamilton Heights,1.739,2.237,2.219,5.3,6.7,4.4
244,Washington Heights South,120,Highbridge Park,1.095,1.504,1.501,3.6,4.5,3.0
244,Washington Heights South,125,Hudson Sq,13.978,18.429,18.304,43.9,54.9,36.6
244,Washington Heights South,127,Inwood,3.285,4.582,4.557,10.9,13.7,9.1
244,Washington Heights South,128,Inwood Hill Park,3.696,4.852,4.816,11.6,14.4,9.6
244,Washington Heights South,137,Kips Bay,11.63,14.224,14.104,33.9,42.3,28.2
244,Washington Heights South,140,Lenox Hill East,8.539,9.595,9.499,22.8,28.5,19.0
244,Washington Heights South,141,Lenox Hill West,8.444,9.848,9.756,23.4,29.3,19.5
244,Washington Heights South,142,Lincoln Square East,8.284,10.968,10.893,26.1,32.7,21.8
244,Washington Heights South,143,Lincoln Square West,8.278,11.228,11.159,26.8,33.5,22.3
244,Washington Heights South,144,Little Italy/NoLiTa,14.212,18.13,17.994,43.2,54.0,36.0
244,Washington Heights South,148,Lower East Side,14.259,17.835,17.694,42.5,53.1,35.4
244,Washington Heights South,151,Manhattan Valley,5.357,7.131,7.083,17.0,21.2,14.2
244,Washington Heights South,152,Manhattanville,2.835,3.687,3.66,8.8,11.0,7.3
244,Washington Heights South,153,Marble Hill,4.617,6.439,6.403,15.4,19.2,12.8
244,Washington Heights South,158,Meatpacking/West Village West,13.148,17.585,17.472,41.9,52.4,34.9
244,Washington Heights South,161,Midtown Center,9.785,12.374,12.277,29.5,36.8,24.6
244,Washington Heights South,162,Midtown East,9.796,12.069,11.968,28.7,35.9,23.9
244,Washington Heights South,163,Midtown North,9.109,11.653,11.565,27.8,34.7,23.1
244,Washington Heights South,164,Midtown South,10.982,14.057,13.952,33.5,41.9,27.9
244,Washington Heights South,166,Morningside Heights,3.972,5.311,5.275,12.7,15.8,10.6
244,Washington Heights South,170,Murray Hill,10.894,13.583,13.473,32.3,40.4,26.9
244,Washington Heights South,186,Penn Station/Madison Sq West,11.212,14.685,14.582,35.0,43.7,29.2
244,Washington Heights South,194,Randalls Island,5.807,7.057,7.097,17.0,21.3,14.2
244,Washington Heights South,202,Roosevelt Island,8.892,9.586,9.483,22.8,28.4,19.0
244,Washington Heights South,209,Seaport,15.639,20.015,19.867,47.7,59.6,39.7
244,Washington Heights South,211,SoHo,14.034,18.19,18.06,43.3,54.2,36.1
244,Washington Heights South,224,Stuy Town/Peter Cooper Village,12.56,15.189,15.059,36.1,45.2,30.1
244,Washington Heights South,229,Sutton Place/Turtle Bay North,9.647,11.451,11.348,27.2,34.0,22.7
244,Washington Heights South,230,Times Sq/Theatre District,9.785,12.728,12.636,30.3,37.9,25.3
244,Washington Heights South,231,TriBeCa/Civic Center,14.863,19.408,19.272,46.3,57.8,38.5
244,Washington Heights South,232,Two Bridges/Seward Park,14.532,17.633,17.483,42.0,52.4,35.0
244,Washington Heights South,233,UN/Turtle Bay South,10.484,12.658,12.548,30.1,37.6,25.1
244,Washington Heights South,234,Union Sq,11.995,15.422,15.308,36.7,45.9,30.6
244,Washington Heights South,236,Upper East Side North,6.931,8.128,8.053,19.3,24.2,16.1
244,Washington Heights South,237,Upper East Side South,8.371,10.173,10.086,24.2,30.3,20.2
244,Washington Heights South,238,Upper West Side North,6.162,8.241,8.186,19.6,24.6,16.4
244,Washington Heights South,239,Upper West Side South,7.141,9.575,9.512,22.8,28.5,19.0
244,Washington Heights South,243,Washington Heights North,1.856,2.438,2.42,5.8,7.3,4.8
244,Washington Heights South,244,Washington Heights South,0.0,0.0,0.0,0.0,0.0,0.0
244,Washington Heights South,246,West Chelsea/Hudson Yards,11.149,15.135,15.042,36.1,45.1,30.1
244,Washington Heights South,249,West Village,12.979,17.117,17.001,40.8,51.0,34.0
244,Washington Heights South,261,World Trade Center,15.915,20.803,20.659,49.6,62.0,41.3
244,Washington Heights South,262,Yorkville East,7.317,7.736,7.65,18.4,23.0,15.3
244,Washington Heights South,263,Yorkville West,7.037,7.804,7.724,18.5,23.2,15.4
246,West Chelsea/Hudson Yards,4,Alphabet City,3.999,5.58,5.576,13.4,16.7,11.2
246,West Chelsea/Hudson Yards,12,Battery Park,5.677,6.572,6.514,15.6,19.5,13.0
246,West Chelsea/Hudson Yards,13,Battery Park City,4.695,5.607,5.56,13.3,16.7,11.1
246,West Chelsea/Hudson Yards,24,Bloomingdale,6.307,8.677,8.629,20.7,25.9,17.3
246,West Chelsea/Hudson Yards,41,Central Harlem,7.205,10.145,10.099,24.2,30.3,20.2
246,West Chelsea/Hudson Yards,42,Central Harlem North,8.973,12.585,12.524,30.1,37.6,25.0
246,West Chelsea/Hudson Yards,43,Central Park,4.587,6.507,6.484,15.6,19.5,13.0
246,West Chelsea/Hudson Yards,45,Chinatown,4.563,5.033,5.076,12.2,15.2,10.2
246,West Chelsea/Hudson Yards,48,Clinton East,1.555,2.197,2.191,5.3,6.6,4.4
246,West Chelsea/Hudson Yards,50,Clinton West,1.62,2.19,2.177,5.2,6.5,4.4
246,West Chelsea/Hudson Yards,68,East Chelsea,0.643,0.89,0.89,2.1,2.7,1.8
246,West Chelsea/Hudson Yards,74,East Harlem North,7.741,10.979,10.943,26.3,32.8,21.9
246,West Chelsea/Hudson Yards,75,East Harlem South,6.388,9.026,9.001,21.6,27.0,18.0
246,West Chelsea/Hudson Yards,79,East Village,3.236,4.388,4.393,10.5,13.2,8.8
246,West Chelsea/Hudson Yards,87,Financial District North,5.172,5.457,5.401,13.0,16.2,10.8
246,West Chelsea/Hudson Yards,88,Financial District South,5.583,6.182,6.123,14.7,18.4,12.2
246,West Chelsea/Hudson Yards,90,Flatiron,1.362,1.823,1.826,4.4,5.5,3.7
246,West Chelsea/Hudson Yards,100,Garment District,1.286,1.317,1.323,3.2,4.0,2.6
246,West Chelsea/Hudson Yards,103,Governor's Island/Ellis Island/Liberty Island,7.862,10.551,10.489,25.2,31.5,21.0
246,West Chelsea/Hudson Yards,107,Gramercy,2.489,3.527,3.517,8.4,10.6,7.0
246,West Chelsea/Hudson Yards,113,Greenwich Village North,2.444,3.126,3.138,7.5,9.4,6.3
246,West Chelsea/Hudson Yards,114,Greenwich Village South,2.829,3.335,3.357,8.1,10.1,6.7
246,West Chelsea/Hudson Yards,116,Hamilton Heights,9.43,12.898,12.823,30.8,38.5,25.6
246,West Chelsea/Hudson Yards,120,Highbridge Park,12.096,16.639,16.543,39.7,49.6,33.1
246,West Chelsea/Hudson Yards,125,Hudson Sq,3.015,3.294,3.262,7.8,9.8,6.5
246,West Chelsea/Hudson Yards,127,Inwood,14.419,19.717,19.599,47.0,58.8,39.2
246,West Chelsea/Hudson Yards,128,Inwood Hill Park,14.832,19.987,19.858,47.7,59.6,39.7
246,West Chelsea/Hudson Yards,137,Kips Bay,2.729,3.768,3.742,9.0,11.2,7.5
246,West Chelsea/Hudson Yards,140,Lenox Hill East,4.375,5.54,5.544,13.3,16.6,11.1
246,West Chelsea/Hudson Yards,141,Lenox Hill West,4.042,5.286,5.286,12.7,15.9,10.6
246,West Chelsea/Hudson Yards,142,Lincoln Square East,2.949,4.167,4.15,10.0,12.4,8.3
246,West Chelsea/Hudson Yards,143,Lincoln Square West,2.871,3.906,3.884,9.3,11.7,7.8
246,West Chelsea/Hudson Yards,144,Little Italy/NoLiTa,3.65,4.202,4.232,10.2,12.7,8.5
246,West Chelsea/Hudson Yards,148,Lower East Side,3.974,4.93,4.954,11.9,14.9,9.9
246,West Chelsea/Hudson Yards,151,Manhattan Valley,5.809,8.003,7.96,19.1,23.9,15.9
246,West Chelsea/Hudson Yards,152,Manhattanville,8.339,11.448,11.383,27.3,34.1,22.8
246,West Chelsea/Hudson Yards,153,Marble Hill,15.746,21.574,21.445,51.5,64.3,42.9
246,West Chelsea/Hudson Yards,158,Meatpacking/West Village West,2.072,2.451,2.43,5.8,7.3,4.9
246,West Chelsea/Hudson Yards,161,Midtown Center,2.283,2.761,2.765,6.6,8.3,5.5
246,West Chelsea/Hudson Yards,162,Midtown East,2.7,3.066,3.074,7.4,9.2,6.1
246,West Chelsea/Hudson Yards,163,Midtown North,2.551,3.481,3.477,8.3,10.4,7.0
246,West Chelsea/Hudson Yards,164,Midtown South,1.677,2.129,2.105,5.1,6.3,4.2
246,West Chelsea/Hudson Yards,166,Morningside Heights,7.183,9.824,9.767,23.4,29.3,19.5
246,West Chelsea/Hudson Yards,170,Murray Hill,2.242,2.787,2.755,6.6,8.3,5.5
246,West Chelsea/Hudson Yards,186,Penn Station/Madison Sq West,1.114,1.518,1.506,3.6,4.5,3.0
246,West Chelsea/Hudson Yards,194,Randalls Island,7.904,10.934,10.916,26.2,32.7,21.8
246,West Chelsea/Hudson Yards,202,Roosevelt Island,4.664,5.549,5.559,13.3,16.7,11.1
246,West Chelsea/Hudson Yards,209,Seaport,4.912,4.94,4.996,12.0,15.0,10.0
246,West Chelsea/Hudson Yards,211,SoHo,3.274,3.476,3.51,8.4,10.5,7.0
246,West Chelsea/Hudson Yards,224,Stuy Town/Peter Cooper Village,3.325,4.716,4.701,11.3,14.1,9.4
246,West Chelsea/Hudson Yards,229,Sutton Place/Turtle Bay North,3.304,3.683,3.694,8.9,11.1,7.4
246,West Chelsea/Hudson Yards,230,Times Sq/Theatre District,1.823,2.407,2.406,5.8,7.2,4.8
246,West Chelsea/Hudson Yards,231,TriBeCa/Civic Center,3.96,4.273,4.23,10.2,12.7,8.5
246,West Chelsea/Hudson Yards,232,Two Bridges/Seward Park,4.636,6.066,6.083,14.6,18.3,12.2
246,West Chelsea/Hudson Yards,233,UN/Turtle Bay South,2.86,3.231,3.183,7.6,9.5,6.4
246,West Chelsea/Hudson Yards,234,Union Sq,1.84,2.592,2.588,6.2,7.8,5.2
246,West Chelsea/Hudson Yards,236,Upper East Side North,4.982,7.006,6.99,16.8,21.0,14.0
246,West Chelsea/Hudson Yards,237,Upper East Side South,3.659,4.961,4.957,11.9,14.9,9.9
246,West Chelsea/Hudson Yards,238,Upper West Side North,5.001,6.894,6.857,16.5,20.6,13.7
246,West Chelsea/Hudson Yards,239,Upper West Side South,4.022,5.56,5.53,13.3,16.6,11.1
246,West Chelsea/Hudson Yards,243,Washington Heights North,12.998,17.572,17.462,41.9,52.4,34.9
246,West Chelsea/Hudson Yards,244,Washington Heights South,11.149,15.135,15.042,36.1,45.1,30.1
246,West Chelsea/Hudson Yards,246,West Chelsea/Hudson Yards,0.0,0.0,0.0,0.0,0.0,0.0
246,West Chelsea/Hudson Yards,249,West Village,2.083,2.176,2.198,5.3,6.6,4.4
246,West Chelsea/Hudson Yards,261,World Trade Center,4.964,5.669,5.617,13.5,16.9,11.2
246,West Chelsea/Hudson Yards,262,Yorkville East,5.467,7.399,7.392,17.7,22.2,14.8
246,West Chelsea/Hudson Yards,263,Yorkville West,5.293,7.331,7.319,17.6,22.0,14.6
249,West Village,4,Alphabet City,2.497,3.404,3.378,8.1,10.1,6.8
249,West Village,12,Battery Park,3.672,4.589,4.555,10.9,13.7,9.1
249,West Village,13,Battery Park City,2.74,3.624,3.601,8.6,10.8,7.2
249,West Village,24,Bloomingdale,8.123,10.659,10.587,25.4,31.8,21.2
249,West Village,41,Central Harlem,8.887,12.128,12.058,28.9,36.2,24.1
249,West Village,42,Central Harlem North,10.67,14.567,14.483,34.8,43.4,29.0
249,West Village,43,Central Park,6.183,8.489,8.442,20.3,25.3,16.9
249,West Village,45,Chinatown,2.488,2.856,2.877,6.9,8.6,5.8
249,West Village,48,Clinton East,3.265,4.18,4.15,10.0,12.4,8.3
249,West Village,50,Clinton West,3.576,4.172,4.135,9.9,12.4,8.3
249,West Village,68,East Chelsea,1.558,1.789,1.773,4.3,5.3,3.5
249,West Village,74,East Harlem North,9.236,12.962,12.901,31.0,38.7,25.8
249,West Village,75,East Harlem South,7.821,11.009,10.96,26.3,32.9,21.9
249,West Village,79,East Village,1.626,2.212,2.195,5.3,6.6,4.4
249,West Village,87,Financial District North,3.108,3.475,3.442,8.3,10.3,6.9
249,West Village,88,Financial District South,3.543,4.2,4.164,10.0,12.5,8.3
249,West Village,90,Flatiron,0.99,1.357,1.349,3.2,4.0,2.7
249,West Village,100,Garment District,2.416,3.299,3.281,7.9,9.8,6.6
249,West Village,103,Governor's Island/Ellis Island/Liberty Island,6.124,8.569,8.531,20.5,25.6,17.1
249,West Village,107,Gramercy,1.609,1.849,1.854,4.5,5.6,3.7
249,West Village,113,Greenwich Village North,0.757,0.95,0.94,2.3,2.8,1.9
249,West Village,114,Greenwich Village South,0.834,1.159,1.159,2.8,3.5,2.3
249,West Village,116,Hamilton Heights,11.244,14.88,14.781,35.5,44.3,29.6
249,West Village,120,Highbridge Park,13.878,18.621,18.502,44.4,55.5,37.0
249,West Village,125,Hudson Sq,0.999,1.312,1.303,3.1,3.9,2.6
249,West Village,127,Inwood,16.217,21.7,21.557,51.7,64.7,43.1
249,West Village,128,Inwood Hill Park,16.675,21.969,21.817,52.4,65.5,43.6
249,West Village,137,Kips Bay,2.321,2.893,2.896,7.0,8.7,5.8
249,West Village,140,Lenox Hill East,5.32,7.522,7.502,18.0,22.5,15.0
249,West Village,141,Lenox Hill West,5.124,7.269,7.245,17.4,21.7,14.5
249,West Village,142,Lincoln Square East,4.697,6.149,6.108,14.7,18.3,12.2
249,West Village,143,Lincoln Square West,4.773,5.889,5.842,14.0,17.5,11.7
249,West Village,144,Little Italy/NoLiTa,1.601,2.026,2.034,4.9,6.1,4.1
249,West Village,148,Lower East Side,2.01,2.754,2.756,6.6,8.3,5.5
249,West Village,151,Manhattan Valley,7.625,9.986,9.918,23.8,29.8,19.8
249,West Village,152,Manhattanville,10.146,13.43,13.341,32.0,40.0,26.7
249,West Village,153,Marble Hill,17.534,23.557,23.404,56.2,70.2,46.8
249,West Village,158,Meatpacking/West Village West,0.519,0.57,0.562,1.3,1.7,1.1
249,West Village,161,Midtown Center,3.362,4.743,4.723,11.3,14.2,9.4
249,West Village,162,Midtown East,3.56,5.049,5.033,12.1,15.1,10.1
249,West Village,163,Midtown North,3.944,5.464,5.436,13.0,16.3,10.9
249,West Village,164,Midtown South,2.158,3.06,3.049,7.3,9.1,6.1
249,West Village,166,Morningside Heights,9.011,11.806,11.726,28.1,35.2,23.5
249,West Village,170,Murray Hill,2.526,3.534,3.528,8.5,10.6,7.1
249,West Village,186,Penn Station/Madison Sq West,1.78,2.432,2.419,5.8,7.3,4.8
249,West Village,194,Randalls Island,9.108,12.917,12.875,30.9,38.6,25.7
249,West Village,202,Roosevelt Island,5.402,7.531,7.518,18.0,22.6,15.0
249,West Village,209,Seaport,2.833,2.898,2.866,6.9,8.6,5.7
249,West Village,211,SoHo,1.192,1.3,1.312,3.1,3.9,2.6
249,West Village,224,Stuy Town/Peter Cooper Village,2.241,2.539,2.503,6.0,7.5,5.0
249,West Village,229,Sutton Place/Turtle Bay North,4.026,5.666,5.653,13.6,17.0,11.3
249,West Village,230,Times Sq/Theatre District,3.216,4.389,4.365,10.5,13.1,8.7
249,West Village,231,TriBeCa/Civic Center,1.913,2.291,2.272,5.5,6.8,4.5
249,West Village,232,Two Bridges/Seward Park,2.769,3.89,3.885,9.3,11.7,7.8
249,West Village,233,UN/Turtle Bay South,3.226,4.459,4.453,10.7,13.4,8.9
249,West Village,234,Union Sq,1.229,1.695,1.693,4.1,5.1,3.4
249,West Village,236,Upper East Side North,6.398,8.989,8.948,21.5,26.8,17.9
249,West Village,237,Upper East Side South,4.917,6.944,6.915,16.6,20.7,13.8
249,West Village,238,Upper West Side North,6.826,8.877,8.815,21.2,26.4,17.6
249,West Village,239,Upper West Side South,5.854,7.542,7.489,18.0,22.5,15.0
249,West Village,243,Washington Heights North,14.836,19.555,19.421,46.6,58.3,38.8
249,West Village,244,Washington Heights South,12.979,17.117,17.001,40.8,51.0,34.0
249,West Village,246,West Chelsea/Hudson Yards,2.083,2.176,2.198,5.3,6.6,4.4
249,West Village,249,West Village,0.0,0.0,0.0,0.0,0.0,0.0
249,West Village,261,World Trade Center,2.952,3.686,3.659,8.8,11.0,7.3
249,West Village,262,Yorkville East,6.614,9.382,9.351,22.4,28.1,18.7
249,West Village,263,Yorkville West,6.577,9.314,9.277,22.3,27.8,18.6
261,World Trade Center,4,Alphabet City,3.452,4.687,4.684,11.2,14.1,9.4
261,World Trade Center,12,Battery Park,0.72,0.903,0.897,2.2,2.7,1.8
261,World Trade Center,13,Battery Park City,0.413,0.582,0.581,1.4,1.7,1.2
261,World Trade Center,24,Bloomingdale,11.063,14.345,14.246,34.2,42.7,28.5
261,World Trade Center,41,Central Harlem,11.787,15.814,15.716,37.7,47.1,31.4
261,World Trade Center,42,Central Harlem North,13.567,18.254,18.141,43.5,54.4,36.3
261,World Trade Center,43,Central Park,9.078,12.176,12.101,29.0,36.3,24.2
261,World Trade Center,45,Chinatown,1.31,1.633,1.635,3.9,4.9,3.3
261,World Trade Center,48,Clinton East,6.215,7.866,7.808,18.7,23.4,15.6
261,World Trade Center,50,Clinton West,6.518,7.858,7.794,18.7,23.4,15.6
261,World Trade Center,68,East Chelsea,4.501,5.475,5.431,13.0,16.3,10.9
261,World Trade Center,74,East Harlem North,12.053,16.648,16.56,39.7,49.7,33.1
261,World Trade Center,75,East Harlem South,10.627,14.695,14.618,35.1,43.9,29.2
261,World Trade Center,79,East Village,3.074,4.354,4.342,10.4,13.0,8.7
261,World Trade Center,87,Financial District North,0.534,0.728,0.723,1.7,2.2,1.4
261,World Trade Center,88,Financial District South,0.654,0.77,0.775,1.9,2.3,1.5
261,World Trade Center,90,Flatiron,3.922,5.043,5.008,12.0,15.0,10.0
261,World Trade Center,100,Garment District,5.336,6.986,6.94,16.7,20.8,13.9
261,World Trade Center,103,Governor's Island/Ellis Island/Liberty Island,3.467,4.883,4.872,11.7,14.6,9.7
261,World Trade Center,107,Gramercy,3.93,5.536,5.513,13.2,16.5,11.0
261,World Trade Center,113,Greenwich Village North,3.046,4.193,4.171,10.0,12.5,8.3
261,World Trade Center,114,Greenwich Village South,2.509,3.461,3.443,8.3,10.3,6.9
261,World Trade Center,116,Hamilton Heights,14.177,18.567,18.44,44.3,55.3,36.9
261,World Trade Center,120,Highbridge Park,16.797,22.307,22.16,53.2,66.5,44.3
261,World Trade Center,125,Hudson Sq,1.961,2.374,2.355,5.7,7.1,4.7
261,World Trade Center,127,Inwood,19.139,25.386,25.216,60.5,75.6,50.4
261,World Trade Center,128,Inwood Hill Park,19.611,25.655,25.475,61.1,76.4,51.0
261,World Trade Center,137,Kips Bay,4.648,6.579,6.555,15.7,19.7,13.1
261,World Trade Center,140,Lenox Hill East,7.962,11.208,11.161,26.8,33.5,22.3
261,World Trade Center,141,Lenox Hill West,7.845,10.955,10.903,26.2,32.7,21.8
261,World Trade Center,142,Lincoln Square East,7.64,9.836,9.767,23.4,29.3,19.5
261,World Trade Center,143,Lincoln Square West,7.724,9.575,9.501,22.8,28.5,19.0
261,World Trade Center,144,Little Italy/NoLiTa,1.885,2.673,2.665,6.4,8.0,5.3
261,World Trade Center,148,Lower East Side,2.163,2.968,2.966,7.1,8.9,5.9
261,World Trade Center,151,Manhattan Valley,10.566,13.672,13.577,32.6,40.7,27.2
261,World Trade Center,152,Manhattanville,13.08,17.116,17.0,40.8,51.0,34.0
261,World Trade Center,153,Marble Hill,20.452,27.243,27.062,64.9,81.2,54.1
261,World Trade Center,158,Meatpacking/West Village West,2.896,3.218,3.187,7.6,9.6,6.4
261,World Trade Center,161,Midtown Center,6.195,8.429,8.382,20.1,25.1,16.8
261,World Trade Center,162,Midtown East,6.299,8.735,8.691,20.9,26.1,17.4
261,World Trade Center,163,Midtown North,6.831,9.15,9.094,21.8,27.3,18.2
261,World Trade Center,164,Midtown South,4.972,6.746,6.708,16.1,20.1,13.4
261,World Trade Center,166,Morningside Heights,11.952,15.492,15.384,36.9,46.2,30.8
261,World Trade Center,170,Murray Hill,5.186,7.221,7.186,17.2,21.6,14.4
261,World Trade Center,186,Penn Station/Madison Sq West,4.704,6.119,6.078,14.6,18.2,12.2
261,World Trade Center,194,Randalls Island,11.765,16.603,16.533,39.7,49.6,33.1
261,World Trade Center,202,Roosevelt Island,7.919,11.217,11.176,26.8,33.5,22.4
261,World Trade Center,209,Seaport,0.791,0.803,0.792,1.9,2.4,1.6
261,World Trade Center,211,SoHo,1.904,2.613,2.6,6.2,7.8,5.2
261,World Trade Center,224,Stuy Town/Peter Cooper Village,3.977,5.614,5.601,13.4,16.8,11.2
261,World Trade Center,229,Sutton Place/Turtle Bay North,6.655,9.352,9.311,22.3,27.9,18.6
261,World Trade Center,230,Times Sq/Theatre District,6.132,8.076,8.023,19.3,24.1,16.0
261,World Trade Center,231,TriBeCa/Civic Center,1.053,1.396,1.387,3.3,4.2,2.8
261,World Trade Center,232,Two Bridges/Seward Park,2.61,3.171,3.177,7.6,9.5,6.4
261,World Trade Center,233,UN/Turtle Bay South,5.783,8.145,8.111,19.5,24.3,16.2
261,World Trade Center,234,Union Sq,3.954,5.381,5.351,12.8,16.1,10.7
261,World Trade Center,236,Upper East Side North,9.223,12.675,12.607,30.3,37.8,25.2
261,World Trade Center,237,Upper East Side South,7.723,10.63,10.574,25.4,31.7,21.1
261,World Trade Center,238,Upper West Side North,9.771,12.563,12.474,29.9,37.4,24.9
261,World Trade Center,239,Upper West Side South,8.802,11.229,11.147,26.8,33.4,22.3
261,World Trade Center,243,Washington Heights North,17.772,23.241,23.079,55.4,69.2,46.2
261,World Trade Center,244,Washington Heights South,15.915,20.803,20.659,49.6,62.0,41.3
261,World Trade Center,246,West Chelsea/Hudson Yards,4.964,5.669,5.617,13.5,16.9,11.2
261,World Trade Center,249,West Village,2.952,3.686,3.659,8.8,11.0,7.3
261,World Trade Center,261,World Trade Center,0.0,0.0,0.0,0.0,0.0,0.0
261,World Trade Center,262,Yorkville East,9.305,13.068,13.009,31.2,39.0,26.0
261,World Trade Center,263,Yorkville West,9.339,13.0,12.936,31.0,38.8,25.9
262,Yorkville East,4,Alphabet City,6.34,8.381,8.326,20.0,25.0,16.7
262,Yorkville East,12,Battery Park,9.986,13.971,13.906,33.4,41.7,27.8
262,Yorkville East,13,Battery Park City,9.212,13.006,12.952,31.1,38.9,25.9
262,Yorkville East,24,Bloomingdale,3.305,4.503,4.506,10.8,13.5,9.0
262,Yorkville East,41,Central Harlem,3.18,3.559,3.589,8.6,10.8,7.2
262,Yorkville East,42,Central Harlem North,4.725,5.186,5.132,12.3,15.4,10.3
262,Yorkville East,43,Central Park,1.764,2.345,2.323,5.6,7.0,4.6
262,Yorkville East,45,Chinatown,8.289,11.435,11.374,27.3,34.1,22.7
262,Yorkville East,48,Clinton East,3.961,5.202,5.201,12.5,15.6,10.4
262,Yorkville East,50,Clinton West,4.244,5.209,5.215,12.5,15.6,10.4
262,Yorkville East,68,East Chelsea,5.447,7.593,7.578,18.2,22.7,15.2
262,Yorkville East,74,East Harlem North,2.907,3.58,3.55,8.5,10.7,7.1
262,Yorkville East,75,East Harlem South,1.565,1.627,1.609,3.9,4.8,3.2
262,Yorkville East,79,East Village,6.314,8.714,8.667,20.8,26.0,17.3
262,Yorkville East,87,Financial District North,9.244,12.857,12.793,30.7,38.4,25.6
262,Yorkville East,88,Financial District South,9.752,13.581,13.515,32.4,40.5,27.0
262,Yorkville East,90,Flatiron,5.668,8.025,8.001,19.2,24.0,16.0
262,Yorkville East,100,Garment District,4.352,6.082,6.07,14.6,18.2,12.1
262,Yorkville East,103,Governor's Island/Ellis Island/Liberty Island,12.688,17.95,17.882,42.9,53.6,35.8
262,Yorkville East,107,Gramercy,5.377,7.532,7.496,18.0,22.5,15.0
262,Yorkville East,113,Greenwich Village North,6.282,8.875,8.838,21.2,26.5,17.7
262,Yorkville East,114,Greenwich Village South,6.811,9.607,9.566,23.0,28.7,19.1
262,Yorkville East,116,Hamilton Heights,5.675,5.841,5.906,14.2,17.7,11.8
262,Yorkville East,120,Highbridge Park,7.975,9.24,9.151,22.0,27.5,18.3
262,Yorkville East,125,Hudson Sq,7.544,10.693,10.654,25.6,32.0,21.3
262,Yorkville East,127,Inwood,10.27,12.318,12.207,29.3,36.6,24.4
262,Yorkville East,128,Inwood Hill Park,10.872,12.587,12.466,29.9,37.4,24.9
262,Yorkville East,137,Kips Bay,4.685,6.488,6.454,15.5,19.4,12.9
262,Yorkville East,140,Lenox Hill East,1.352,1.859,1.849,4.4,5.5,3.7
262,Yorkville East,141,Lenox Hill West,1.491,2.113,2.106,5.1,6.3,4.2
262,Yorkville East,142,Lincoln Square East,2.968,3.232,3.243,7.8,9.7,6.5
262,Yorkville East,143,Lincoln Square West,3.473,3.5,3.509,8.4,10.5,7.0
262,Yorkville East,144,Little Italy/NoLiTa,7.449,10.395,10.344,24.8,31.0,20.7
262,Yorkville East,148,Lower East Side,7.356,10.099,10.044,24.1,30.1,20.1
262,Yorkville East,151,Manhattan Valley,3.054,4.286,4.28,10.3,12.8,8.6
262,Yorkville East,152,Manhattanville,4.709,5.285,5.329,12.8,16.0,10.7
262,Yorkville East,153,Marble Hill,11.52,14.175,14.053,33.7,42.2,28.1
262,Yorkville East,158,Meatpacking/West Village West,6.961,9.85,9.822,23.6,29.5,19.6
262,Yorkville East,161,Midtown Center,3.3,4.638,4.627,11.1,13.9,9.3
262,Yorkville East,162,Midtown East,3.054,4.333,4.318,10.4,13.0,8.6
262,Yorkville East,163,Midtown North,2.917,3.918,3.915,9.4,11.7,7.8
262,Yorkville East,164,Midtown South,4.458,6.322,6.301,15.1,18.9,12.6
262,Yorkville East,166,Morningside Heights,3.939,5.018,5.037,12.1,15.1,10.1
262,Yorkville East,170,Murray Hill,4.134,5.847,5.823,14.0,17.5,11.6
262,Yorkville East,186,Penn Station/Madison Sq West,4.932,6.949,6.932,16.6,20.8,13.9
262,Yorkville East,194,Randalls Island,2.494,3.535,3.524,8.5,10.6,7.0
262,Yorkville East,202,Roosevelt Island,1.585,1.85,1.833,4.4,5.5,3.7
262,Yorkville East,209,Seaport,8.856,12.28,12.217,29.3,36.7,24.4
262,Yorkville East,211,SoHo,7.416,10.454,10.409,25.0,31.2,20.8
262,Yorkville East,224,Stuy Town/Peter Cooper Village,5.518,7.454,7.409,17.8,22.2,14.8
262,Yorkville East,229,Sutton Place/Turtle Bay North,2.65,3.716,3.698,8.9,11.1,7.4
262,Yorkville East,230,Times Sq/Theatre District,3.651,4.992,4.986,12.0,15.0,10.0
262,Yorkville East,231,TriBeCa/Civic Center,8.281,11.672,11.622,27.9,34.9,23.2
262,Yorkville East,232,Two Bridges/Seward Park,7.463,9.897,9.833,23.6,29.5,19.7
262,Yorkville East,233,UN/Turtle Bay South,3.526,4.922,4.898,11.8,14.7,9.8
262,Yorkville East,234,Union Sq,5.422,7.687,7.658,18.4,23.0,15.3
262,Yorkville East,236,Upper East Side North,1.018,1.393,1.382,3.3,4.1,2.8
262,Yorkville East,237,Upper East Side South,1.807,2.438,2.436,5.8,7.3,4.9
262,Yorkville East,238,Upper West Side North,2.844,4.007,3.984,9.6,12.0,8.0
262,Yorkville East,239,Upper West Side South,2.854,3.622,3.58,8.6,10.7,7.2
262,Yorkville East,243,Washington Heights North,9.088,10.173,10.07,24.2,30.2,20.1
262,Yorkville East,244,Washington Heights South,7.317,7.736,7.65,18.4,23.0,15.3
262,Yorkville East,246,West Chelsea/Hudson Yards,5.467,7.399,7.392,17.7,22.2,14.8
262,Yorkville East,249,West Village,6.614,9.382,9.351,22.4,28.1,18.7
262,Yorkville East,261,World Trade Center,9.305,13.068,13.009,31.2,39.0,26.0
262,Yorkville East,262,Yorkville East,0.0,0.0,0.0,0.0,0.0,0.0
262,Yorkville East,263,Yorkville West,0.493,0.697,0.693,1.7,2.1,1.4
263,Yorkville West,4,Alphabet City,6.491,8.313,8.252,19.8,24.8,16.5
263,Yorkville West,12,Battery Park,10.031,13.903,13.833,33.2,41.5,27.7
263,Yorkville West,13,Battery Park City,9.226,12.938,12.879,30.9,38.6,25.8
263,Yorkville West,24,Bloomingdale,2.852,3.806,3.813,9.2,11.4,7.6
263,Yorkville West,41,Central Harlem,2.839,2.862,2.896,6.9,8.7,5.8
263,Yorkville West,42,Central Harlem North,4.47,5.254,5.205,12.5,15.6,10.4
263,Yorkville West,43,Central Park,1.295,1.648,1.63,3.9,4.9,3.3
263,Yorkville West,45,Chinatown,8.371,11.367,11.301,27.1,33.9,22.6
263,Yorkville West,48,Clinton East,3.757,5.134,5.127,12.3,15.4,10.3
263,Yorkville West,50,Clinton West,3.977,5.141,5.142,12.3,15.4,10.3
263,Yorkville West,68,East Chelsea,5.329,7.525,7.505,18.0,22.5,15.0
263,Yorkville West,74,East Harlem North,2.742,3.648,3.624,8.7,10.9,7.2
263,Yorkville West,75,East Harlem South,1.325,1.695,1.682,4.0,5.0,3.4
263,Yorkville West,79,East Village,6.4,8.646,8.594,20.6,25.8,17.2
263,Yorkville West,87,Financial District North,9.307,12.789,12.719,30.5,38.2,25.4
263,Yorkville West,88,Financial District South,9.81,13.513,13.441,32.3,40.3,26.9
263,Yorkville West,90,Flatiron,5.611,7.957,7.928,19.0,23.8,15.9
263,Yorkville West,100,Garment District,4.247,6.014,5.996,14.4,18.0,12.0
263,Yorkville West,103,Governor's Island/Ellis Island/Liberty Island,12.685,17.882,17.808,42.7,53.4,35.6
263,Yorkville West,107,Gramercy,5.429,7.464,7.423,17.8,22.3,14.8
263,Yorkville West,113,Greenwich Village North,6.299,8.807,8.764,21.0,26.3,17.5
263,Yorkville West,114,Greenwich Village South,6.833,9.539,9.492,22.8,28.5,19.0
263,Yorkville West,116,Hamilton Heights,5.362,5.567,5.504,13.2,16.5,11.0
263,Yorkville West,120,Highbridge Park,7.743,9.307,9.224,22.1,27.7,18.4
263,Yorkville West,125,Hudson Sq,7.53,10.625,10.58,25.4,31.7,21.2
263,Yorkville West,127,Inwood,10.058,12.386,12.28,29.5,36.8,24.6
263,Yorkville West,128,Inwood Hill Park,10.636,12.655,12.54,30.1,37.6,25.1
263,Yorkville West,137,Kips Bay,4.769,6.42,6.381,15.3,19.1,12.8
263,Yorkville West,140,Lenox Hill East,1.508,1.791,1.775,4.3,5.3,3.6
263,Yorkville West,141,Lenox Hill West,1.501,2.045,2.033,4.9,6.1,4.1
263,Yorkville West,142,Lincoln Square East,2.639,3.164,3.169,7.6,9.5,6.3
263,Yorkville West,143,Lincoln Square West,3.108,3.425,3.435,8.2,10.3,6.9
263,Yorkville West,144,Little Italy/NoLiTa,7.506,10.327,10.271,24.6,30.8,20.5
263,Yorkville West,148,Lower East Side,7.449,10.031,9.97,23.9,29.9,19.9
263,Yorkville West,151,Manhattan Valley,2.577,3.589,3.587,8.6,10.8,7.2
263,Yorkville West,152,Manhattanville,4.36,4.588,4.636,11.1,13.9,9.3
263,Yorkville West,153,Marble Hill,11.325,14.243,14.127,33.9,42.4,28.3
263,Yorkville West,158,Meatpacking/West Village West,6.896,9.782,9.749,23.4,29.2,19.5
263,Yorkville West,161,Midtown Center,3.222,4.57,4.554,10.9,13.7,9.1
263,Yorkville West,162,Midtown East,3.043,4.265,4.245,10.2,12.7,8.5
263,Yorkville West,163,Midtown North,2.75,3.85,3.841,9.2,11.5,7.7
263,Yorkville West,164,Midtown South,4.422,6.254,6.228,14.9,18.7,12.5
263,Yorkville West,166,Morningside Heights,3.527,4.321,4.344,10.4,13.0,8.7
263,Yorkville West,170,Murray Hill,4.153,5.779,5.75,13.8,17.2,11.5
263,Yorkville West,186,Penn Station/Madison Sq West,4.851,6.881,6.858,16.5,20.6,13.7
263,Yorkville West,194,Randalls Island,2.611,3.603,3.597,8.6,10.8,7.2
263,Yorkville West,202,Roosevelt Island,1.875,1.962,1.983,4.8,5.9,4.0
263,Yorkville West,209,Seaport,8.926,12.212,12.144,29.1,36.4,24.3
263,Yorkville West,211,SoHo,7.44,10.386,10.336,24.8,31.0,20.7
263,Yorkville West,224,Stuy Town/Peter Cooper Village,5.643,7.386,7.335,17.6,22.0,14.7
263,Yorkville West,229,Sutton Place/Turtle Bay North,2.723,3.648,3.624,8.7,10.9,7.2
263,Yorkville West,230,Times Sq/Theatre District,3.504,4.924,4.912,11.8,14.7,9.8
263,Yorkville West,231,TriBeCa/Civic Center,8.303,11.604,11.549,27.7,34.6,23.1
263,Yorkville West,232,Two Bridges/Seward Park,7.608,9.829,9.759,23.4,29.3,19.5
263,Yorkville West,233,UN/Turtle Bay South,3.6,4.854,4.824,11.6,14.5,9.6
263,Yorkville West,234,Union Sq,5.414,7.619,7.585,18.2,22.8,15.2
263,Yorkville West,236,Upper East Side North,0.54,0.696,0.688,1.7,2.1,1.4
263,Yorkville West,237,Upper East Side South,1.672,2.37,2.362,5.7,7.1,4.7
263,Yorkville West,238,Upper West Side North,2.351,3.31,3.291,7.9,9.9,6.6
263,Yorkville West,239,Upper West Side South,2.402,2.925,2.887,6.9,8.7,5.8
263,Yorkville West,243,Washington Heights North,8.834,10.241,10.143,24.3,30.4,20.3
263,Yorkville West,244,Washington Heights South,7.037,7.804,7.724,18.5,23.2,15.4
263,Yorkville West,246,West Chelsea/Hudson Yards,5.293,7.331,7.319,17.6,22.0,14.6
263,Yorkville West,249,West Village,6.577,9.314,9.277,22.3,27.8,18.6
263,Yorkville West,261,World Trade Center,9.339,13.0,12.936,31.0,38.8,25.9
263,Yorkville West,262,Yorkville East,0.493,0.697,0.693,1.7,2.1,1.4
263,Yorkville West,263,Yorkville West,0.0,0.0,0.0,0.0,0.0,0.0
